{
	"credit": "Made with Blockbench",
	"textures": {
		"0": "item/gun/metal"
	},
	"elements": [
		{
			"from": [7, 6, 4],
			"to": [9, 10, 16],
			"rotation": {"angle": 0, "axis": "y", "origin": [0, -4, -4]},
			"faces": {
				"north": {"uv": [12, 5, 14, 9], "texture": "#0"},
				"east": {"uv": [0, 5, 12, 9], "texture": "#0"},
				"south": {"uv": [2, 5, 4, 9], "texture": "#0"},
				"west": {"uv": [4, 5, 16, 9], "texture": "#0"},
				"up": {"uv": [4, 0, 16, 2], "rotation": 90, "texture": "#0"},
				"down": {"uv": [4, 4, 16, 6], "rotation": 90, "texture": "#0"}
			}
		},
		{
			"from": [7, 4, 5],
			"to": [9, 6, 10],
			"rotation": {"angle": 0, "axis": "y", "origin": [0, -4, -4]},
			"faces": {
				"north": {"uv": [11, 7, 13, 9], "texture": "#0"},
				"east": {"uv": [6, 6, 11, 8], "texture": "#0"},
				"south": {"uv": [4, 6, 6, 8], "texture": "#0"},
				"west": {"uv": [6, 7, 11, 9], "texture": "#0"},
				"up": {"uv": [3, 2, 8, 4], "rotation": 90, "texture": "#0"},
				"down": {"uv": [3, 8, 8, 10], "rotation": 90, "texture": "#0"}
			}
		},
		{
			"from": [7.5, 12, 5],
			"to": [8.5, 12, 14],
			"rotation": {"angle": 0, "axis": "x", "origin": [1, -0.75, -7.65]},
			"faces": {
				"north": {"uv": [14, 5, 15, 6], "texture": "#0"},
				"east": {"uv": [4, 5, 13, 6], "texture": "#0"},
				"south": {"uv": [3, 6, 4, 7], "texture": "#0"},
				"west": {"uv": [4, 5, 13, 6], "texture": "#0"},
				"up": {"uv": [6, 1, 15, 2], "rotation": 90, "texture": "#0"},
				"down": {"uv": [7, 6, 16, 7], "rotation": 90, "texture": "#0"}
			}
		},
		{
			"from": [7.5, 10, 11],
			"to": [8.5, 12, 15],
			"rotation": {"angle": 0, "axis": "y", "origin": [1, -0.75, -7.65]},
			"faces": {
				"north": {"uv": [13, 6, 14, 8], "texture": "#0"},
				"east": {"uv": [9, 6, 13, 8], "texture": "#0"},
				"south": {"uv": [4, 6, 5, 8], "texture": "#0"},
				"west": {"uv": [5, 6, 9, 8], "texture": "#0"},
				"up": {"uv": [5, 2, 9, 3], "rotation": 90, "texture": "#0"},
				"down": {"uv": [3, 8, 7, 9], "rotation": 90, "texture": "#0"}
			}
		},
		{
			"from": [7, 10, 12],
			"to": [9, 12, 14],
			"rotation": {"angle": 0, "axis": "y", "origin": [1, -0.75, -7.65]},
			"faces": {
				"north": {"uv": [2, 6, 4, 8], "texture": "#0"},
				"east": {"uv": [12, 6, 14, 8], "texture": "#0"},
				"south": {"uv": [5, 6, 7, 8], "texture": "#0"},
				"west": {"uv": [8, 6, 10, 8], "texture": "#0"},
				"up": {"uv": [3, 3, 5, 5], "rotation": 90, "texture": "#0"},
				"down": {"uv": [3, 9, 5, 11], "rotation": 90, "texture": "#0"}
			}
		},
		{
			"from": [7.5, 10, 6],
			"to": [8.5, 11, 11],
			"rotation": {"angle": 0, "axis": "y", "origin": [1, -0.75, -7.65]},
			"faces": {
				"north": {"uv": [3, 6, 4, 7], "texture": "#0"},
				"east": {"uv": [7, 7, 12, 8], "texture": "#0"},
				"south": {"uv": [2, 6, 3, 7], "texture": "#0"},
				"west": {"uv": [4, 7, 9, 8], "texture": "#0"},
				"up": {"uv": [5, 2, 10, 3], "rotation": 90, "texture": "#0"},
				"down": {"uv": [5, 8, 10, 9], "rotation": 90, "texture": "#0"}
			}
		},
		{
			"from": [7.5, 10, 5],
			"to": [8.5, 12, 6],
			"rotation": {"angle": 0, "axis": "y", "origin": [1, -0.75, -7.65]},
			"faces": {
				"north": {"uv": [6, 6, 7, 8], "texture": "#0"},
				"east": {"uv": [5, 6, 6, 8], "texture": "#0"},
				"south": {"uv": [5, 6, 6, 8], "texture": "#0"},
				"west": {"uv": [6, 6, 7, 8], "texture": "#0"},
				"up": {"uv": [3, 5, 4, 6], "rotation": 90, "texture": "#0"},
				"down": {"uv": [2, 8, 3, 9], "rotation": 90, "texture": "#0"}
			}
		},
		{
			"from": [7.95, 12.25, 13.8],
			"to": [8.05, 12.425, 13.9],
			"rotation": {"angle": 0, "axis": "y", "origin": [8, 12.65, 13.8]},
			"faces": {
				"north": {"uv": [14, 5, 15, 6], "texture": "#0"},
				"east": {"uv": [4, 5, 13, 6], "texture": "#0"},
				"south": {"uv": [3, 6, 4, 7], "texture": "#0"},
				"west": {"uv": [4, 5, 13, 6], "texture": "#0"},
				"up": {"uv": [6, 1, 15, 2], "rotation": 90, "texture": "#0"},
				"down": {"uv": [7, 6, 16, 7], "rotation": 90, "texture": "#0"}
			}
		},
		{
			"from": [8.3, 12.35, 5],
			"to": [8.4, 12.95, 14],
			"rotation": {"angle": 0, "axis": "x", "origin": [1, -0.75, -7.65]},
			"faces": {
				"north": {"uv": [14, 5, 15, 6], "texture": "#0"},
				"east": {"uv": [4, 5, 13, 6], "texture": "#0"},
				"south": {"uv": [3, 6, 4, 7], "texture": "#0"},
				"west": {"uv": [4, 5, 13, 6], "texture": "#0"},
				"up": {"uv": [6, 1, 15, 2], "rotation": 90, "texture": "#0"},
				"down": {"uv": [7, 6, 16, 7], "rotation": 90, "texture": "#0"}
			}
		},
		{
			"from": [8.11945, 12.4909, 13.8],
			"to": [8.19445, 12.6709, 13.9],
			"rotation": {"angle": 0, "axis": "y", "origin": [8.29142, 12.75893, 13.8]},
			"faces": {
				"north": {"uv": [14, 5, 15, 6], "rotation": 180, "texture": "#0"},
				"east": {"uv": [4, 5, 13, 6], "rotation": 180, "texture": "#0"},
				"south": {"uv": [3, 6, 4, 7], "rotation": 180, "texture": "#0"},
				"west": {"uv": [4, 5, 13, 6], "rotation": 180, "texture": "#0"},
				"up": {"uv": [7, 6, 16, 7], "rotation": 270, "texture": "#0"},
				"down": {"uv": [6, 1, 15, 2], "rotation": 270, "texture": "#0"}
			}
		},
		{
			"from": [8.12197, 12.50303, 13.8],
			"to": [8.19697, 12.65303, 13.9],
			"rotation": {"angle": -45, "axis": "z", "origin": [8, 12.575, 13.8]},
			"faces": {
				"north": {"uv": [14, 5, 15, 6], "texture": "#0"},
				"east": {"uv": [4, 5, 13, 6], "texture": "#0"},
				"south": {"uv": [3, 6, 4, 7], "texture": "#0"},
				"west": {"uv": [4, 5, 13, 6], "texture": "#0"},
				"up": {"uv": [6, 1, 15, 2], "rotation": 90, "texture": "#0"},
				"down": {"uv": [7, 6, 16, 7], "rotation": 90, "texture": "#0"}
			}
		},
		{
			"from": [7.91161, 12.38483, 13.8],
			"to": [8.09161, 12.45983, 13.9],
			"rotation": {"angle": 0, "axis": "y", "origin": [7.78358, 12.5818, 13.8]},
			"faces": {
				"north": {"uv": [14, 5, 15, 6], "rotation": 270, "texture": "#0"},
				"east": {"uv": [6, 1, 15, 2], "rotation": 180, "texture": "#0"},
				"south": {"uv": [3, 6, 4, 7], "rotation": 90, "texture": "#0"},
				"west": {"uv": [7, 6, 16, 7], "rotation": 180, "texture": "#0"},
				"up": {"uv": [4, 5, 13, 6], "rotation": 90, "texture": "#0"},
				"down": {"uv": [4, 5, 13, 6], "rotation": 90, "texture": "#0"}
			}
		},
		{
			"from": [7.92197, 12.37803, 13.8],
			"to": [8.07197, 12.45303, 13.9],
			"rotation": {"angle": -45, "axis": "z", "origin": [8, 12.575, 13.8]},
			"faces": {
				"north": {"uv": [14, 5, 15, 6], "texture": "#0"},
				"east": {"uv": [4, 5, 13, 6], "texture": "#0"},
				"south": {"uv": [3, 6, 4, 7], "texture": "#0"},
				"west": {"uv": [4, 5, 13, 6], "texture": "#0"},
				"up": {"uv": [6, 1, 15, 2], "rotation": 90, "texture": "#0"},
				"down": {"uv": [7, 6, 16, 7], "rotation": 90, "texture": "#0"}
			}
		},
		{
			"from": [7.80555, 12.4909, 13.8],
			"to": [7.88055, 12.6709, 13.9],
			"rotation": {"angle": 0, "axis": "y", "origin": [8.00251, 12.78393, 13.8]},
			"faces": {
				"north": {"uv": [14, 5, 15, 6], "rotation": 180, "texture": "#0"},
				"east": {"uv": [4, 5, 13, 6], "rotation": 180, "texture": "#0"},
				"south": {"uv": [3, 6, 4, 7], "rotation": 180, "texture": "#0"},
				"west": {"uv": [4, 5, 13, 6], "rotation": 180, "texture": "#0"},
				"up": {"uv": [7, 6, 16, 7], "rotation": 270, "texture": "#0"},
				"down": {"uv": [6, 1, 15, 2], "rotation": 270, "texture": "#0"}
			}
		},
		{
			"from": [7.80074, 12.50607, 13.8],
			"to": [7.87574, 12.65607, 13.9],
			"rotation": {"angle": -45, "axis": "z", "origin": [7.99822, 12.58107, 13.85]},
			"faces": {
				"north": {"uv": [14, 5, 15, 6], "texture": "#0"},
				"east": {"uv": [4, 5, 13, 6], "texture": "#0"},
				"south": {"uv": [3, 6, 4, 7], "texture": "#0"},
				"west": {"uv": [4, 5, 13, 6], "texture": "#0"},
				"up": {"uv": [6, 1, 15, 2], "rotation": 90, "texture": "#0"},
				"down": {"uv": [7, 6, 16, 7], "rotation": 90, "texture": "#0"}
			}
		},
		{
			"from": [7.91161, 12.69874, 13.8],
			"to": [8.09161, 12.77374, 13.9],
			"rotation": {"angle": 0, "axis": "y", "origin": [7.80858, 12.87071, 13.8]},
			"faces": {
				"north": {"uv": [14, 5, 15, 6], "rotation": 270, "texture": "#0"},
				"east": {"uv": [6, 1, 15, 2], "rotation": 180, "texture": "#0"},
				"south": {"uv": [3, 6, 4, 7], "rotation": 90, "texture": "#0"},
				"west": {"uv": [7, 6, 16, 7], "rotation": 180, "texture": "#0"},
				"up": {"uv": [4, 5, 13, 6], "rotation": 90, "texture": "#0"},
				"down": {"uv": [4, 5, 13, 6], "rotation": 90, "texture": "#0"}
			}
		},
		{
			"from": [7.92197, 12.70303, 13.8],
			"to": [8.07197, 12.77803, 13.9],
			"rotation": {"angle": -45, "axis": "z", "origin": [8, 12.575, 13.8]},
			"faces": {
				"north": {"uv": [14, 5, 15, 6], "texture": "#0"},
				"east": {"uv": [4, 5, 13, 6], "texture": "#0"},
				"south": {"uv": [3, 6, 4, 7], "texture": "#0"},
				"west": {"uv": [4, 5, 13, 6], "texture": "#0"},
				"up": {"uv": [6, 1, 15, 2], "rotation": 90, "texture": "#0"},
				"down": {"uv": [7, 6, 16, 7], "rotation": 90, "texture": "#0"}
			}
		},
		{
			"from": [7.5, 12, 5],
			"to": [8.5, 12.35, 14],
			"rotation": {"angle": 0, "axis": "x", "origin": [1, -0.75, -7.65]},
			"faces": {
				"north": {"uv": [14, 5, 15, 6], "texture": "#0"},
				"east": {"uv": [4, 5, 13, 6], "texture": "#0"},
				"south": {"uv": [3, 6, 4, 7], "texture": "#0"},
				"west": {"uv": [4, 5, 13, 6], "texture": "#0"},
				"up": {"uv": [6, 1, 15, 2], "rotation": 90, "texture": "#0"},
				"down": {"uv": [7, 6, 16, 7], "rotation": 90, "texture": "#0"}
			}
		},
		{
			"from": [7.6, 12.35, 5],
			"to": [7.7, 12.95, 14],
			"rotation": {"angle": 0, "axis": "x", "origin": [1, -0.75, -7.65]},
			"faces": {
				"north": {"uv": [14, 5, 15, 6], "texture": "#0"},
				"east": {"uv": [4, 5, 13, 6], "texture": "#0"},
				"south": {"uv": [3, 6, 4, 7], "texture": "#0"},
				"west": {"uv": [4, 5, 13, 6], "texture": "#0"},
				"up": {"uv": [6, 1, 15, 2], "rotation": 90, "texture": "#0"},
				"down": {"uv": [7, 6, 16, 7], "rotation": 90, "texture": "#0"}
			}
		},
		{
			"from": [8.01, 11.95, 5],
			"to": [8.01, 12.95, 14],
			"rotation": {"angle": 0, "axis": "y", "origin": [0, -4, -4]},
			"faces": {
				"north": {"uv": [0, 0, 0, 1], "texture": "#0"},
				"east": {"uv": [1, 6, 10, 7], "texture": "#0"},
				"south": {"uv": [3, 0, 3, 1], "texture": "#0"},
				"west": {"uv": [1, 6, 10, 7], "texture": "#0"},
				"up": {"uv": [-3, 0, -1, 0.2], "rotation": 90, "texture": "#0"},
				"down": {"uv": [-2, 0, -1, 1], "rotation": 90, "texture": "#0"}
			}
		},
		{
			"from": [7.5, 6, 21],
			"to": [8.5, 8, 27],
			"rotation": {"angle": 0, "axis": "y", "origin": [0.5, -4, -4]},
			"faces": {
				"north": {"uv": [10, 6, 11, 8], "texture": "#0"},
				"east": {"uv": [4, 7, 10, 9], "texture": "#0"},
				"south": {"uv": [3, 6, 4, 8], "texture": "#0"},
				"west": {"uv": [4, 5, 10, 7], "texture": "#0"},
				"up": {"uv": [5, 0, 11, 1], "rotation": 90, "texture": "#0"},
				"down": {"uv": [3, 10, 9, 11], "rotation": 90, "texture": "#0"}
			}
		},
		{
			"from": [7.5, 3, 25],
			"to": [8.5, 6, 27],
			"rotation": {"angle": 0, "axis": "y", "origin": [0.5, -4, -4]},
			"faces": {
				"north": {"uv": [11, 6, 12, 9], "texture": "#0"},
				"east": {"uv": [12, 7, 14, 10], "texture": "#0"},
				"south": {"uv": [10, 6, 11, 9], "texture": "#0"},
				"west": {"uv": [9, 7, 11, 10], "texture": "#0"},
				"up": {"uv": [7, 3, 9, 4], "rotation": 90, "texture": "#0"},
				"down": {"uv": [6, 9, 8, 10], "rotation": 90, "texture": "#0"}
			}
		},
		{
			"from": [7, 3, 27],
			"to": [9, 8, 28],
			"rotation": {"angle": 0, "axis": "y", "origin": [0.5, -4, -4]},
			"faces": {
				"north": {"uv": [10, 5, 12, 10], "texture": "#0"},
				"east": {"uv": [12, 5, 13, 10], "texture": "#0"},
				"south": {"uv": [8, 5, 10, 10], "texture": "#0"},
				"west": {"uv": [7, 5, 8, 10], "texture": "#0"},
				"up": {"uv": [5, 4, 6, 6], "rotation": 90, "texture": "#0"},
				"down": {"uv": [7, 10, 8, 12], "rotation": 90, "texture": "#0"}
			}
		},
		{
			"from": [7.51, -3.23781, 22.40997],
			"to": [8.51, 0.76219, 24.40997],
			"rotation": {"angle": -22.5, "axis": "x", "origin": [0.5, 6.39159, 8.02519]},
			"faces": {
				"north": {"uv": [5, 5, 6, 9], "texture": "#0"},
				"east": {"uv": [10, 5, 12, 9], "texture": "#0"},
				"south": {"uv": [5, 5, 6, 9], "texture": "#0"},
				"west": {"uv": [10, 6, 12, 10], "texture": "#0"},
				"up": {"uv": [1, 2, 3, 3], "rotation": 90, "texture": "#0"},
				"down": {"uv": [3, 9, 5, 10], "rotation": 90, "texture": "#0"}
			}
		},
		{
			"from": [6.5, 7.9, 16],
			"to": [9.5, 9.9, 28],
			"rotation": {"angle": 0, "axis": "y", "origin": [0, -4, -4]},
			"faces": {
				"north": {"uv": [0, 5, 3, 7], "texture": "#0"},
				"east": {"uv": [4, 5, 16, 7], "texture": "#0"},
				"south": {"uv": [3, 5, 6, 7], "texture": "#0"},
				"west": {"uv": [4, 5, 16, 7], "texture": "#0"},
				"up": {"uv": [4, 0, 16, 3], "rotation": 90, "texture": "#0"},
				"down": {"uv": [4, 4, 16, 7], "rotation": 90, "texture": "#0"}
			}
		},
		{
			"from": [8.01, 12.45, -11],
			"to": [8.01, 13.45, -9],
			"rotation": {"angle": 0, "axis": "y", "origin": [0, -4, -4]},
			"faces": {
				"north": {"uv": [0, 0, 0, 1], "texture": "#0"},
				"east": {"uv": [1, 6, 3, 7], "texture": "#0"},
				"south": {"uv": [3, 0, 3, 1], "texture": "#0"},
				"west": {"uv": [1, 6, 3, 7], "texture": "#0"},
				"up": {"uv": [-3, 0, -1, 0.2], "rotation": 90, "texture": "#0"},
				"down": {"uv": [-2, 0, -1, 1], "rotation": 90, "texture": "#0"}
			}
		},
		{
			"from": [7.5, 12.45, -11],
			"to": [7.6, 13.45, -9],
			"rotation": {"angle": 0, "axis": "y", "origin": [0, -4, -4]},
			"faces": {
				"north": {"uv": [0, 0, 0.1, 1], "texture": "#0"},
				"east": {"uv": [0, 5, 2, 6], "texture": "#0"},
				"south": {"uv": [3, 0, 3.1, 1], "texture": "#0"},
				"west": {"uv": [0, 5, 2, 6], "texture": "#0"},
				"up": {"uv": [-3, 0, -1, 0.2], "rotation": 90, "texture": "#0"},
				"down": {"uv": [-2, 0, 0, 0.1], "rotation": 90, "texture": "#0"}
			}
		},
		{
			"from": [8.4, 12.45, -11],
			"to": [8.5, 13.45, -9],
			"rotation": {"angle": 0, "axis": "y", "origin": [0, -4, -4]},
			"faces": {
				"north": {"uv": [0, 0, 0.1, 1], "texture": "#0"},
				"east": {"uv": [0, 5, 2, 6], "texture": "#0"},
				"south": {"uv": [3, 0, 3.1, 1], "texture": "#0"},
				"west": {"uv": [0, 5, 2, 6], "texture": "#0"},
				"up": {"uv": [-3, 0, -1, 0.2], "rotation": 90, "texture": "#0"},
				"down": {"uv": [-2, 0, 0, 0.1], "rotation": 90, "texture": "#0"}
			}
		},
		{
			"from": [7.95, 12.45, -11],
			"to": [8.05, 12.95, -9],
			"rotation": {"angle": 0, "axis": "y", "origin": [0, -4, -4]},
			"faces": {
				"north": {"uv": [0, 0, 0.1, 0.5], "texture": "#0"},
				"east": {"uv": [0, 5, 2, 5.5], "texture": "#0"},
				"south": {"uv": [3, 0, 3.1, 0.5], "texture": "#0"},
				"west": {"uv": [0, 5, 2, 5.5], "texture": "#0"},
				"up": {"uv": [-3, 0, -1, 0.2], "rotation": 90, "texture": "#0"},
				"down": {"uv": [-2, 0, 0, 0.1], "rotation": 90, "texture": "#0"}
			}
		},
		{
			"from": [7.49, 8.45, -11],
			"to": [8.49, 12.45, -10],
			"rotation": {"angle": 0, "axis": "y", "origin": [0, -4, -4]},
			"faces": {
				"north": {"uv": [0, 0, 1, 4], "texture": "#0"},
				"east": {"uv": [1, 6, 5, 7], "rotation": 90, "texture": "#0"},
				"south": {"uv": [3, 0, 4, 4], "texture": "#0"},
				"west": {"uv": [1, 6, 5, 7], "rotation": 90, "texture": "#0"},
				"up": {"uv": [-3, 0, -1, 0.2], "rotation": 90, "texture": "#0"},
				"down": {"uv": [-2, 0, -1, 1], "rotation": 90, "texture": "#0"}
			}
		},
		{
			"from": [7.5, 11.45, -10],
			"to": [8.5, 12.45, -9],
			"rotation": {"angle": 0, "axis": "y", "origin": [-0.02, -4, -4.01]},
			"faces": {
				"north": {"uv": [0, 0, 1, 1], "texture": "#0"},
				"east": {"uv": [0, 5, 1, 6], "texture": "#0"},
				"south": {"uv": [3, 0, 4, 1], "texture": "#0"},
				"west": {"uv": [0, 5, 1, 6], "texture": "#0"},
				"up": {"uv": [-3, 0, -1, 0.2], "rotation": 90, "texture": "#0"},
				"down": {"uv": [-2, 0, -1, 1], "rotation": 90, "texture": "#0"}
			}
		},
		{
			"from": [7.5, 8.12347, -8.74158],
			"to": [8.5, 12.12347, -7.74158],
			"rotation": {"angle": -22.5, "axis": "x", "origin": [7.975, 9.12347, -9.19158]},
			"faces": {
				"north": {"uv": [0, 0, 1, 4], "texture": "#0"},
				"east": {"uv": [0, 5, 1, 9], "texture": "#0"},
				"south": {"uv": [3, 0, 4, 4], "texture": "#0"},
				"west": {"uv": [0, 5, 1, 9], "texture": "#0"},
				"up": {"uv": [-3, 0, -1, 0.2], "rotation": 90, "texture": "#0"},
				"down": {"uv": [-2, 0, -1, 1], "rotation": 90, "texture": "#0"}
			}
		},
		{
			"from": [7.51, 8.45, -11],
			"to": [8.51, 12.45, -10],
			"rotation": {"angle": 0, "axis": "y", "origin": [0, -4, -4]},
			"faces": {
				"north": {"uv": [0, 0, 1, 4], "texture": "#0"},
				"east": {"uv": [1, 6, 5, 7], "rotation": 90, "texture": "#0"},
				"south": {"uv": [3, 0, 4, 4], "texture": "#0"},
				"west": {"uv": [1, 6, 5, 7], "rotation": 90, "texture": "#0"},
				"up": {"uv": [-3, 0, -1, 0.2], "rotation": 90, "texture": "#0"},
				"down": {"uv": [-2, 0, -1, 1], "rotation": 90, "texture": "#0"}
			}
		},
		{
			"from": [7.49, 8.45, -11],
			"to": [8.49, 12.45, -10],
			"rotation": {"angle": 0, "axis": "y", "origin": [0, -4, -4]},
			"faces": {
				"north": {"uv": [0, 0, 1, 4], "texture": "#0"},
				"east": {"uv": [1, 6, 5, 7], "rotation": 90, "texture": "#0"},
				"south": {"uv": [3, 0, 4, 4], "texture": "#0"},
				"west": {"uv": [1, 6, 5, 7], "rotation": 90, "texture": "#0"},
				"up": {"uv": [-3, 0, -1, 0.2], "rotation": 90, "texture": "#0"},
				"down": {"uv": [-2, 0, -1, 1], "rotation": 90, "texture": "#0"}
			}
		},
		{
			"from": [7.5, 8.12347, -8.74158],
			"to": [8.5, 12.12347, -7.74158],
			"rotation": {"angle": -22.5, "axis": "x", "origin": [7.975, 9.12347, -9.19158]},
			"faces": {
				"north": {"uv": [0, 0, 1, 4], "texture": "#0"},
				"east": {"uv": [0, 5, 1, 9], "texture": "#0"},
				"south": {"uv": [3, 0, 4, 4], "texture": "#0"},
				"west": {"uv": [0, 5, 1, 9], "texture": "#0"},
				"up": {"uv": [-3, 0, -1, 0.2], "rotation": 90, "texture": "#0"},
				"down": {"uv": [-2, 0, -1, 1], "rotation": 90, "texture": "#0"}
			}
		},
		{
			"from": [7.5, 11.45, -10],
			"to": [8.5, 12.45, -9],
			"rotation": {"angle": 0, "axis": "y", "origin": [-0.02, -4, -4.01]},
			"faces": {
				"north": {"uv": [0, 0, 1, 1], "texture": "#0"},
				"east": {"uv": [0, 5, 1, 6], "texture": "#0"},
				"south": {"uv": [3, 0, 4, 1], "texture": "#0"},
				"west": {"uv": [0, 5, 1, 6], "texture": "#0"},
				"up": {"uv": [-3, 0, -1, 0.2], "rotation": 90, "texture": "#0"},
				"down": {"uv": [-2, 0, -1, 1], "rotation": 90, "texture": "#0"}
			}
		},
		{
			"from": [7.51, 8.45, -11],
			"to": [8.51, 12.45, -10],
			"rotation": {"angle": 0, "axis": "y", "origin": [0, -4, -4]},
			"faces": {
				"north": {"uv": [0, 0, 1, 4], "texture": "#0"},
				"east": {"uv": [1, 6, 5, 7], "rotation": 90, "texture": "#0"},
				"south": {"uv": [3, 0, 4, 4], "texture": "#0"},
				"west": {"uv": [1, 6, 5, 7], "rotation": 90, "texture": "#0"},
				"up": {"uv": [-3, 0, -1, 0.2], "rotation": 90, "texture": "#0"},
				"down": {"uv": [-2, 0, -1, 1], "rotation": 90, "texture": "#0"}
			}
		},
		{
			"from": [7.5, 8.25, -16],
			"to": [8.5, 9.25, 4],
			"rotation": {"angle": 0, "axis": "y", "origin": [0, -4, -4]},
			"faces": {
				"north": {"uv": [7, 14, 8, 15], "texture": "#0"},
				"east": {"uv": [0, 7, 16, 8], "rotation": 180, "texture": "#0"},
				"south": {"uv": [8, 15, 9, 16], "texture": "#0"},
				"west": {"uv": [0, 7, 16, 8], "texture": "#0"},
				"up": {"uv": [0, 0, 16, 1], "rotation": 90, "texture": "#0"},
				"down": {"uv": [0, 0, 16, 1], "rotation": 90, "texture": "#0"}
			}
		},
		{
			"from": [6.5, 7.25, -8.5],
			"to": [9.5, 10.25, 3.5],
			"rotation": {"angle": 0, "axis": "y", "origin": [0, -4, -4]},
			"faces": {
				"north": {"uv": [13, 5, 16, 8], "texture": "#0"},
				"east": {"uv": [3, 5, 15, 8], "texture": "#0"},
				"south": {"uv": [0, 5, 3, 8], "texture": "#0"},
				"west": {"uv": [3, 5, 15, 8], "texture": "#0"},
				"up": {"uv": [4, 0, 16, 3], "rotation": 90, "texture": "#0"},
				"down": {"uv": [4, 4, 16, 7], "rotation": 90, "texture": "#0"}
			}
		},
		{
			"from": [7.5, 8.25, -16],
			"to": [8.5, 9.25, 4],
			"rotation": {"angle": 0, "axis": "y", "origin": [0, -4, -4]},
			"faces": {
				"north": {"uv": [7, 14, 8, 15], "texture": "#0"},
				"east": {"uv": [0, 7, 16, 8], "rotation": 180, "texture": "#0"},
				"south": {"uv": [8, 15, 9, 16], "texture": "#0"},
				"west": {"uv": [0, 7, 16, 8], "texture": "#0"},
				"up": {"uv": [0, 0, 16, 1], "rotation": 90, "texture": "#0"},
				"down": {"uv": [0, 0, 16, 1], "rotation": 90, "texture": "#0"}
			}
		},
		{
			"from": [7.5, 2.50826, 3.06497],
			"to": [8.5, 7.50826, 7.06497],
			"rotation": {"angle": 22.5, "axis": "x", "origin": [0, -1.24174, -4.93503]},
			"faces": {
				"north": {"uv": [0, 0, 1, 5], "texture": "#0"},
				"east": {"uv": [0, 0, 4, 5], "texture": "#0"},
				"south": {"uv": [0, 0, 1, 5], "texture": "#0"},
				"west": {"uv": [0, 0, 4, 5], "texture": "#0"},
				"up": {"uv": [-4, 0, 0, 1], "rotation": 90, "texture": "#0"},
				"down": {"uv": [-4, 0, 0, 1], "rotation": 90, "texture": "#0"}
			}
		},
		{
			"from": [7.51, 2.25, 5.5],
			"to": [8.51, 4.25, 9.5],
			"rotation": {"angle": 0, "axis": "x", "origin": [0.5, -1.5, -6.15]},
			"faces": {
				"north": {"uv": [0, 0, 1, 2], "texture": "#0"},
				"east": {"uv": [0, 0, 4, 2], "texture": "#0"},
				"south": {"uv": [0, 0, 1, 2], "texture": "#0"},
				"west": {"uv": [0, 0, 4, 2], "texture": "#0"},
				"up": {"uv": [-4, 0, 0, 1], "rotation": 90, "texture": "#0"},
				"down": {"uv": [-4, 0, 0, 1], "rotation": 90, "texture": "#0"}
			}
		},
		{
			"from": [7, 4.75, 9.25],
			"to": [9, 4.75, 12.25],
			"rotation": {"angle": 0, "axis": "y", "origin": [0, -4, -4]},
			"faces": {
				"north": {"uv": [0, 0, 2, 0], "texture": "#0"},
				"east": {"uv": [0, 0, 3, 0], "texture": "#0"},
				"south": {"uv": [0, 0, 2, 0], "texture": "#0"},
				"west": {"uv": [0, 0, 3, 0], "texture": "#0"},
				"up": {"uv": [2, 5, 5, 7], "rotation": 90, "texture": "#0"},
				"down": {"uv": [2, 5, 5, 7], "rotation": 90, "texture": "#0"}
			}
		},
		{
			"from": [7.01, -6.5, 14.25],
			"to": [8.01, -0.5, 17.25],
			"rotation": {"angle": -22.5, "axis": "x", "origin": [0, -4, -4]},
			"faces": {
				"north": {"uv": [7, 4, 8, 10], "texture": "#0"},
				"east": {"uv": [7, 4, 10, 10], "texture": "#0"},
				"south": {"uv": [8, 4, 9, 10], "texture": "#0"},
				"west": {"uv": [7, 4, 10, 10], "texture": "#0"},
				"up": {"uv": [4, 3, 7, 4], "rotation": 90, "texture": "#0"},
				"down": {"uv": [3, 9, 6, 10], "rotation": 90, "texture": "#0"}
			}
		},
		{
			"from": [7.99, -6.5, 14.25],
			"to": [8.99, -0.5, 17.25],
			"rotation": {"angle": -22.5, "axis": "x", "origin": [0, -4, -4]},
			"faces": {
				"north": {"uv": [8, 4, 9, 10], "texture": "#0"},
				"east": {"uv": [7, 4, 10, 10], "texture": "#0"},
				"south": {"uv": [9, 4, 10, 10], "texture": "#0"},
				"west": {"uv": [7, 4, 10, 10], "texture": "#0"},
				"up": {"uv": [4, 2, 7, 3], "rotation": 90, "texture": "#0"},
				"down": {"uv": [3, 8, 6, 9], "rotation": 90, "texture": "#0"}
			}
		}
	],
	"gui_light": "front",
	"display": {
		"thirdperson_righthand": {
			"translation": [0, 2, 0],
			"scale": [0.5, 0.5, 0.5]
		},
		"thirdperson_lefthand": {
			"translation": [0, 2, 0],
			"scale": [0.5, 0.5, 0.5]
		},
		"firstperson_righthand": {
			"rotation": [0, -10, 0],
			"translation": [1.06, 13.35, 1.5]
		},
		"firstperson_lefthand": {
			"rotation": [0, -10, 0],
			"translation": [1.07, 13.35, 1.5]
		},
		"ground": {
			"rotation": [0, 0, 90],
			"scale": [0.5, 0.5, 0.5]
		},
		"gui": {
			"rotation": [90, 45, -90],
			"scale": [0.5, 0.5, 0.5]
		}
	},
	"groups": [
		{
			"name": "body",
			"origin": [0, -4, -4],
			"color": 0,
			"nbt": "{}",
			"children": [0, 1]
		},
		{
			"name": "sight@attach",
			"origin": [0, -4, -4],
			"color": 0,
			"nbt": "{}",
			"children": [
				{
					"name": "default@name",
					"origin": [1, -0.75, -7.65],
					"color": 0,
					"nbt": "{}",
					"children": [
						{
							"name": "base@state",
							"origin": [1, -0.75, -7.65],
							"color": 0,
							"nbt": "{}",
							"children": [2, 3, 4, 5, 6]
						},
						{
							"name": "peep@state",
							"origin": [1, -0.75, -7.65],
							"color": 0,
							"nbt": "{}",
							"children": [7, 8, 9, 10, 11, 12, 13, 14, 15, 16, 17, 18]
						},
						19
					]
				}
			]
		},
		{
			"name": "stock@attach",
			"origin": [0.5, 6.39159, 8.02519],
			"color": 0,
			"nbt": "{}",
			"children": [
				{
					"name": "default@name",
					"origin": [0, -4, -4],
					"color": 0,
					"nbt": "{}",
					"children": [20, 21, 22, 23, 24]
				}
			]
		},
		{
			"name": "barrel@attach",
			"origin": [0, -4, -4],
			"color": 0,
			"nbt": "{}",
			"children": [
				{
					"name": "default@name",
					"origin": [0, -4, -4],
					"color": 0,
					"nbt": "{}",
					"children": [
						25,
						{
							"name": "peep@state",
							"origin": [0, -4, -4],
							"color": 0,
							"nbt": "{}",
							"children": [26, 27, 28]
						},
						{
							"name": "base@state",
							"origin": [0, -4, -4],
							"color": 0,
							"nbt": "{}",
							"children": [29, 30, 31, 32, 33, 34, 35, 36, 37, 38, 39]
						}
					]
				}
			]
		},
		{
			"name": "underbarrel@attach",
			"origin": [8, 8, 8],
			"color": 0,
			"nbt": "{}",
			"children": [
				{
					"name": "default@name",
					"origin": [8, 8, 8],
					"color": 0,
					"nbt": "{}",
					"children": []
				}
			]
		},
		{
			"name": "magazine@attach",
			"origin": [0.5, -1.5, -6.15],
			"color": 0,
			"nbt": "{}",
			"children": [
				{
					"name": "default@name",
					"origin": [0.5, -1.5, -6.15],
					"color": 0,
					"nbt": "{}",
					"children": [40, 41]
				}
			]
		},
		{
			"name": "grip@attach",
			"origin": [0, -4, -4],
			"color": 0,
			"nbt": "{}",
			"children": [
				{
					"name": "default@name",
					"origin": [0, -4, -4],
					"color": 0,
					"nbt": "{}",
					"children": [42, 43, 44]
				}
			]
		}
	]
}