{
    "hip": {
        "gui_light": "front",
        "display": {
            "thirdperson_righthand": {
                "translation": [
                    0,
                    1.5,
                    -2.5
                ],
                "scale": [
                    0.5,
                    0.5,
                    0.5
                ]
            },
            "thirdperson_lefthand": {
                "translation": [
                    -0.5,
                    1.5,
                    -2.5
                ],
                "scale": [
                    0.5,
                    0.5,
                    0.5
                ]
            },
            "firstperson_righthand": {
                "rotation": [
                    0,
                    3.4,
                    0
                ],
                "translation": [
                    -3,
                    13,
                    -4.25
                ]
            },
            "firstperson_lefthand": {
                "rotation": [
                    0,
                    3.4,
                    0
                ],
                "translation": [
                    -3,
                    13,
                    -4.25
                ]
            },
            "ground": {
                "rotation": [
                    0,
                    0,
                    90
                ],
                "scale": [
                    0.5,
                    0.5,
                    0.5
                ]
            },
            "gui": {
                "rotation": [
                    90,
                    45,
                    -90
                ],
                "scale": [
                    0.5,
                    0.5,
                    0.5
                ]
            },
            "fixed": {
                "rotation": [
                    0,
                    -90,
                    0
                ]
            }
        }
    },
    "peep": {
        "default": {
            "gui_light": "front",
            "display": {
                "thirdperson_righthand": {
                    "translation": [
                        0,
                        1.5,
                        -2.5
                    ],
                    "scale": [
                        0.5,
                        0.5,
                        0.5
                    ]
                },
                "thirdperson_lefthand": {
                    "translation": [
                        -0.5,
                        1.5,
                        -2.5
                    ],
                    "scale": [
                        0.5,
                        0.5,
                        0.5
                    ]
                },
                "firstperson_righthand": {
                    "rotation": [
                        -0.5,
                        0,
                        0.25
                    ],
                    "translation": [
                        -8.94,
                        13.28,
                        1.75
                    ]
                },
                "firstperson_lefthand": {
                    "rotation": [
                        -0.5,
                        0,
                        0.25
                    ],
                    "translation": [
                        -8.93,
                        13.28,
                        1.75
                    ]
                },
                "ground": {
                    "rotation": [
                        0,
                        0,
                        90
                    ],
                    "scale": [
                        0.5,
                        0.5,
                        0.5
                    ]
                },
                "gui": {
                    "rotation": [
                        90,
                        45,
                        -90
                    ],
                    "scale": [
                        0.5,
                        0.5,
                        0.5
                    ]
                },
                "fixed": {
                    "rotation": [
                        0,
                        -90,
                        0
                    ]
                }
            }
        }
    },
    "run": {
        "gui_light": "front",
        "display": {
            "thirdperson_righthand": {
                "rotation": [
                    -27.42,
                    49.94,
                    25.79
                ],
                "translation": [
                    -3,
                    0.5,
                    0
                ],
                "scale": [
                    0.5,
                    0.5,
                    0.5
                ]
            },
            "thirdperson_lefthand": {
                "rotation": [
                    -27.42,
                    49.94,
                    25.79
                ],
                "translation": [
                    -3,
                    0.5,
                    -0.5
                ],
                "scale": [
                    0.5,
                    0.5,
                    0.5
                ]
            },
            "firstperson_righthand": {
                "rotation": [
                    -9.89,
                    60.16,
                    26.84
                ],
                "translation": [
                    -11.25,
                    1.5,
                    -0.25
                ]
            },
            "firstperson_lefthand": {
                "rotation": [
                    -9.89,
                    60.16,
                    26.84
                ],
                "translation": [
                    -11.25,
                    1.5,
                    -0.25
                ]
            },
            "ground": {
                "rotation": [
                    0,
                    0,
                    90
                ],
                "scale": [
                    0.5,
                    0.5,
                    0.5
                ]
            },
            "gui": {
                "rotation": [
                    90,
                    45,
                    -90
                ],
                "scale": [
                    0.5,
                    0.5,
                    0.5
                ]
            }
        }
    },
    "reload_1": {
        "gui_light": "front",
        "display": {
            "thirdperson_righthand": {
                "rotation": [
                    23,
                    57.57,
                    -40.65
                ],
                "translation": [
                    -2.5,
                    3.25,
                    -1.25
                ],
                "scale": [
                    0.5,
                    0.5,
                    0.5
                ]
            },
            "thirdperson_lefthand": {
                "rotation": [
                    23,
                    57.57,
                    -40.65
                ],
                "translation": [
                    -2.5,
                    3.25,
                    -1.25
                ],
                "scale": [
                    0.5,
                    0.5,
                    0.5
                ]
            },
            "firstperson_righthand": {
                "rotation": [
                    21.58,
                    13.97,
                    -12.39
                ],
                "translation": [
                    -4.19,
                    5.1,
                    -2
                ]
            },
            "firstperson_lefthand": {
                "rotation": [
                    21.58,
                    13.97,
                    -12.39
                ],
                "translation": [
                    -4.19,
                    5.1,
                    -2
                ]
            },
            "ground": {
                "rotation": [
                    0,
                    0,
                    90
                ],
                "scale": [
                    0.5,
                    0.5,
                    0.5
                ]
            },
            "gui": {
                "rotation": [
                    90,
                    45,
                    -90
                ],
                "scale": [
                    0.5,
                    0.5,
                    0.5
                ]
            }
        }
    },
    "reload_2": {
        "gui_light": "front",
        "display": {
            "thirdperson_righthand": {
                "rotation": [
                    23,
                    57.57,
                    -40.65
                ],
                "translation": [
                    -2.5,
                    3.25,
                    -1.25
                ],
                "scale": [
                    0.5,
                    0.5,
                    0.5
                ]
            },
            "thirdperson_lefthand": {
                "rotation": [
                    23,
                    57.57,
                    -40.65
                ],
                "translation": [
                    -2.5,
                    3.25,
                    -1.25
                ],
                "scale": [
                    0.5,
                    0.5,
                    0.5
                ]
            },
            "firstperson_righthand": {
                "rotation": [
                    21.58,
                    13.97,
                    -12.39
                ],
                "translation": [
                    -4.19,
                    5.1,
                    -2
                ]
            },
            "firstperson_lefthand": {
                "rotation": [
                    21.58,
                    13.97,
                    -12.39
                ],
                "translation": [
                    -4.19,
                    5.1,
                    -2
                ]
            },
            "ground": {
                "rotation": [
                    0,
                    0,
                    90
                ],
                "scale": [
                    0.5,
                    0.5,
                    0.5
                ]
            },
            "gui": {
                "rotation": [
                    90,
                    45,
                    -90
                ],
                "scale": [
                    0.5,
                    0.5,
                    0.5
                ]
            }
        }
    },
    "reload_3": {
        "gui_light": "front",
        "display": {
            "thirdperson_righthand": {
                "rotation": [
                    23,
                    57.57,
                    -40.65
                ],
                "translation": [
                    -2.5,
                    3.25,
                    -1.25
                ],
                "scale": [
                    0.5,
                    0.5,
                    0.5
                ]
            },
            "thirdperson_lefthand": {
                "rotation": [
                    23,
                    57.57,
                    -40.65
                ],
                "translation": [
                    -2.5,
                    3.25,
                    -1.25
                ],
                "scale": [
                    0.5,
                    0.5,
                    0.5
                ]
            },
            "firstperson_righthand": {
                "rotation": [
                    27.15,
                    19.53,
                    -39.47
                ],
                "translation": [
                    -4.19,
                    5.1,
                    -2
                ]
            },
            "firstperson_lefthand": {
                "rotation": [
                    27.15,
                    19.53,
                    -39.47
                ],
                "translation": [
                    -4.19,
                    5.1,
                    -2
                ]
            },
            "ground": {
                "rotation": [
                    0,
                    0,
                    90
                ],
                "scale": [
                    0.5,
                    0.5,
                    0.5
                ]
            },
            "gui": {
                "rotation": [
                    90,
                    45,
                    -90
                ],
                "scale": [
                    0.5,
                    0.5,
                    0.5
                ]
            }
        }
    },
    "reload_4": {
        "gui_light": "front",
        "display": {
            "thirdperson_righthand": {
                "rotation": [
                    23,
                    57.57,
                    -40.65
                ],
                "translation": [
                    -2.5,
                    3.25,
                    -1.25
                ],
                "scale": [
                    0.5,
                    0.5,
                    0.5
                ]
            },
            "thirdperson_lefthand": {
                "rotation": [
                    23,
                    57.57,
                    -40.65
                ],
                "translation": [
                    -2.5,
                    3.25,
                    -1.25
                ],
                "scale": [
                    0.5,
                    0.5,
                    0.5
                ]
            },
            "firstperson_righthand": {
                "rotation": [
                    27.15,
                    19.53,
                    -39.47
                ],
                "translation": [
                    -4.19,
                    5.1,
                    -2
                ]
            },
            "firstperson_lefthand": {
                "rotation": [
                    27.15,
                    19.53,
                    -39.47
                ],
                "translation": [
                    -4.19,
                    5.1,
                    -2
                ]
            },
            "ground": {
                "rotation": [
                    0,
                    0,
                    90
                ],
                "scale": [
                    0.5,
                    0.5,
                    0.5
                ]
            },
            "gui": {
                "rotation": [
                    90,
                    45,
                    -90
                ],
                "scale": [
                    0.5,
                    0.5,
                    0.5
                ]
            }
        }
    },
    "reload_5": {
        "gui_light": "front",
        "display": {
            "thirdperson_righthand": {
                "rotation": [
                    23,
                    57.57,
                    -40.65
                ],
                "translation": [
                    -2.5,
                    3.25,
                    -1.25
                ],
                "scale": [
                    0.5,
                    0.5,
                    0.5
                ]
            },
            "thirdperson_lefthand": {
                "rotation": [
                    23,
                    57.57,
                    -40.65
                ],
                "translation": [
                    -2.5,
                    3.25,
                    -1.25
                ],
                "scale": [
                    0.5,
                    0.5,
                    0.5
                ]
            },
            "firstperson_righthand": {
                "rotation": [
                    21.58,
                    13.97,
                    -12.39
                ],
                "translation": [
                    -4.19,
                    5.1,
                    -2
                ]
            },
            "firstperson_lefthand": {
                "rotation": [
                    21.58,
                    13.97,
                    -12.39
                ],
                "translation": [
                    -4.19,
                    5.1,
                    -2
                ]
            },
            "ground": {
                "rotation": [
                    0,
                    0,
                    90
                ],
                "scale": [
                    0.5,
                    0.5,
                    0.5
                ]
            },
            "gui": {
                "rotation": [
                    90,
                    45,
                    -90
                ],
                "scale": [
                    0.5,
                    0.5,
                    0.5
                ]
            }
        }
    }
}