{
	"credit": "Made with Blockbench",
	"texture_size": [4, 4],
	"textures": {
		"1": "item/gun/reddish_wood",
		"2": "item/gun/metal",
		"3": "item/gun/red",
		"4": "item/gun/gray_plastic",
		"particle": "item/gun/metal"
	},
	"elements": [
		{
			"from": [7.6275, 7.375, 7.5],
			"to": [8.1275, 8.125, 10.25],
			"rotation": {"angle": 0, "axis": "y", "origin": [6.125, 6, 6]},
			"faces": {
				"north": {"uv": [11, 7, 13, 10], "texture": "#2"},
				"east": {"uv": [0, 7, 11, 10], "texture": "#2"},
				"south": {"uv": [11, 7, 13, 10], "texture": "#2"},
				"west": {"uv": [0, 7, 11, 10], "texture": "#2"},
				"up": {"uv": [0, 4, 11, 6], "rotation": 90, "texture": "#2"},
				"down": {"uv": [0, 10, 11, 12], "rotation": 90, "texture": "#2"}
			}
		},
		{
			"from": [7.8725, 7.375, 7.5],
			"to": [8.3725, 8.125, 10.25],
			"rotation": {"angle": 0, "axis": "y", "origin": [6.125, 6, 6]},
			"faces": {
				"north": {"uv": [11, 7, 13, 10], "texture": "#2"},
				"east": {"uv": [0, 7, 11, 10], "texture": "#2"},
				"south": {"uv": [11, 7, 13, 10], "texture": "#2"},
				"west": {"uv": [0, 7, 11, 10], "texture": "#2"},
				"up": {"uv": [0, 4, 11, 6], "rotation": 90, "texture": "#2"},
				"down": {"uv": [0, 10, 11, 12], "rotation": 90, "texture": "#2"}
			}
		},
		{
			"from": [7.75, 8.125, 8],
			"to": [8.25, 8.375, 10.25],
			"rotation": {"angle": 0, "axis": "y", "origin": [6.125, 6, 6]},
			"faces": {
				"north": {"uv": [11, 6, 13, 7], "texture": "#2"},
				"east": {"uv": [0, 6, 9, 7], "texture": "#2"},
				"south": {"uv": [11, 6, 13, 7], "texture": "#2"},
				"west": {"uv": [0, 6, 9, 7], "texture": "#2"},
				"up": {"uv": [0, 4, 9, 6], "rotation": 90, "texture": "#2"},
				"down": {"uv": [0, 10, 9, 12], "rotation": 90, "texture": "#2"}
			}
		},
		{
			"from": [7.625, 8.125, 7.5],
			"to": [8.375, 8.375, 8],
			"rotation": {"angle": 0, "axis": "y", "origin": [6.125, 6, 6]},
			"faces": {
				"north": {"uv": [11, 6, 14, 7], "texture": "#2"},
				"east": {"uv": [0, 6, 2, 7], "texture": "#2"},
				"south": {"uv": [11, 6, 14, 7], "texture": "#2"},
				"west": {"uv": [0, 6, 2, 7], "texture": "#2"},
				"up": {"uv": [0, 4, 2, 7], "rotation": 90, "texture": "#2"},
				"down": {"uv": [0, 10, 2, 13], "rotation": 90, "texture": "#2"}
			}
		},
		{
			"from": [7.6275, 7.375, 10.25],
			"to": [8.1275, 8.125, 10.5],
			"rotation": {"angle": 0, "axis": "y", "origin": [6.125, 6, 6]},
			"faces": {
				"north": {"uv": [0, 10, 3, 13], "texture": "#2"},
				"east": {"uv": [0, 10, 1, 13], "texture": "#2"},
				"south": {"uv": [0, 10, 3, 13], "texture": "#2"},
				"west": {"uv": [0, 10, 1, 13], "texture": "#2"},
				"up": {"uv": [0, 9, 3, 10], "texture": "#2"},
				"down": {"uv": [0, 13, 3, 14], "texture": "#2"}
			}
		},
		{
			"from": [7.8725, 7.375, 10.25],
			"to": [8.3725, 8.125, 10.5],
			"rotation": {"angle": 0, "axis": "y", "origin": [6.125, 6, 6]},
			"faces": {
				"north": {"uv": [0, 10, 3, 13], "texture": "#2"},
				"east": {"uv": [0, 10, 1, 13], "texture": "#2"},
				"south": {"uv": [0, 10, 3, 13], "texture": "#2"},
				"west": {"uv": [0, 10, 1, 13], "texture": "#2"},
				"up": {"uv": [0, 9, 3, 10], "texture": "#2"},
				"down": {"uv": [0, 13, 3, 14], "texture": "#2"}
			}
		},
		{
			"from": [7.6875, 8.52573, 8.03484],
			"to": [7.9375, 8.65073, 8.15984],
			"rotation": {"angle": -45, "axis": "x", "origin": [8, 8.63823, 8.09734]},
			"faces": {
				"north": {"uv": [3, 8, 4, 8.5], "texture": "#2"},
				"east": {"uv": [3, 8, 3.5, 8.5], "texture": "#2"},
				"south": {"uv": [2, 7, 3, 7.5], "texture": "#2"},
				"west": {"uv": [4, 7, 4.5, 7.5], "texture": "#2"},
				"up": {"uv": [5, 6, 5.5, 7], "rotation": 90, "texture": "#2"},
				"down": {"uv": [3, 5, 3.5, 6], "rotation": 90, "texture": "#2"}
			}
		},
		{
			"from": [7.8125, 8.32573, 8.13484],
			"to": [8.1875, 8.45073, 8.25984],
			"rotation": {"angle": 45, "axis": "x", "origin": [8, 8.63823, 8.07234]},
			"faces": {
				"north": {"uv": [3, 8, 4.5, 8.5], "texture": "#2"},
				"east": {"uv": [3, 8, 3.5, 8.5], "texture": "#2"},
				"south": {"uv": [2, 7, 3.5, 7.5], "texture": "#2"},
				"west": {"uv": [4, 7, 4.5, 7.5], "texture": "#2"},
				"up": {"uv": [5, 6, 5.5, 7.5], "rotation": 90, "texture": "#2"},
				"down": {"uv": [3, 5, 3.5, 6.5], "rotation": 90, "texture": "#2"}
			}
		},
		{
			"from": [8.0625, 8.52573, 8.03484],
			"to": [8.3125, 8.65073, 8.15984],
			"rotation": {"angle": -45, "axis": "x", "origin": [8, 8.63823, 8.09734]},
			"faces": {
				"north": {"uv": [3, 8, 4, 8.5], "texture": "#2"},
				"east": {"uv": [3, 8, 3.5, 8.5], "texture": "#2"},
				"south": {"uv": [2, 7, 3, 7.5], "texture": "#2"},
				"west": {"uv": [4, 7, 4.5, 7.5], "texture": "#2"},
				"up": {"uv": [5, 6, 5.5, 7], "rotation": 90, "texture": "#2"},
				"down": {"uv": [3, 5, 3.5, 6], "rotation": 90, "texture": "#2"}
			}
		},
		{
			"from": [7.7375, 8.375, 7.5],
			"to": [8.2625, 8.625, 7.625],
			"rotation": {"angle": 0, "axis": "y", "origin": [6.125, 6, 6]},
			"faces": {
				"north": {"uv": [3, 8, 5.1, 9], "texture": "#2"},
				"east": {"uv": [3, 8, 3.5, 9], "texture": "#2"},
				"south": {"uv": [2, 7, 4.1, 8], "texture": "#2"},
				"west": {"uv": [4, 7, 4.5, 8], "texture": "#2"},
				"up": {"uv": [5, 6, 5.5, 8.1], "rotation": 90, "texture": "#2"},
				"down": {"uv": [3, 5, 3.5, 7.1], "rotation": 90, "texture": "#2"}
			}
		},
		{
			"from": [8.05, 8.5875, 7.625],
			"to": [8.175, 8.65, 8.4375],
			"rotation": {"angle": 0, "axis": "y", "origin": [6.125, 6.0875, 6]},
			"faces": {
				"north": {"uv": [3, 8, 3.5, 8.25], "texture": "#2"},
				"east": {"uv": [3, 8, 6.25, 8.25], "texture": "#2"},
				"south": {"uv": [2, 7, 2.5, 7.25], "texture": "#2"},
				"west": {"uv": [4, 7, 7.25, 7.25], "texture": "#2"},
				"up": {"uv": [5, 6, 8.25, 6.5], "rotation": 90, "texture": "#2"},
				"down": {"uv": [3, 5, 6.25, 5.5], "rotation": 90, "texture": "#2"}
			}
		},
		{
			"from": [7.825, 8.5875, 7.625],
			"to": [7.95, 8.65, 8.4375],
			"rotation": {"angle": 0, "axis": "y", "origin": [6.125, 6.0875, 6]},
			"faces": {
				"north": {"uv": [3, 8, 3.5, 8.25], "texture": "#2"},
				"east": {"uv": [3, 8, 6.25, 8.25], "texture": "#2"},
				"south": {"uv": [2, 7, 2.5, 7.25], "texture": "#2"},
				"west": {"uv": [4, 7, 7.25, 7.25], "texture": "#2"},
				"up": {"uv": [5, 6, 8.25, 6.5], "rotation": 90, "texture": "#2"},
				"down": {"uv": [3, 5, 6.25, 5.5], "rotation": 90, "texture": "#2"}
			}
		},
		{
			"from": [7.925, 8.5875, 7.625],
			"to": [8.075, 8.625, 8.4375],
			"rotation": {"angle": 0, "axis": "y", "origin": [6.125, 6.0875, 6]},
			"faces": {
				"north": {"uv": [3, 8, 3.6, 8.15], "texture": "#2"},
				"east": {"uv": [3, 8, 6.25, 8.15], "texture": "#2"},
				"south": {"uv": [2, 7, 2.6, 7.15], "texture": "#2"},
				"west": {"uv": [4, 7, 7.25, 7.15], "texture": "#2"},
				"up": {"uv": [5, 6, 8.25, 6.6], "rotation": 90, "texture": "#2"},
				"down": {"uv": [3, 5, 6.25, 5.6], "rotation": 90, "texture": "#2"}
			}
		},
		{
			"from": [7.75, 8.375, 7.625],
			"to": [7.8125, 8.5, 8.4375],
			"rotation": {"angle": 0, "axis": "y", "origin": [6.125, 6, 6]},
			"faces": {
				"north": {"uv": [3, 8, 3.25, 8.5], "texture": "#2"},
				"east": {"uv": [3, 8, 6.25, 8.5], "texture": "#2"},
				"south": {"uv": [2, 7, 2.25, 7.5], "texture": "#2"},
				"west": {"uv": [4, 7, 7.25, 7.5], "texture": "#2"},
				"up": {"uv": [5, 6, 8.25, 6.25], "rotation": 90, "texture": "#2"},
				"down": {"uv": [3, 5, 6.25, 5.25], "rotation": 90, "texture": "#2"}
			}
		},
		{
			"from": [8.1875, 8.375, 7.625],
			"to": [8.25, 8.5, 8.4375],
			"rotation": {"angle": 0, "axis": "y", "origin": [6.125, 6, 6]},
			"faces": {
				"north": {"uv": [3, 8, 3.25, 8.5], "texture": "#2"},
				"east": {"uv": [3, 8, 6.25, 8.5], "texture": "#2"},
				"south": {"uv": [2, 7, 2.25, 7.5], "texture": "#2"},
				"west": {"uv": [4, 7, 7.25, 7.5], "texture": "#2"},
				"up": {"uv": [5, 6, 8.25, 6.25], "rotation": 90, "texture": "#2"},
				"down": {"uv": [3, 5, 6.25, 5.25], "rotation": 90, "texture": "#2"}
			}
		},
		{
			"from": [7.75, 8.5, 7.625],
			"to": [7.8125, 8.6875, 8],
			"rotation": {"angle": 0, "axis": "y", "origin": [6.125, 6, 6]},
			"faces": {
				"north": {"uv": [3, 8, 3.25, 8.75], "texture": "#2"},
				"east": {"uv": [3, 8, 4.5, 8.75], "texture": "#2"},
				"south": {"uv": [2, 7, 2.25, 7.75], "texture": "#2"},
				"west": {"uv": [4, 7, 5.5, 7.75], "texture": "#2"},
				"up": {"uv": [5, 6, 6.5, 6.25], "rotation": 90, "texture": "#2"},
				"down": {"uv": [3, 5, 4.5, 5.25], "rotation": 90, "texture": "#2"}
			}
		},
		{
			"from": [8.1875, 8.5, 7.625],
			"to": [8.25, 8.6875, 8],
			"rotation": {"angle": 0, "axis": "y", "origin": [6.125, 6, 6]},
			"faces": {
				"north": {"uv": [3, 8, 3.25, 8.75], "texture": "#2"},
				"east": {"uv": [3, 8, 4.5, 8.75], "texture": "#2"},
				"south": {"uv": [2, 7, 2.25, 7.75], "texture": "#2"},
				"west": {"uv": [4, 7, 5.5, 7.75], "texture": "#2"},
				"up": {"uv": [5, 6, 6.5, 6.25], "rotation": 90, "texture": "#2"},
				"down": {"uv": [3, 5, 4.5, 5.25], "rotation": 90, "texture": "#2"}
			}
		},
		{
			"from": [7.725, 8.20625, 8.36875],
			"to": [7.95, 8.33125, 8.49375],
			"rotation": {"angle": -22.5, "axis": "x", "origin": [8, 8.3375, 7.5]},
			"faces": {
				"north": {"uv": [3, 8, 3.9, 8.5], "texture": "#2"},
				"east": {"uv": [3, 8, 3.5, 8.5], "texture": "#2"},
				"south": {"uv": [2, 7, 2.9, 7.5], "texture": "#2"},
				"west": {"uv": [4, 7, 4.5, 7.5], "texture": "#2"},
				"up": {"uv": [5, 6, 5.5, 6.9], "rotation": 90, "texture": "#2"},
				"down": {"uv": [3, 5, 3.5, 5.9], "rotation": 90, "texture": "#2"}
			}
		},
		{
			"from": [8.05, 8.20625, 8.36875],
			"to": [8.275, 8.33125, 8.49375],
			"rotation": {"angle": -22.5, "axis": "x", "origin": [8, 8.3375, 7.5]},
			"faces": {
				"north": {"uv": [3, 8, 3.9, 8.5], "texture": "#2"},
				"east": {"uv": [3, 8, 3.5, 8.5], "texture": "#2"},
				"south": {"uv": [2, 7, 2.9, 7.5], "texture": "#2"},
				"west": {"uv": [4, 7, 4.5, 7.5], "texture": "#2"},
				"up": {"uv": [5, 6, 5.5, 6.9], "rotation": 90, "texture": "#2"},
				"down": {"uv": [3, 5, 3.5, 5.9], "rotation": 90, "texture": "#2"}
			}
		},
		{
			"from": [7.875, 8.2065, 8.3685],
			"to": [8.125, 8.244, 8.4935],
			"rotation": {"angle": -22.5, "axis": "x", "origin": [8, 8.3375, 7.5]},
			"faces": {
				"north": {"uv": [3, 8, 4, 8.15], "texture": "#2"},
				"east": {"uv": [3, 8, 3.5, 8.15], "texture": "#2"},
				"south": {"uv": [2, 7, 3, 7.15], "texture": "#2"},
				"west": {"uv": [4, 7, 4.5, 7.15], "texture": "#2"},
				"up": {"uv": [5, 6, 5.5, 7], "rotation": 90, "texture": "#2"},
				"down": {"uv": [3, 5, 3.5, 6], "rotation": 90, "texture": "#2"}
			}
		},
		{
			"from": [7.625, 8.375, 7.5],
			"to": [8.375, 8.625, 8],
			"rotation": {"angle": 0, "axis": "y", "origin": [6.125, 6, 6]},
			"faces": {
				"north": {"uv": [11, 6, 14, 7], "texture": "#2"},
				"east": {"uv": [0, 6, 2, 7], "texture": "#2"},
				"south": {"uv": [11, 6, 14, 7], "texture": "#2"},
				"west": {"uv": [0, 6, 2, 7], "texture": "#2"},
				"up": {"uv": [0, 4, 2, 7], "rotation": 90, "texture": "#2"},
				"down": {"uv": [0, 10, 2, 13], "rotation": 90, "texture": "#2"}
			}
		},
		{
			"from": [7.75, 8.5, 8.9],
			"to": [8.25, 8.75, 9.9],
			"rotation": {"angle": 0, "axis": "y", "origin": [6.125, 6, 6]},
			"faces": {
				"north": {"uv": [14, 7, 16, 8], "texture": "#2"},
				"east": {"uv": [3, 7, 7, 8], "texture": "#2"},
				"south": {"uv": [14, 7, 16, 8], "texture": "#2"},
				"west": {"uv": [3, 7, 7, 8], "texture": "#2"},
				"up": {"uv": [3, 5, 7, 7], "rotation": 90, "texture": "#2"},
				"down": {"uv": [3, 11, 7, 13], "rotation": 90, "texture": "#2"}
			}
		},
		{
			"from": [7.75, 8.65, 8.9],
			"to": [8.25, 9.15, 8.9],
			"rotation": {"angle": 0, "axis": "y", "origin": [6.125, 6, 6]},
			"faces": {
				"north": {"uv": [14, 7, 16, 9], "texture": "#2"},
				"east": {"uv": [3, 7, 3, 9], "texture": "#2"},
				"south": {"uv": [14, 7, 16, 9], "texture": "#2"},
				"west": {"uv": [3, 7, 3, 9], "texture": "#2"},
				"up": {"uv": [3, 5, 3, 7], "rotation": 90, "texture": "#2"},
				"down": {"uv": [3, 11, 3, 13], "rotation": 90, "texture": "#2"}
			}
		},
		{
			"from": [7.75, 8.5, 8.4],
			"to": [8, 8.5, 10.4],
			"rotation": {"angle": 0, "axis": "y", "origin": [6.125, 6, 6]},
			"faces": {
				"north": {"uv": [14, 7, 15, 7], "texture": "#2"},
				"east": {"uv": [3, 7, 11, 7], "texture": "#2"},
				"south": {"uv": [14, 7, 15, 7], "texture": "#2"},
				"west": {"uv": [3, 7, 11, 7], "texture": "#2"},
				"up": {"uv": [3, 5, 11, 6], "rotation": 90, "texture": "#2"},
				"down": {"uv": [3, 11, 11, 12], "rotation": 90, "texture": "#2"}
			}
		},
		{
			"from": [7.53732, 8.4119, 9.9],
			"to": [7.78732, 8.4119, 10.15],
			"rotation": {"angle": 45, "axis": "z", "origin": [7.66232, 8.4119, 9.15]},
			"faces": {
				"north": {"uv": [14, 7, 15, 7], "texture": "#2"},
				"east": {"uv": [3, 7, 4, 7], "texture": "#2"},
				"south": {"uv": [14, 7, 15, 7], "texture": "#2"},
				"west": {"uv": [3, 7, 4, 7], "texture": "#2"},
				"up": {"uv": [3, 5, 4, 6], "rotation": 90, "texture": "#2"},
				"down": {"uv": [3, 11, 4, 12], "rotation": 90, "texture": "#2"}
			}
		},
		{
			"from": [7.53732, 8.4119, 8.9],
			"to": [7.78732, 8.4119, 9.15],
			"rotation": {"angle": 45, "axis": "z", "origin": [7.66232, 8.4119, 9.9]},
			"faces": {
				"north": {"uv": [14, 7, 15, 7], "texture": "#2"},
				"east": {"uv": [3, 7, 4, 7], "texture": "#2"},
				"south": {"uv": [14, 7, 15, 7], "texture": "#2"},
				"west": {"uv": [3, 7, 4, 7], "texture": "#2"},
				"up": {"uv": [3, 5, 4, 6], "rotation": 90, "texture": "#2"},
				"down": {"uv": [3, 11, 4, 12], "rotation": 90, "texture": "#2"}
			}
		},
		{
			"from": [7.52539, 8.08374, 9.9],
			"to": [7.52539, 8.33374, 10.15],
			"rotation": {"angle": -22.5, "axis": "z", "origin": [7.52539, 8.20874, 9.15]},
			"faces": {
				"north": {"uv": [14, 7, 15, 7], "rotation": 90, "texture": "#2"},
				"east": {"uv": [3, 11, 4, 12], "texture": "#2"},
				"south": {"uv": [14, 7, 15, 7], "rotation": 270, "texture": "#2"},
				"west": {"uv": [3, 5, 4, 6], "texture": "#2"},
				"up": {"uv": [3, 7, 4, 7], "rotation": 270, "texture": "#2"},
				"down": {"uv": [3, 7, 4, 7], "rotation": 270, "texture": "#2"}
			}
		},
		{
			"from": [7.52539, 8.08374, 8.9],
			"to": [7.52539, 8.33374, 9.15],
			"rotation": {"angle": -22.5, "axis": "z", "origin": [7.52539, 8.20874, 9.9]},
			"faces": {
				"north": {"uv": [14, 7, 15, 7], "rotation": 90, "texture": "#2"},
				"east": {"uv": [3, 11, 4, 12], "texture": "#2"},
				"south": {"uv": [14, 7, 15, 7], "rotation": 270, "texture": "#2"},
				"west": {"uv": [3, 5, 4, 6], "texture": "#2"},
				"up": {"uv": [3, 7, 4, 7], "rotation": 270, "texture": "#2"},
				"down": {"uv": [3, 7, 4, 7], "rotation": 270, "texture": "#2"}
			}
		},
		{
			"from": [7.47755, 7.84325, 8.9],
			"to": [7.72755, 8.09325, 10.15],
			"rotation": {"angle": 0, "axis": "z", "origin": [7.47755, 7.96825, 9.4]},
			"faces": {
				"north": {"uv": [14, 7, 15, 8], "rotation": 90, "texture": "#2"},
				"east": {"uv": [3, 11, 8, 12], "texture": "#2"},
				"south": {"uv": [14, 7, 15, 8], "rotation": 270, "texture": "#2"},
				"west": {"uv": [3, 5, 8, 6], "texture": "#2"},
				"up": {"uv": [3, 7, 8, 8], "rotation": 270, "texture": "#2"},
				"down": {"uv": [3, 7, 8, 8], "rotation": 270, "texture": "#2"}
			}
		},
		{
			"from": [7.47755, 7.34325, 8.9],
			"to": [7.72755, 7.59325, 10.15],
			"rotation": {"angle": 0, "axis": "z", "origin": [7.47755, 7.96825, 9.4]},
			"faces": {
				"north": {"uv": [14, 7, 15, 8], "rotation": 90, "texture": "#2"},
				"east": {"uv": [3, 11, 8, 12], "texture": "#2"},
				"south": {"uv": [14, 7, 15, 8], "rotation": 270, "texture": "#2"},
				"west": {"uv": [3, 5, 8, 6], "texture": "#2"},
				"up": {"uv": [3, 7, 8, 8], "rotation": 270, "texture": "#2"},
				"down": {"uv": [3, 7, 8, 8], "rotation": 270, "texture": "#2"}
			}
		},
		{
			"from": [7.47755, 7.59325, 8.9],
			"to": [7.72755, 7.84325, 9.15],
			"rotation": {"angle": 0, "axis": "z", "origin": [7.47755, 7.96825, 9.4]},
			"faces": {
				"north": {"uv": [14, 7, 15, 8], "rotation": 90, "texture": "#2"},
				"east": {"uv": [3, 11, 4, 12], "texture": "#2"},
				"south": {"uv": [14, 7, 15, 8], "rotation": 270, "texture": "#2"},
				"west": {"uv": [3, 5, 4, 6], "texture": "#2"},
				"up": {"uv": [3, 7, 4, 8], "rotation": 270, "texture": "#2"},
				"down": {"uv": [3, 7, 4, 8], "rotation": 270, "texture": "#2"}
			}
		},
		{
			"from": [7.47755, 7.59325, 9.9],
			"to": [7.72755, 7.84325, 10.15],
			"rotation": {"angle": 0, "axis": "z", "origin": [7.47755, 7.96825, 9.4]},
			"faces": {
				"north": {"uv": [14, 7, 15, 8], "rotation": 90, "texture": "#2"},
				"east": {"uv": [3, 11, 4, 12], "texture": "#2"},
				"south": {"uv": [14, 7, 15, 8], "rotation": 270, "texture": "#2"},
				"west": {"uv": [3, 5, 4, 6], "texture": "#2"},
				"up": {"uv": [3, 7, 4, 8], "rotation": 270, "texture": "#2"},
				"down": {"uv": [3, 7, 4, 8], "rotation": 270, "texture": "#2"}
			}
		},
		{
			"from": [8, 8.5, 8.4],
			"to": [8.25, 8.5, 10.4],
			"rotation": {"angle": 0, "axis": "y", "origin": [6.125, 6, 6]},
			"faces": {
				"north": {"uv": [14, 7, 15, 7], "texture": "#2"},
				"east": {"uv": [3, 7, 11, 7], "texture": "#2"},
				"south": {"uv": [14, 7, 15, 7], "texture": "#2"},
				"west": {"uv": [3, 7, 11, 7], "texture": "#2"},
				"up": {"uv": [3, 5, 11, 6], "rotation": 90, "texture": "#2"},
				"down": {"uv": [3, 11, 11, 12], "rotation": 90, "texture": "#2"}
			}
		},
		{
			"from": [7.75, 8.75, 8.9],
			"to": [7.825, 9.075, 8.975],
			"rotation": {"angle": 0, "axis": "y", "origin": [6.125, 6.075, 6]},
			"faces": {
				"north": {"uv": [2, 6, 2.3, 7], "texture": "#2"},
				"east": {"uv": [3, 7, 3.3, 8], "texture": "#2"},
				"south": {"uv": [2, 6, 2.3, 7], "texture": "#2"},
				"west": {"uv": [3, 7, 3.3, 8], "texture": "#2"},
				"up": {"uv": [3, 5, 3.3, 5.3], "rotation": 90, "texture": "#2"},
				"down": {"uv": [2, 6, 2.3, 6.3], "rotation": 90, "texture": "#2"}
			}
		},
		{
			"from": [7.79205, 9.02652, 8.9],
			"to": [7.86705, 9.20152, 8.975],
			"rotation": {"angle": -45, "axis": "z", "origin": [7.82955, 9.10152, 8.9375]},
			"faces": {
				"north": {"uv": [2, 6, 2.3, 6.7], "texture": "#2"},
				"east": {"uv": [3, 7, 3.3, 7.7], "texture": "#2"},
				"south": {"uv": [2, 6, 2.3, 6.7], "texture": "#2"},
				"west": {"uv": [3, 7, 3.3, 7.7], "texture": "#2"},
				"up": {"uv": [3, 5, 3.3, 5.3], "rotation": 90, "texture": "#2"},
				"down": {"uv": [2, 6, 2.3, 6.3], "rotation": 90, "texture": "#2"}
			}
		},
		{
			"from": [8.24205, 9.02652, 8.9],
			"to": [8.31705, 9.20152, 8.975],
			"rotation": {"angle": -45, "axis": "z", "origin": [7.82955, 9.10152, 8.9375]},
			"faces": {
				"north": {"uv": [2, 6, 2.3, 6.7], "texture": "#2"},
				"east": {"uv": [3, 7, 3.3, 7.7], "texture": "#2"},
				"south": {"uv": [2, 6, 2.3, 6.7], "texture": "#2"},
				"west": {"uv": [3, 7, 3.3, 7.7], "texture": "#2"},
				"up": {"uv": [3, 5, 3.3, 5.3], "rotation": 90, "texture": "#2"},
				"down": {"uv": [2, 6, 2.3, 6.3], "rotation": 90, "texture": "#2"}
			}
		},
		{
			"from": [8.12411, 9.02286, 8.9],
			"to": [8.19911, 9.19786, 8.975],
			"rotation": {"angle": 45, "axis": "z", "origin": [8.16161, 9.11036, 8.9375]},
			"faces": {
				"north": {"uv": [2, 6, 2.3, 6.7], "texture": "#2"},
				"east": {"uv": [3, 7, 3.3, 7.7], "texture": "#2"},
				"south": {"uv": [2, 6, 2.3, 6.7], "texture": "#2"},
				"west": {"uv": [3, 7, 3.3, 7.7], "texture": "#2"},
				"up": {"uv": [3, 5, 3.3, 5.3], "rotation": 90, "texture": "#2"},
				"down": {"uv": [2, 6, 2.3, 6.3], "rotation": 90, "texture": "#2"}
			}
		},
		{
			"from": [7.67411, 9.02286, 8.9],
			"to": [7.74911, 9.19786, 8.975],
			"rotation": {"angle": 45, "axis": "z", "origin": [8.16161, 9.11036, 8.9375]},
			"faces": {
				"north": {"uv": [2, 6, 2.3, 6.7], "texture": "#2"},
				"east": {"uv": [3, 7, 3.3, 7.7], "texture": "#2"},
				"south": {"uv": [2, 6, 2.3, 6.7], "texture": "#2"},
				"west": {"uv": [3, 7, 3.3, 7.7], "texture": "#2"},
				"up": {"uv": [3, 5, 3.3, 5.3], "rotation": 90, "texture": "#2"},
				"down": {"uv": [2, 6, 2.3, 6.3], "rotation": 90, "texture": "#2"}
			}
		},
		{
			"from": [7.87374, 9.12374, 8.9],
			"to": [8.12374, 9.19874, 8.975],
			"rotation": {"angle": 0, "axis": "y", "origin": [6.12374, 6.04874, 6]},
			"faces": {
				"north": {"uv": [2, 6, 3, 6.3], "texture": "#2"},
				"east": {"uv": [3, 7, 3.3, 7.3], "texture": "#2"},
				"south": {"uv": [2, 6, 3, 6.3], "texture": "#2"},
				"west": {"uv": [3, 7, 3.3, 7.3], "texture": "#2"},
				"up": {"uv": [3, 5, 3.3, 6], "rotation": 90, "texture": "#2"},
				"down": {"uv": [2, 6, 2.3, 7], "rotation": 90, "texture": "#2"}
			}
		},
		{
			"from": [7.975, 8.925, 3.976],
			"to": [8.025, 8.975, 3.976],
			"rotation": {"angle": 0, "axis": "y", "origin": [6.12374, 6.04874, 6]},
			"faces": {
				"north": {"uv": [11, 7, 11.2, 7.2], "texture": "#3"},
				"east": {"uv": [12, 8, 12, 8.2], "texture": "#3"},
				"south": {"uv": [11, 7, 11.2, 7.2], "texture": "#3"},
				"west": {"uv": [12, 8, 12, 8.2], "texture": "#3"},
				"up": {"uv": [12, 6, 12, 6.2], "rotation": 90, "texture": "#3"},
				"down": {"uv": [11, 7, 11, 7.2], "rotation": 90, "texture": "#3"}
			}
		},
		{
			"from": [7.95, 8.9, 3.975],
			"to": [8.05, 9, 3.975],
			"rotation": {"angle": 0, "axis": "z", "origin": [8, 8.95, 2.975]},
			"faces": {
				"north": {"uv": [2, 6, 2.2, 6.2], "texture": "#3"},
				"east": {"uv": [3, 7, 3, 7.2], "texture": "#3"},
				"south": {"uv": [2, 6, 2.2, 6.2], "texture": "#3"},
				"west": {"uv": [3, 7, 3, 7.2], "texture": "#3"},
				"up": {"uv": [3, 5, 3, 5.2], "rotation": 90, "texture": "#3"},
				"down": {"uv": [2, 6, 2, 6.2], "rotation": 90, "texture": "#3"}
			}
		},
		{
			"from": [7.79874, 8.69874, 8.9],
			"to": [8.19874, 8.77374, 8.975],
			"rotation": {"angle": 0, "axis": "y", "origin": [6.12374, 6.04874, 6]},
			"faces": {
				"north": {"uv": [2, 6, 3, 6.3], "texture": "#2"},
				"east": {"uv": [3, 7, 3.3, 7.3], "texture": "#2"},
				"south": {"uv": [2, 6, 3, 6.3], "texture": "#2"},
				"west": {"uv": [3, 7, 3.3, 7.3], "texture": "#2"},
				"up": {"uv": [3, 5, 3.3, 6], "rotation": 90, "texture": "#2"},
				"down": {"uv": [2, 6, 2.3, 7], "rotation": 90, "texture": "#2"}
			}
		},
		{
			"from": [7.87374, 8.69874, 8.975],
			"to": [8.12374, 8.77374, 9.725],
			"rotation": {"angle": 0, "axis": "y", "origin": [6.12374, 6.04874, 6]},
			"faces": {
				"north": {"uv": [2, 6, 3, 6.3], "texture": "#2"},
				"east": {"uv": [3, 7, 6, 7.3], "texture": "#2"},
				"south": {"uv": [2, 6, 3, 6.3], "texture": "#2"},
				"west": {"uv": [3, 7, 6, 7.3], "texture": "#2"},
				"up": {"uv": [3, 5, 6, 6], "rotation": 90, "texture": "#2"},
				"down": {"uv": [2, 6, 5, 7], "rotation": 90, "texture": "#2"}
			}
		},
		{
			"from": [8.175, 8.75, 8.9],
			"to": [8.25, 9.075, 8.975],
			"rotation": {"angle": 0, "axis": "y", "origin": [6.125, 6.075, 6]},
			"faces": {
				"north": {"uv": [2, 6, 2.3, 7], "texture": "#2"},
				"east": {"uv": [3, 7, 3.3, 8], "texture": "#2"},
				"south": {"uv": [2, 6, 2.3, 7], "texture": "#2"},
				"west": {"uv": [3, 7, 3.3, 8], "texture": "#2"},
				"up": {"uv": [3, 5, 3.3, 5.3], "rotation": 90, "texture": "#2"},
				"down": {"uv": [2, 6, 2.3, 6.3], "rotation": 90, "texture": "#2"}
			}
		},
		{
			"from": [7.75, 8.5, 8.9],
			"to": [8.25, 8.75, 9.9],
			"rotation": {"angle": 0, "axis": "y", "origin": [6.125, 6, 6]},
			"faces": {
				"north": {"uv": [14, 7, 16, 8], "texture": "#2"},
				"east": {"uv": [3, 7, 7, 8], "texture": "#2"},
				"south": {"uv": [14, 7, 16, 8], "texture": "#2"},
				"west": {"uv": [3, 7, 7, 8], "texture": "#2"},
				"up": {"uv": [3, 5, 7, 7], "rotation": 90, "texture": "#2"},
				"down": {"uv": [3, 11, 7, 13], "rotation": 90, "texture": "#2"}
			}
		},
		{
			"from": [7.75, 8.89847, 9.28815],
			"to": [8.25, 9.39847, 12.03815],
			"rotation": {"angle": 22.5, "axis": "x", "origin": [6.25, 5.77347, 6.58815]},
			"faces": {
				"north": {"uv": [3, 3, 5, 5], "rotation": 270, "texture": "#1"},
				"east": {"uv": [4, 3, 6, 14], "rotation": 270, "texture": "#1"},
				"south": {"uv": [3, 3, 5, 5], "rotation": 270, "texture": "#1"},
				"west": {"uv": [3, 3, 5, 14], "rotation": 270, "texture": "#1"},
				"up": {"uv": [3, 3, 14, 5], "rotation": 270, "texture": "#1"},
				"down": {"uv": [3, 3, 14, 5], "rotation": 270, "texture": "#1"}
			}
		},
		{
			"from": [7.751, 7.03691, 11.76052],
			"to": [8.251, 7.97441, 13.01052],
			"rotation": {"angle": 0, "axis": "y", "origin": [6.2425, 5.84941, 6.56052]},
			"faces": {
				"north": {"uv": [3, 5, 6.75, 7], "rotation": 270, "texture": "#1"},
				"east": {"uv": [1, 0, 4.75, 5], "rotation": 270, "texture": "#1"},
				"south": {"uv": [3, 5, 6.75, 7], "rotation": 270, "texture": "#1"},
				"west": {"uv": [3, 5, 6.75, 10], "rotation": 270, "texture": "#1"},
				"up": {"uv": [3, 5, 8, 7], "rotation": 270, "texture": "#1"},
				"down": {"uv": [3, 5, 8, 7], "rotation": 270, "texture": "#1"}
			}
		},
		{
			"from": [7.7485, 10.63598, 10.84369],
			"to": [7.9985, 11.13598, 11.34369],
			"rotation": {"angle": 45, "axis": "x", "origin": [6.2475, 8.44848, 7.48575]},
			"faces": {
				"north": {"uv": [4, 5, 6, 6], "rotation": 270, "texture": "#1"},
				"east": {"uv": [4, 5, 6, 7], "rotation": 270, "texture": "#1"},
				"south": {"uv": [4, 5, 6, 6], "rotation": 270, "texture": "#1"},
				"west": {"uv": [4, 5, 6, 7], "rotation": 270, "texture": "#1"},
				"up": {"uv": [4, 5, 6, 6], "rotation": 270, "texture": "#1"},
				"down": {"uv": [4, 5, 6, 6], "rotation": 270, "texture": "#1"}
			}
		},
		{
			"from": [7.9965, 10.63598, 10.84369],
			"to": [8.2465, 11.13598, 11.34369],
			"rotation": {"angle": 45, "axis": "x", "origin": [6.255, 8.44848, 7.48575]},
			"faces": {
				"north": {"uv": [3, 3, 5, 4], "rotation": 270, "texture": "#1"},
				"east": {"uv": [3, 3, 5, 5], "rotation": 270, "texture": "#1"},
				"south": {"uv": [3, 3, 5, 4], "rotation": 270, "texture": "#1"},
				"west": {"uv": [3, 3, 5, 5], "rotation": 270, "texture": "#1"},
				"up": {"uv": [3, 3, 5, 4], "rotation": 270, "texture": "#1"},
				"down": {"uv": [3, 3, 5, 4], "rotation": 270, "texture": "#1"}
			}
		},
		{
			"from": [8.125, 7.5, 5.5],
			"to": [8.375, 8.25, 7.25],
			"rotation": {"angle": 0, "axis": "y", "origin": [6.125, 6, 6]},
			"faces": {
				"north": {"uv": [0, 0, 1, 3], "texture": "#1"},
				"east": {"uv": [0, 0, 7, 3], "texture": "#1"},
				"south": {"uv": [0, 0, 1, 3], "texture": "#1"},
				"west": {"uv": [0, 0, 7, 3], "texture": "#1"},
				"up": {"uv": [0, 0, 1, 7], "texture": "#1"},
				"down": {"uv": [0, 0, 1, 7], "texture": "#1"}
			}
		},
		{
			"from": [7.625, 7.5, 5.5],
			"to": [7.875, 8.25, 7.25],
			"rotation": {"angle": 0, "axis": "y", "origin": [6.125, 6, 6]},
			"faces": {
				"north": {"uv": [0, 0, 1, 3], "texture": "#1"},
				"east": {"uv": [0, 0, 7, 3], "texture": "#1"},
				"south": {"uv": [0, 0, 1, 3], "texture": "#1"},
				"west": {"uv": [0, 0, 7, 3], "texture": "#1"},
				"up": {"uv": [0, 0, 1, 7], "texture": "#1"},
				"down": {"uv": [0, 0, 1, 7], "texture": "#1"}
			}
		},
		{
			"from": [7.875, 8.25, 5.5],
			"to": [8.125, 8.5, 7],
			"rotation": {"angle": 0, "axis": "y", "origin": [6.125, 6, 6]},
			"faces": {
				"north": {"uv": [0, 0, 1, 1], "texture": "#1"},
				"east": {"uv": [0, 0, 6, 1], "texture": "#1"},
				"south": {"uv": [0, 0, 1, 1], "texture": "#1"},
				"west": {"uv": [0, 0, 6, 1], "texture": "#1"},
				"up": {"uv": [0, 0, 1, 6], "texture": "#1"},
				"down": {"uv": [0, 0, 1, 6], "texture": "#1"}
			}
		},
		{
			"from": [7.875, 7.5, 5.5],
			"to": [8.125, 7.75, 7.25],
			"rotation": {"angle": 0, "axis": "y", "origin": [6.125, 6, 6]},
			"faces": {
				"north": {"uv": [0, 0, 1, 1], "texture": "#1"},
				"east": {"uv": [0, 0, 7, 1], "texture": "#1"},
				"south": {"uv": [0, 0, 1, 1], "texture": "#1"},
				"west": {"uv": [0, 0, 7, 1], "texture": "#1"},
				"up": {"uv": [0, 0, 1, 7], "texture": "#1"},
				"down": {"uv": [0, 0, 1, 7], "texture": "#1"}
			}
		},
		{
			"from": [7.625, 7.25, 7.25],
			"to": [8.375, 8, 7.75],
			"rotation": {"angle": 0, "axis": "y", "origin": [6.125, 6, 6]},
			"faces": {
				"north": {"uv": [1, 3, 4, 6], "texture": "#1"},
				"east": {"uv": [1, 3, 3, 6], "texture": "#1"},
				"south": {"uv": [1, 3, 4, 6], "texture": "#1"},
				"west": {"uv": [1, 3, 3, 6], "texture": "#1"},
				"up": {"uv": [1, 3, 4, 5], "texture": "#1"},
				"down": {"uv": [1, 3, 4, 5], "texture": "#1"}
			}
		},
		{
			"from": [7.625, 7.5, 5.25],
			"to": [8.375, 8.5, 5.5],
			"rotation": {"angle": 0, "axis": "y", "origin": [6.125, 6, 6]},
			"faces": {
				"north": {"uv": [0, 12, 3, 16], "texture": "#2"},
				"east": {"uv": [3, 12, 4, 16], "texture": "#2"},
				"south": {"uv": [0, 12, 3, 16], "texture": "#2"},
				"west": {"uv": [1, 12, 2, 16], "texture": "#2"},
				"up": {"uv": [2, 9, 5, 10], "texture": "#2"},
				"down": {"uv": [5, 15, 8, 16], "texture": "#2"}
			}
		},
		{
			"from": [7.625, 8, 7.25],
			"to": [8.375, 8.5, 7.5],
			"rotation": {"angle": 0, "axis": "y", "origin": [6.125, 6, 6]},
			"faces": {
				"north": {"uv": [0, 1, 3, 3], "texture": "#1"},
				"east": {"uv": [0, 1, 1, 3], "texture": "#1"},
				"south": {"uv": [0, 1, 3, 3], "texture": "#1"},
				"west": {"uv": [0, 1, 1, 3], "texture": "#1"},
				"up": {"uv": [0, 1, 3, 2], "texture": "#1"},
				"down": {"uv": [0, 1, 3, 2], "texture": "#1"}
			}
		},
		{
			"from": [7.875, 7.64375, 2.75],
			"to": [8.125, 7.89375, 5.25],
			"rotation": {"angle": 0, "axis": "y", "origin": [6.125, 6.01875, 6]},
			"faces": {
				"north": {"uv": [2, 5, 3, 6], "texture": "#2"},
				"east": {"uv": [3, 5, 13, 6], "texture": "#2"},
				"south": {"uv": [1, 5, 2, 6], "texture": "#2"},
				"west": {"uv": [6, 5, 16, 6], "texture": "#2"},
				"up": {"uv": [10, 0, 11, 10], "texture": "#2"},
				"down": {"uv": [10, 6, 11, 16], "texture": "#2"}
			}
		},
		{
			"from": [7.875, 8.1, 4.375],
			"to": [8.125, 8.35, 5.25],
			"rotation": {"angle": 0, "axis": "y", "origin": [6.125, 5.85, 6]},
			"faces": {
				"north": {"uv": [10, 7, 11, 8], "texture": "#2"},
				"east": {"uv": [3, 5, 6.5, 6], "texture": "#2"},
				"south": {"uv": [11, 7, 12, 8], "texture": "#2"},
				"west": {"uv": [7, 5, 10.5, 6], "texture": "#2"},
				"up": {"uv": [7, 1, 8, 4.5], "texture": "#2"},
				"down": {"uv": [7, 8, 8, 11.5], "texture": "#2"}
			}
		},
		{
			"from": [7.875, 6.88404, 4.48123],
			"to": [8.125, 7.38404, 4.73123],
			"rotation": {"angle": 22.5, "axis": "x", "origin": [6.1225, 8.13404, 6.85623]},
			"faces": {
				"north": {"uv": [4, 5, 5, 7], "rotation": 180, "texture": "#2"},
				"east": {"uv": [9, 6, 11, 7], "rotation": 90, "texture": "#2"},
				"south": {"uv": [7, 5, 8, 7], "texture": "#2"},
				"west": {"uv": [7, 4, 9, 5], "rotation": 270, "texture": "#2"},
				"up": {"uv": [1, 5, 2, 6], "texture": "#2"},
				"down": {"uv": [10, 5, 11, 6], "rotation": 180, "texture": "#2"}
			}
		},
		{
			"from": [7.625, 8.25, 7],
			"to": [8.375, 8.5, 7.25],
			"rotation": {"angle": 0, "axis": "y", "origin": [6.125, 6, 6]},
			"faces": {
				"north": {"uv": [0, 0, 3, 1], "texture": "#1"},
				"east": {"uv": [0, 0, 1, 1], "texture": "#1"},
				"south": {"uv": [0, 0, 3, 1], "texture": "#1"},
				"west": {"uv": [0, 0, 1, 1], "texture": "#1"},
				"up": {"uv": [0, 0, 3, 1], "texture": "#1"},
				"down": {"uv": [0, 0, 3, 1], "texture": "#1"}
			}
		},
		{
			"from": [7.875, 7.75, 2.875],
			"to": [8.125, 8.25, 2.875],
			"rotation": {"angle": 0, "axis": "y", "origin": [6.125, 6, 6]},
			"faces": {
				"north": {"uv": [5, 1.25, 6, 3.25], "texture": "#2"},
				"east": {"uv": [8, 2.25, 8, 4.25], "texture": "#2"},
				"south": {"uv": [3, 1.25, 2, 3.25], "texture": "#2"},
				"west": {"uv": [4, 2.25, 4, 4.25], "texture": "#2"},
				"up": {"uv": [3, 1.25, 4, 1.25], "texture": "#2"},
				"down": {"uv": [4, 1.25, 5, 1.25], "texture": "#2"}
			}
		},
		{
			"from": [7.875, 7.76894, 3.22044],
			"to": [8.125, 8.26893, 3.22044],
			"rotation": {"angle": -22.5, "axis": "x", "origin": [8, 8.01893, 3.22044]},
			"faces": {
				"north": {"uv": [5, 1.25, 6, 3.25], "texture": "#2"},
				"east": {"uv": [8, 2.25, 8, 4.25], "texture": "#2"},
				"south": {"uv": [3, 1.25, 2, 3.25], "texture": "#2"},
				"west": {"uv": [4, 2.25, 4, 4.25], "texture": "#2"},
				"up": {"uv": [3, 1.25, 4, 1.25], "texture": "#2"},
				"down": {"uv": [4, 1.25, 5, 1.25], "texture": "#2"}
			}
		},
		{
			"from": [7.9875, 8.4875, 2.875],
			"to": [8.0125, 8.625, 3.125],
			"rotation": {"angle": 0, "axis": "y", "origin": [6.125, 6, 6]},
			"faces": {
				"north": {"uv": [5, 4.25, 5.2, 7], "texture": "#2"},
				"east": {"uv": [8, 8.25, 9, 11], "texture": "#2"},
				"south": {"uv": [2.2, 4.25, 2, 7], "texture": "#2"},
				"west": {"uv": [4, 8.25, 5, 11], "texture": "#2"},
				"up": {"uv": [3, 4.25, 3.2, 5.25], "texture": "#2"},
				"down": {"uv": [4, 4.25, 4.2, 5.25], "texture": "#2"}
			}
		},
		{
			"from": [7.875, 8.25, 2.875],
			"to": [8.125, 8.5, 3.125],
			"rotation": {"angle": 0, "axis": "y", "origin": [6.125, 6, 6]},
			"faces": {
				"north": {"uv": [5, 1.25, 6, 2.25], "texture": "#2"},
				"east": {"uv": [8, 2.25, 9, 3.25], "texture": "#2"},
				"south": {"uv": [3, 1.25, 2, 2.25], "texture": "#2"},
				"west": {"uv": [4, 2.25, 5, 3.25], "texture": "#2"},
				"up": {"uv": [3, 1.25, 4, 2.25], "texture": "#2"},
				"down": {"uv": [4, 1.25, 5, 2.25], "texture": "#2"}
			}
		},
		{
			"from": [8.1125, 8.4875, 2.875],
			"to": [8.1625, 8.7, 3.125],
			"rotation": {"angle": 0, "axis": "y", "origin": [6.125, 6, 6]},
			"faces": {
				"north": {"uv": [5, 4.25, 5.2, 4.85], "texture": "#2"},
				"east": {"uv": [8, 8.25, 9, 8.85], "texture": "#2"},
				"south": {"uv": [2.2, 4.25, 2, 4.85], "texture": "#2"},
				"west": {"uv": [4, 8.25, 5, 8.85], "texture": "#2"},
				"up": {"uv": [3, 4.25, 3.2, 5.25], "texture": "#2"},
				"down": {"uv": [4, 4.25, 4.2, 5.25], "texture": "#2"}
			}
		},
		{
			"from": [7.8375, 8.4875, 2.875],
			"to": [7.8875, 8.7, 3.125],
			"rotation": {"angle": 0, "axis": "y", "origin": [6.125, 6, 6]},
			"faces": {
				"north": {"uv": [5, 4.25, 5.2, 4.85], "texture": "#2"},
				"east": {"uv": [8, 8.25, 9, 8.85], "texture": "#2"},
				"south": {"uv": [2.2, 4.25, 2, 4.85], "texture": "#2"},
				"west": {"uv": [4, 8.25, 5, 8.85], "texture": "#2"},
				"up": {"uv": [3, 4.25, 3.2, 5.25], "texture": "#2"},
				"down": {"uv": [4, 4.25, 4.2, 5.25], "texture": "#2"}
			}
		},
		{
			"from": [7.875, 8.25, 2.875],
			"to": [8.125, 8.75, 3.125],
			"rotation": {"angle": 0, "axis": "y", "origin": [6.125, 6, 6]},
			"faces": {
				"north": {"uv": [5, 1.25, 6, 3.25], "texture": "#2"},
				"east": {"uv": [8, 2.25, 9, 4.25], "texture": "#2"},
				"south": {"uv": [3, 1.25, 2, 3.25], "texture": "#2"},
				"west": {"uv": [4, 2.25, 5, 4.25], "texture": "#2"},
				"up": {"uv": [3, 1.25, 4, 2.25], "texture": "#2"},
				"down": {"uv": [4, 1.25, 5, 2.25], "texture": "#2"}
			}
		},
		{
			"from": [7.875, 7.39847, 7.58815],
			"to": [8.125, 8.64847, 8.33815],
			"rotation": {"angle": 22.5, "axis": "x", "origin": [6.125, 5.77347, 6.71315]},
			"faces": {
				"north": {"uv": [3, 10, 4, 15], "rotation": 180, "texture": "#2"},
				"east": {"uv": [3, 10, 8, 13], "rotation": 90, "texture": "#2"},
				"south": {"uv": [3, 10, 4, 15], "texture": "#2"},
				"west": {"uv": [3, 10, 8, 13], "rotation": 270, "texture": "#2"},
				"up": {"uv": [3, 10, 4, 13], "texture": "#2"},
				"down": {"uv": [3, 10, 4, 13], "rotation": 180, "texture": "#2"}
			}
		},
		{
			"from": [7.8775, 4.14403, 7.27933],
			"to": [8.1275, 4.89403, 8.52933],
			"rotation": {"angle": -45, "axis": "x", "origin": [6.125, 5.76903, 5.65433]},
			"faces": {
				"north": {"uv": [3, 10, 4, 13], "texture": "#2"},
				"east": {"uv": [3, 10, 8, 13], "texture": "#2"},
				"south": {"uv": [3, 10, 4, 13], "texture": "#2"},
				"west": {"uv": [3, 10, 8, 13], "texture": "#2"},
				"up": {"uv": [3, 10, 4, 15], "texture": "#2"},
				"down": {"uv": [3, 10, 4, 15], "texture": "#2"}
			}
		},
		{
			"from": [7.875, 7.64847, 7.58815],
			"to": [8.125, 8.64847, 8.33815],
			"rotation": {"angle": 22.5, "axis": "x", "origin": [6.125, 5.77347, 6.71315]},
			"faces": {
				"north": {"uv": [2, 2, 3, 6], "rotation": 180, "texture": "#2"},
				"east": {"uv": [2, 2, 6, 5], "rotation": 90, "texture": "#2"},
				"south": {"uv": [2, 2, 3, 6], "texture": "#2"},
				"west": {"uv": [2, 2, 6, 5], "rotation": 270, "texture": "#2"},
				"up": {"uv": [2, 2, 3, 5], "texture": "#2"},
				"down": {"uv": [2, 2, 3, 5], "rotation": 180, "texture": "#2"}
			}
		},
		{
			"from": [7.625, 5.89847, 7.58815],
			"to": [8.375, 7.64847, 8.33815],
			"rotation": {"angle": 22.5, "axis": "x", "origin": [6.125, 5.77347, 6.71315]},
			"faces": {
				"north": {"uv": [2, 2, 5, 9], "texture": "#2"},
				"east": {"uv": [2, 2, 9, 5], "rotation": 90, "texture": "#2"},
				"south": {"uv": [2, 2, 5, 9], "texture": "#2"},
				"west": {"uv": [2, 2, 9, 5], "rotation": 270, "texture": "#2"},
				"up": {"uv": [2, 2, 5, 5], "texture": "#2"},
				"down": {"uv": [2, 2, 5, 5], "rotation": 180, "texture": "#2"}
			}
		},
		{
			"from": [7.375, 6.14847, 7.58815],
			"to": [7.625, 7.39847, 8.33815],
			"rotation": {"angle": 22.5, "axis": "x", "origin": [6.125, 5.77347, 6.71315]},
			"faces": {
				"north": {"uv": [2, 2, 3, 7], "texture": "#2"},
				"east": {"uv": [2, 2, 7, 5], "rotation": 90, "texture": "#2"},
				"south": {"uv": [2, 2, 3, 7], "texture": "#2"},
				"west": {"uv": [2, 2, 7, 5], "rotation": 270, "texture": "#2"},
				"up": {"uv": [2, 2, 3, 5], "texture": "#2"},
				"down": {"uv": [2, 2, 3, 5], "rotation": 180, "texture": "#2"}
			}
		},
		{
			"from": [7.125, 6.39847, 7.58815],
			"to": [7.375, 7.14847, 8.33815],
			"rotation": {"angle": 22.5, "axis": "x", "origin": [6.125, 5.77347, 6.71315]},
			"faces": {
				"north": {"uv": [2, 2, 3, 5], "texture": "#2"},
				"east": {"uv": [2, 2, 5, 5], "rotation": 90, "texture": "#2"},
				"south": {"uv": [2, 2, 3, 5], "texture": "#2"},
				"west": {"uv": [2, 2, 5, 5], "rotation": 270, "texture": "#2"},
				"up": {"uv": [2, 2, 3, 5], "texture": "#2"},
				"down": {"uv": [2, 2, 3, 5], "rotation": 180, "texture": "#2"}
			}
		},
		{
			"from": [7.35, 7.14847, 7.58815],
			"to": [7.375, 7.39847, 8.33815],
			"rotation": {"angle": 22.5, "axis": "x", "origin": [6.125, 5.77347, 6.71315]},
			"faces": {
				"north": {"uv": [2, 3, 3, 4], "texture": "#2"},
				"east": {"uv": [2, 3, 3, 6], "rotation": 90, "texture": "#2"},
				"south": {"uv": [2, 3, 3, 4], "texture": "#2"},
				"west": {"uv": [2, 3, 3, 6], "rotation": 270, "texture": "#2"},
				"up": {"uv": [2, 3, 3, 6], "texture": "#2"},
				"down": {"uv": [2, 3, 3, 6], "rotation": 180, "texture": "#2"}
			}
		},
		{
			"from": [7.325, 7.14847, 7.58815],
			"to": [7.35, 7.37347, 8.33815],
			"rotation": {"angle": 22.5, "axis": "x", "origin": [6.125, 5.77347, 6.71315]},
			"faces": {
				"north": {"uv": [2, 3, 3, 4], "texture": "#2"},
				"east": {"uv": [2, 3, 3, 6], "rotation": 90, "texture": "#2"},
				"south": {"uv": [2, 3, 3, 4], "texture": "#2"},
				"west": {"uv": [2, 3, 3, 6], "rotation": 270, "texture": "#2"},
				"up": {"uv": [2, 3, 3, 6], "texture": "#2"},
				"down": {"uv": [2, 3, 3, 6], "rotation": 180, "texture": "#2"}
			}
		},
		{
			"from": [7.3, 7.14847, 7.58815],
			"to": [7.325, 7.34847, 8.33815],
			"rotation": {"angle": 22.5, "axis": "x", "origin": [6.125, 5.77347, 6.71315]},
			"faces": {
				"north": {"uv": [2, 3, 3, 4], "texture": "#2"},
				"east": {"uv": [2, 3, 3, 6], "rotation": 90, "texture": "#2"},
				"south": {"uv": [2, 3, 3, 4], "texture": "#2"},
				"west": {"uv": [2, 3, 3, 6], "rotation": 270, "texture": "#2"},
				"up": {"uv": [2, 3, 3, 6], "texture": "#2"},
				"down": {"uv": [2, 3, 3, 6], "rotation": 180, "texture": "#2"}
			}
		},
		{
			"from": [7.275, 7.14847, 7.58815],
			"to": [7.3, 7.32347, 8.33815],
			"rotation": {"angle": 22.5, "axis": "x", "origin": [6.125, 5.77347, 6.71315]},
			"faces": {
				"north": {"uv": [2, 3, 3, 4], "texture": "#2"},
				"east": {"uv": [2, 3, 3, 6], "rotation": 90, "texture": "#2"},
				"south": {"uv": [2, 3, 3, 4], "texture": "#2"},
				"west": {"uv": [2, 3, 3, 6], "rotation": 270, "texture": "#2"},
				"up": {"uv": [2, 3, 3, 6], "texture": "#2"},
				"down": {"uv": [2, 3, 3, 6], "rotation": 180, "texture": "#2"}
			}
		},
		{
			"from": [7.25, 7.14847, 7.58815],
			"to": [7.275, 7.29847, 8.33815],
			"rotation": {"angle": 22.5, "axis": "x", "origin": [6.125, 5.77347, 6.71315]},
			"faces": {
				"north": {"uv": [2, 3, 3, 4], "texture": "#2"},
				"east": {"uv": [2, 3, 3, 6], "rotation": 90, "texture": "#2"},
				"south": {"uv": [2, 3, 3, 4], "texture": "#2"},
				"west": {"uv": [2, 3, 3, 6], "rotation": 270, "texture": "#2"},
				"up": {"uv": [2, 3, 3, 6], "texture": "#2"},
				"down": {"uv": [2, 3, 3, 6], "rotation": 180, "texture": "#2"}
			}
		},
		{
			"from": [7.225, 7.14847, 7.58815],
			"to": [7.25, 7.27347, 8.33815],
			"rotation": {"angle": 22.5, "axis": "x", "origin": [6.125, 5.77347, 6.71315]},
			"faces": {
				"north": {"uv": [2, 3, 3, 4], "texture": "#2"},
				"east": {"uv": [2, 3, 3, 6], "rotation": 90, "texture": "#2"},
				"south": {"uv": [2, 3, 3, 4], "texture": "#2"},
				"west": {"uv": [2, 3, 3, 6], "rotation": 270, "texture": "#2"},
				"up": {"uv": [2, 3, 3, 6], "texture": "#2"},
				"down": {"uv": [2, 3, 3, 6], "rotation": 180, "texture": "#2"}
			}
		},
		{
			"from": [7.2, 7.14847, 7.58815],
			"to": [7.225, 7.24847, 8.33815],
			"rotation": {"angle": 22.5, "axis": "x", "origin": [6.125, 5.77347, 6.71315]},
			"faces": {
				"north": {"uv": [2, 3, 3, 4], "texture": "#2"},
				"east": {"uv": [2, 3, 3, 6], "rotation": 90, "texture": "#2"},
				"south": {"uv": [2, 3, 3, 4], "texture": "#2"},
				"west": {"uv": [2, 3, 3, 6], "rotation": 270, "texture": "#2"},
				"up": {"uv": [2, 3, 3, 6], "texture": "#2"},
				"down": {"uv": [2, 3, 3, 6], "rotation": 180, "texture": "#2"}
			}
		},
		{
			"from": [7.175, 7.14847, 7.58815],
			"to": [7.2, 7.22347, 8.33815],
			"rotation": {"angle": 22.5, "axis": "x", "origin": [6.125, 5.77347, 6.71315]},
			"faces": {
				"north": {"uv": [2, 3, 3, 4], "texture": "#2"},
				"east": {"uv": [2, 3, 3, 6], "rotation": 90, "texture": "#2"},
				"south": {"uv": [2, 3, 3, 4], "texture": "#2"},
				"west": {"uv": [2, 3, 3, 6], "rotation": 270, "texture": "#2"},
				"up": {"uv": [2, 3, 3, 6], "texture": "#2"},
				"down": {"uv": [2, 3, 3, 6], "rotation": 180, "texture": "#2"}
			}
		},
		{
			"from": [7.15, 7.14847, 7.58815],
			"to": [7.175, 7.19847, 8.33815],
			"rotation": {"angle": 22.5, "axis": "x", "origin": [6.125, 5.77347, 6.71315]},
			"faces": {
				"north": {"uv": [2, 3, 3, 4], "texture": "#2"},
				"east": {"uv": [2, 3, 3, 6], "rotation": 90, "texture": "#2"},
				"south": {"uv": [2, 3, 3, 4], "texture": "#2"},
				"west": {"uv": [2, 3, 3, 6], "rotation": 270, "texture": "#2"},
				"up": {"uv": [2, 3, 3, 6], "texture": "#2"},
				"down": {"uv": [2, 3, 3, 6], "rotation": 180, "texture": "#2"}
			}
		},
		{
			"from": [7.125, 7.14847, 7.58815],
			"to": [7.15, 7.17347, 8.33815],
			"rotation": {"angle": 22.5, "axis": "x", "origin": [6.125, 5.77347, 6.71315]},
			"faces": {
				"north": {"uv": [2, 3, 3, 4], "texture": "#2"},
				"east": {"uv": [2, 3, 3, 6], "rotation": 90, "texture": "#2"},
				"south": {"uv": [2, 3, 3, 4], "texture": "#2"},
				"west": {"uv": [2, 3, 3, 6], "rotation": 270, "texture": "#2"},
				"up": {"uv": [2, 3, 3, 6], "texture": "#2"},
				"down": {"uv": [2, 3, 3, 6], "rotation": 180, "texture": "#2"}
			}
		},
		{
			"from": [7.125, 6.37347, 7.58815],
			"to": [7.15, 6.39847, 8.33815],
			"rotation": {"angle": 22.5, "axis": "x", "origin": [6.125, 5.77347, 6.71315]},
			"faces": {
				"north": {"uv": [1, 7, 2, 8], "texture": "#2"},
				"east": {"uv": [1, 7, 2, 10], "rotation": 90, "texture": "#2"},
				"south": {"uv": [1, 7, 2, 8], "texture": "#2"},
				"west": {"uv": [1, 7, 2, 10], "rotation": 270, "texture": "#2"},
				"up": {"uv": [1, 7, 2, 10], "texture": "#2"},
				"down": {"uv": [1, 7, 2, 10], "rotation": 180, "texture": "#2"}
			}
		},
		{
			"from": [7.15, 6.34847, 7.58815],
			"to": [7.175, 6.39847, 8.33815],
			"rotation": {"angle": 22.5, "axis": "x", "origin": [6.125, 5.77347, 6.71315]},
			"faces": {
				"north": {"uv": [1, 7, 2, 8], "texture": "#2"},
				"east": {"uv": [1, 7, 2, 10], "rotation": 90, "texture": "#2"},
				"south": {"uv": [1, 7, 2, 8], "texture": "#2"},
				"west": {"uv": [1, 7, 2, 10], "rotation": 270, "texture": "#2"},
				"up": {"uv": [1, 7, 2, 10], "texture": "#2"},
				"down": {"uv": [1, 7, 2, 10], "rotation": 180, "texture": "#2"}
			}
		},
		{
			"from": [7.175, 6.32347, 7.58815],
			"to": [7.2, 6.39847, 8.33815],
			"rotation": {"angle": 22.5, "axis": "x", "origin": [6.125, 5.77347, 6.71315]},
			"faces": {
				"north": {"uv": [1, 7, 2, 8], "texture": "#2"},
				"east": {"uv": [1, 7, 2, 10], "rotation": 90, "texture": "#2"},
				"south": {"uv": [1, 7, 2, 8], "texture": "#2"},
				"west": {"uv": [1, 7, 2, 10], "rotation": 270, "texture": "#2"},
				"up": {"uv": [1, 7, 2, 10], "texture": "#2"},
				"down": {"uv": [1, 7, 2, 10], "rotation": 180, "texture": "#2"}
			}
		},
		{
			"from": [7.2, 6.29847, 7.58815],
			"to": [7.225, 6.39847, 8.33815],
			"rotation": {"angle": 22.5, "axis": "x", "origin": [6.125, 5.77347, 6.71315]},
			"faces": {
				"north": {"uv": [1, 7, 2, 8], "texture": "#2"},
				"east": {"uv": [1, 7, 2, 10], "rotation": 90, "texture": "#2"},
				"south": {"uv": [1, 7, 2, 8], "texture": "#2"},
				"west": {"uv": [1, 7, 2, 10], "rotation": 270, "texture": "#2"},
				"up": {"uv": [1, 7, 2, 10], "texture": "#2"},
				"down": {"uv": [1, 7, 2, 10], "rotation": 180, "texture": "#2"}
			}
		},
		{
			"from": [7.225, 6.27347, 7.58815],
			"to": [7.25, 6.39847, 8.33815],
			"rotation": {"angle": 22.5, "axis": "x", "origin": [6.125, 5.77347, 6.71315]},
			"faces": {
				"north": {"uv": [1, 7, 2, 8], "texture": "#2"},
				"east": {"uv": [1, 7, 2, 10], "rotation": 90, "texture": "#2"},
				"south": {"uv": [1, 7, 2, 8], "texture": "#2"},
				"west": {"uv": [1, 7, 2, 10], "rotation": 270, "texture": "#2"},
				"up": {"uv": [1, 7, 2, 10], "texture": "#2"},
				"down": {"uv": [1, 7, 2, 10], "rotation": 180, "texture": "#2"}
			}
		},
		{
			"from": [7.25, 6.24847, 7.58815],
			"to": [7.275, 6.39847, 8.33815],
			"rotation": {"angle": 22.5, "axis": "x", "origin": [6.125, 5.77347, 6.71315]},
			"faces": {
				"north": {"uv": [1, 7, 2, 8], "texture": "#2"},
				"east": {"uv": [1, 7, 2, 10], "rotation": 90, "texture": "#2"},
				"south": {"uv": [1, 7, 2, 8], "texture": "#2"},
				"west": {"uv": [1, 7, 2, 10], "rotation": 270, "texture": "#2"},
				"up": {"uv": [1, 7, 2, 10], "texture": "#2"},
				"down": {"uv": [1, 7, 2, 10], "rotation": 180, "texture": "#2"}
			}
		},
		{
			"from": [7.275, 6.22347, 7.58815],
			"to": [7.3, 6.39847, 8.33815],
			"rotation": {"angle": 22.5, "axis": "x", "origin": [6.125, 5.77347, 6.71315]},
			"faces": {
				"north": {"uv": [1, 7, 2, 8], "texture": "#2"},
				"east": {"uv": [1, 7, 2, 10], "rotation": 90, "texture": "#2"},
				"south": {"uv": [1, 7, 2, 8], "texture": "#2"},
				"west": {"uv": [1, 7, 2, 10], "rotation": 270, "texture": "#2"},
				"up": {"uv": [1, 7, 2, 10], "texture": "#2"},
				"down": {"uv": [1, 7, 2, 10], "rotation": 180, "texture": "#2"}
			}
		},
		{
			"from": [7.3, 6.19847, 7.58815],
			"to": [7.325, 6.39847, 8.33815],
			"rotation": {"angle": 22.5, "axis": "x", "origin": [6.125, 5.77347, 6.71315]},
			"faces": {
				"north": {"uv": [1, 7, 2, 8], "texture": "#2"},
				"east": {"uv": [1, 7, 2, 10], "rotation": 90, "texture": "#2"},
				"south": {"uv": [1, 7, 2, 8], "texture": "#2"},
				"west": {"uv": [1, 7, 2, 10], "rotation": 270, "texture": "#2"},
				"up": {"uv": [1, 7, 2, 10], "texture": "#2"},
				"down": {"uv": [1, 7, 2, 10], "rotation": 180, "texture": "#2"}
			}
		},
		{
			"from": [7.325, 6.17347, 7.58815],
			"to": [7.35, 6.39847, 8.33815],
			"rotation": {"angle": 22.5, "axis": "x", "origin": [6.125, 5.77347, 6.71315]},
			"faces": {
				"north": {"uv": [1, 7, 2, 8], "texture": "#2"},
				"east": {"uv": [1, 7, 2, 10], "rotation": 90, "texture": "#2"},
				"south": {"uv": [1, 7, 2, 8], "texture": "#2"},
				"west": {"uv": [1, 7, 2, 10], "rotation": 270, "texture": "#2"},
				"up": {"uv": [1, 7, 2, 10], "texture": "#2"},
				"down": {"uv": [1, 7, 2, 10], "rotation": 180, "texture": "#2"}
			}
		},
		{
			"from": [7.35, 6.14847, 7.58815],
			"to": [7.375, 6.39847, 8.33815],
			"rotation": {"angle": 22.5, "axis": "x", "origin": [6.125, 5.77347, 6.71315]},
			"faces": {
				"north": {"uv": [1, 7, 2, 8], "texture": "#2"},
				"east": {"uv": [1, 7, 2, 10], "rotation": 90, "texture": "#2"},
				"south": {"uv": [1, 7, 2, 8], "texture": "#2"},
				"west": {"uv": [1, 7, 2, 10], "rotation": 270, "texture": "#2"},
				"up": {"uv": [1, 7, 2, 10], "texture": "#2"},
				"down": {"uv": [1, 7, 2, 10], "rotation": 180, "texture": "#2"}
			}
		},
		{
			"from": [7.375, 6.12347, 7.58815],
			"to": [7.4, 6.14847, 8.33815],
			"rotation": {"angle": 22.5, "axis": "x", "origin": [6.125, 5.77347, 6.71315]},
			"faces": {
				"north": {"uv": [1, 8, 2, 9], "texture": "#2"},
				"east": {"uv": [1, 8, 2, 11], "rotation": 90, "texture": "#2"},
				"south": {"uv": [1, 8, 2, 9], "texture": "#2"},
				"west": {"uv": [1, 8, 2, 11], "rotation": 270, "texture": "#2"},
				"up": {"uv": [1, 8, 2, 11], "texture": "#2"},
				"down": {"uv": [1, 8, 2, 11], "rotation": 180, "texture": "#2"}
			}
		},
		{
			"from": [7.4, 6.09847, 7.58815],
			"to": [7.425, 6.14847, 8.33815],
			"rotation": {"angle": 22.5, "axis": "x", "origin": [6.125, 5.77347, 6.71315]},
			"faces": {
				"north": {"uv": [1, 8, 2, 9], "texture": "#2"},
				"east": {"uv": [1, 8, 2, 11], "rotation": 90, "texture": "#2"},
				"south": {"uv": [1, 8, 2, 9], "texture": "#2"},
				"west": {"uv": [1, 8, 2, 11], "rotation": 270, "texture": "#2"},
				"up": {"uv": [1, 8, 2, 11], "texture": "#2"},
				"down": {"uv": [1, 8, 2, 11], "rotation": 180, "texture": "#2"}
			}
		},
		{
			"from": [7.425, 6.07347, 7.58815],
			"to": [7.45, 6.14847, 8.33815],
			"rotation": {"angle": 22.5, "axis": "x", "origin": [6.125, 5.77347, 6.71315]},
			"faces": {
				"north": {"uv": [1, 8, 2, 9], "texture": "#2"},
				"east": {"uv": [1, 8, 2, 11], "rotation": 90, "texture": "#2"},
				"south": {"uv": [1, 8, 2, 9], "texture": "#2"},
				"west": {"uv": [1, 8, 2, 11], "rotation": 270, "texture": "#2"},
				"up": {"uv": [1, 8, 2, 11], "texture": "#2"},
				"down": {"uv": [1, 8, 2, 11], "rotation": 180, "texture": "#2"}
			}
		},
		{
			"from": [7.45, 6.04847, 7.58815],
			"to": [7.475, 6.14847, 8.33815],
			"rotation": {"angle": 22.5, "axis": "x", "origin": [6.125, 5.77347, 6.71315]},
			"faces": {
				"north": {"uv": [1, 8, 2, 9], "texture": "#2"},
				"east": {"uv": [1, 8, 2, 11], "rotation": 90, "texture": "#2"},
				"south": {"uv": [1, 8, 2, 9], "texture": "#2"},
				"west": {"uv": [1, 8, 2, 11], "rotation": 270, "texture": "#2"},
				"up": {"uv": [1, 8, 2, 11], "texture": "#2"},
				"down": {"uv": [1, 8, 2, 11], "rotation": 180, "texture": "#2"}
			}
		},
		{
			"from": [7.475, 6.02347, 7.58815],
			"to": [7.5, 6.14847, 8.33815],
			"rotation": {"angle": 22.5, "axis": "x", "origin": [6.125, 5.77347, 6.71315]},
			"faces": {
				"north": {"uv": [1, 8, 2, 9], "texture": "#2"},
				"east": {"uv": [1, 8, 2, 11], "rotation": 90, "texture": "#2"},
				"south": {"uv": [1, 8, 2, 9], "texture": "#2"},
				"west": {"uv": [1, 8, 2, 11], "rotation": 270, "texture": "#2"},
				"up": {"uv": [1, 8, 2, 11], "texture": "#2"},
				"down": {"uv": [1, 8, 2, 11], "rotation": 180, "texture": "#2"}
			}
		},
		{
			"from": [7.5, 5.99847, 7.58815],
			"to": [7.525, 6.14847, 8.33815],
			"rotation": {"angle": 22.5, "axis": "x", "origin": [6.125, 5.77347, 6.71315]},
			"faces": {
				"north": {"uv": [1, 8, 2, 9], "texture": "#2"},
				"east": {"uv": [1, 8, 2, 11], "rotation": 90, "texture": "#2"},
				"south": {"uv": [1, 8, 2, 9], "texture": "#2"},
				"west": {"uv": [1, 8, 2, 11], "rotation": 270, "texture": "#2"},
				"up": {"uv": [1, 8, 2, 11], "texture": "#2"},
				"down": {"uv": [1, 8, 2, 11], "rotation": 180, "texture": "#2"}
			}
		},
		{
			"from": [7.525, 5.97347, 7.58815],
			"to": [7.55, 6.14847, 8.33815],
			"rotation": {"angle": 22.5, "axis": "x", "origin": [6.125, 5.77347, 6.71315]},
			"faces": {
				"north": {"uv": [1, 8, 2, 9], "texture": "#2"},
				"east": {"uv": [1, 8, 2, 11], "rotation": 90, "texture": "#2"},
				"south": {"uv": [1, 8, 2, 9], "texture": "#2"},
				"west": {"uv": [1, 8, 2, 11], "rotation": 270, "texture": "#2"},
				"up": {"uv": [1, 8, 2, 11], "texture": "#2"},
				"down": {"uv": [1, 8, 2, 11], "rotation": 180, "texture": "#2"}
			}
		},
		{
			"from": [7.55, 5.94847, 7.58815],
			"to": [7.575, 6.14847, 8.33815],
			"rotation": {"angle": 22.5, "axis": "x", "origin": [6.125, 5.77347, 6.71315]},
			"faces": {
				"north": {"uv": [1, 8, 2, 9], "texture": "#2"},
				"east": {"uv": [1, 8, 2, 11], "rotation": 90, "texture": "#2"},
				"south": {"uv": [1, 8, 2, 9], "texture": "#2"},
				"west": {"uv": [1, 8, 2, 11], "rotation": 270, "texture": "#2"},
				"up": {"uv": [1, 8, 2, 11], "texture": "#2"},
				"down": {"uv": [1, 8, 2, 11], "rotation": 180, "texture": "#2"}
			}
		},
		{
			"from": [7.575, 5.92347, 7.58815],
			"to": [7.6, 6.14847, 8.33815],
			"rotation": {"angle": 22.5, "axis": "x", "origin": [6.125, 5.77347, 6.71315]},
			"faces": {
				"north": {"uv": [1, 8, 2, 9], "texture": "#2"},
				"east": {"uv": [1, 8, 2, 11], "rotation": 90, "texture": "#2"},
				"south": {"uv": [1, 8, 2, 9], "texture": "#2"},
				"west": {"uv": [1, 8, 2, 11], "rotation": 270, "texture": "#2"},
				"up": {"uv": [1, 8, 2, 11], "texture": "#2"},
				"down": {"uv": [1, 8, 2, 11], "rotation": 180, "texture": "#2"}
			}
		},
		{
			"from": [7.6, 5.89847, 7.58815],
			"to": [7.625, 6.14847, 8.33815],
			"rotation": {"angle": 22.5, "axis": "x", "origin": [6.125, 5.77347, 6.71315]},
			"faces": {
				"north": {"uv": [1, 8, 2, 9], "texture": "#2"},
				"east": {"uv": [1, 8, 2, 11], "rotation": 90, "texture": "#2"},
				"south": {"uv": [1, 8, 2, 9], "texture": "#2"},
				"west": {"uv": [1, 8, 2, 11], "rotation": 270, "texture": "#2"},
				"up": {"uv": [1, 8, 2, 11], "texture": "#2"},
				"down": {"uv": [1, 8, 2, 11], "rotation": 180, "texture": "#2"}
			}
		},
		{
			"from": [7.375, 7.39847, 7.58815],
			"to": [7.4, 7.42347, 8.33815],
			"rotation": {"angle": 22.5, "axis": "x", "origin": [6.125, 5.77347, 6.71315]},
			"faces": {
				"north": {"uv": [2, 2, 3, 3], "texture": "#2"},
				"east": {"uv": [2, 2, 3, 5], "rotation": 90, "texture": "#2"},
				"south": {"uv": [2, 2, 3, 3], "texture": "#2"},
				"west": {"uv": [2, 2, 3, 5], "rotation": 270, "texture": "#2"},
				"up": {"uv": [2, 2, 3, 5], "texture": "#2"},
				"down": {"uv": [2, 2, 3, 5], "rotation": 180, "texture": "#2"}
			}
		},
		{
			"from": [7.4, 7.39847, 7.58815],
			"to": [7.425, 7.44847, 8.33815],
			"rotation": {"angle": 22.5, "axis": "x", "origin": [6.125, 5.77347, 6.71315]},
			"faces": {
				"north": {"uv": [2, 2, 3, 3], "texture": "#2"},
				"east": {"uv": [2, 2, 3, 5], "rotation": 90, "texture": "#2"},
				"south": {"uv": [2, 2, 3, 3], "texture": "#2"},
				"west": {"uv": [2, 2, 3, 5], "rotation": 270, "texture": "#2"},
				"up": {"uv": [2, 2, 3, 5], "texture": "#2"},
				"down": {"uv": [2, 2, 3, 5], "rotation": 180, "texture": "#2"}
			}
		},
		{
			"from": [7.425, 7.39847, 7.58815],
			"to": [7.45, 7.47347, 8.33815],
			"rotation": {"angle": 22.5, "axis": "x", "origin": [6.125, 5.77347, 6.71315]},
			"faces": {
				"north": {"uv": [2, 2, 3, 3], "texture": "#2"},
				"east": {"uv": [2, 2, 3, 5], "rotation": 90, "texture": "#2"},
				"south": {"uv": [2, 2, 3, 3], "texture": "#2"},
				"west": {"uv": [2, 2, 3, 5], "rotation": 270, "texture": "#2"},
				"up": {"uv": [2, 2, 3, 5], "texture": "#2"},
				"down": {"uv": [2, 2, 3, 5], "rotation": 180, "texture": "#2"}
			}
		},
		{
			"from": [7.45, 7.39847, 7.58815],
			"to": [7.475, 7.49847, 8.33815],
			"rotation": {"angle": 22.5, "axis": "x", "origin": [6.125, 5.77347, 6.71315]},
			"faces": {
				"north": {"uv": [2, 2, 3, 3], "texture": "#2"},
				"east": {"uv": [2, 2, 3, 5], "rotation": 90, "texture": "#2"},
				"south": {"uv": [2, 2, 3, 3], "texture": "#2"},
				"west": {"uv": [2, 2, 3, 5], "rotation": 270, "texture": "#2"},
				"up": {"uv": [2, 2, 3, 5], "texture": "#2"},
				"down": {"uv": [2, 2, 3, 5], "rotation": 180, "texture": "#2"}
			}
		},
		{
			"from": [7.475, 7.39847, 7.58815],
			"to": [7.5, 7.52347, 8.33815],
			"rotation": {"angle": 22.5, "axis": "x", "origin": [6.125, 5.77347, 6.71315]},
			"faces": {
				"north": {"uv": [2, 2, 3, 3], "texture": "#2"},
				"east": {"uv": [2, 2, 3, 5], "rotation": 90, "texture": "#2"},
				"south": {"uv": [2, 2, 3, 3], "texture": "#2"},
				"west": {"uv": [2, 2, 3, 5], "rotation": 270, "texture": "#2"},
				"up": {"uv": [2, 2, 3, 5], "texture": "#2"},
				"down": {"uv": [2, 2, 3, 5], "rotation": 180, "texture": "#2"}
			}
		},
		{
			"from": [7.5, 7.39847, 7.58815],
			"to": [7.525, 7.54847, 8.33815],
			"rotation": {"angle": 22.5, "axis": "x", "origin": [6.125, 5.77347, 6.71315]},
			"faces": {
				"north": {"uv": [2, 2, 3, 3], "texture": "#2"},
				"east": {"uv": [2, 2, 3, 5], "rotation": 90, "texture": "#2"},
				"south": {"uv": [2, 2, 3, 3], "texture": "#2"},
				"west": {"uv": [2, 2, 3, 5], "rotation": 270, "texture": "#2"},
				"up": {"uv": [2, 2, 3, 5], "texture": "#2"},
				"down": {"uv": [2, 2, 3, 5], "rotation": 180, "texture": "#2"}
			}
		},
		{
			"from": [7.525, 7.39847, 7.58815],
			"to": [7.55, 7.57347, 8.33815],
			"rotation": {"angle": 22.5, "axis": "x", "origin": [6.125, 5.77347, 6.71315]},
			"faces": {
				"north": {"uv": [2, 2, 3, 3], "texture": "#2"},
				"east": {"uv": [2, 2, 3, 5], "rotation": 90, "texture": "#2"},
				"south": {"uv": [2, 2, 3, 3], "texture": "#2"},
				"west": {"uv": [2, 2, 3, 5], "rotation": 270, "texture": "#2"},
				"up": {"uv": [2, 2, 3, 5], "texture": "#2"},
				"down": {"uv": [2, 2, 3, 5], "rotation": 180, "texture": "#2"}
			}
		},
		{
			"from": [7.55, 7.39847, 7.58815],
			"to": [7.575, 7.59847, 8.33815],
			"rotation": {"angle": 22.5, "axis": "x", "origin": [6.125, 5.77347, 6.71315]},
			"faces": {
				"north": {"uv": [2, 2, 3, 3], "texture": "#2"},
				"east": {"uv": [2, 2, 3, 5], "rotation": 90, "texture": "#2"},
				"south": {"uv": [2, 2, 3, 3], "texture": "#2"},
				"west": {"uv": [2, 2, 3, 5], "rotation": 270, "texture": "#2"},
				"up": {"uv": [2, 2, 3, 5], "texture": "#2"},
				"down": {"uv": [2, 2, 3, 5], "rotation": 180, "texture": "#2"}
			}
		},
		{
			"from": [7.575, 7.39847, 7.58815],
			"to": [7.6, 7.62347, 8.33815],
			"rotation": {"angle": 22.5, "axis": "x", "origin": [6.125, 5.77347, 6.71315]},
			"faces": {
				"north": {"uv": [2, 2, 3, 3], "texture": "#2"},
				"east": {"uv": [2, 2, 3, 5], "rotation": 90, "texture": "#2"},
				"south": {"uv": [2, 2, 3, 3], "texture": "#2"},
				"west": {"uv": [2, 2, 3, 5], "rotation": 270, "texture": "#2"},
				"up": {"uv": [2, 2, 3, 5], "texture": "#2"},
				"down": {"uv": [2, 2, 3, 5], "rotation": 180, "texture": "#2"}
			}
		},
		{
			"from": [7.6, 7.39847, 7.58815],
			"to": [7.625, 7.64847, 8.33815],
			"rotation": {"angle": 22.5, "axis": "x", "origin": [6.125, 5.77347, 6.71315]},
			"faces": {
				"north": {"uv": [2, 2, 3, 3], "texture": "#2"},
				"east": {"uv": [2, 2, 3, 5], "rotation": 90, "texture": "#2"},
				"south": {"uv": [2, 2, 3, 3], "texture": "#2"},
				"west": {"uv": [2, 2, 3, 5], "rotation": 270, "texture": "#2"},
				"up": {"uv": [2, 2, 3, 5], "texture": "#2"},
				"down": {"uv": [2, 2, 3, 5], "rotation": 180, "texture": "#2"}
			}
		},
		{
			"from": [8.625, 7.14847, 7.58815],
			"to": [8.65, 7.39847, 8.33815],
			"rotation": {"angle": 22.5, "axis": "x", "origin": [9.875, 5.77347, 6.71315]},
			"faces": {
				"north": {"uv": [3, 3, 2, 4], "texture": "#2"},
				"east": {"uv": [2, 6, 3, 3], "rotation": 270, "texture": "#2"},
				"south": {"uv": [3, 3, 2, 4], "texture": "#2"},
				"west": {"uv": [2, 6, 3, 3], "rotation": 90, "texture": "#2"},
				"up": {"uv": [3, 3, 2, 6], "texture": "#2"},
				"down": {"uv": [3, 3, 2, 6], "rotation": 180, "texture": "#2"}
			}
		},
		{
			"from": [8.65, 7.14847, 7.58815],
			"to": [8.675, 7.37347, 8.33815],
			"rotation": {"angle": 22.5, "axis": "x", "origin": [9.875, 5.77347, 6.71315]},
			"faces": {
				"north": {"uv": [3, 3, 2, 4], "texture": "#2"},
				"east": {"uv": [2, 6, 3, 3], "rotation": 270, "texture": "#2"},
				"south": {"uv": [3, 3, 2, 4], "texture": "#2"},
				"west": {"uv": [2, 6, 3, 3], "rotation": 90, "texture": "#2"},
				"up": {"uv": [3, 3, 2, 6], "texture": "#2"},
				"down": {"uv": [3, 3, 2, 6], "rotation": 180, "texture": "#2"}
			}
		},
		{
			"from": [8.675, 7.14847, 7.58815],
			"to": [8.7, 7.34847, 8.33815],
			"rotation": {"angle": 22.5, "axis": "x", "origin": [9.875, 5.77347, 6.71315]},
			"faces": {
				"north": {"uv": [3, 3, 2, 4], "texture": "#2"},
				"east": {"uv": [2, 6, 3, 3], "rotation": 270, "texture": "#2"},
				"south": {"uv": [3, 3, 2, 4], "texture": "#2"},
				"west": {"uv": [2, 6, 3, 3], "rotation": 90, "texture": "#2"},
				"up": {"uv": [3, 3, 2, 6], "texture": "#2"},
				"down": {"uv": [3, 3, 2, 6], "rotation": 180, "texture": "#2"}
			}
		},
		{
			"from": [8.7, 7.14847, 7.58815],
			"to": [8.725, 7.32347, 8.33815],
			"rotation": {"angle": 22.5, "axis": "x", "origin": [9.875, 5.77347, 6.71315]},
			"faces": {
				"north": {"uv": [3, 3, 2, 4], "texture": "#2"},
				"east": {"uv": [2, 6, 3, 3], "rotation": 270, "texture": "#2"},
				"south": {"uv": [3, 3, 2, 4], "texture": "#2"},
				"west": {"uv": [2, 6, 3, 3], "rotation": 90, "texture": "#2"},
				"up": {"uv": [3, 3, 2, 6], "texture": "#2"},
				"down": {"uv": [3, 3, 2, 6], "rotation": 180, "texture": "#2"}
			}
		},
		{
			"from": [8.725, 7.14847, 7.58815],
			"to": [8.75, 7.29847, 8.33815],
			"rotation": {"angle": 22.5, "axis": "x", "origin": [9.875, 5.77347, 6.71315]},
			"faces": {
				"north": {"uv": [3, 3, 2, 4], "texture": "#2"},
				"east": {"uv": [2, 6, 3, 3], "rotation": 270, "texture": "#2"},
				"south": {"uv": [3, 3, 2, 4], "texture": "#2"},
				"west": {"uv": [2, 6, 3, 3], "rotation": 90, "texture": "#2"},
				"up": {"uv": [3, 3, 2, 6], "texture": "#2"},
				"down": {"uv": [3, 3, 2, 6], "rotation": 180, "texture": "#2"}
			}
		},
		{
			"from": [8.75, 7.14847, 7.58815],
			"to": [8.775, 7.27347, 8.33815],
			"rotation": {"angle": 22.5, "axis": "x", "origin": [9.875, 5.77347, 6.71315]},
			"faces": {
				"north": {"uv": [3, 3, 2, 4], "texture": "#2"},
				"east": {"uv": [2, 6, 3, 3], "rotation": 270, "texture": "#2"},
				"south": {"uv": [3, 3, 2, 4], "texture": "#2"},
				"west": {"uv": [2, 6, 3, 3], "rotation": 90, "texture": "#2"},
				"up": {"uv": [3, 3, 2, 6], "texture": "#2"},
				"down": {"uv": [3, 3, 2, 6], "rotation": 180, "texture": "#2"}
			}
		},
		{
			"from": [8.775, 7.14847, 7.58815],
			"to": [8.8, 7.24847, 8.33815],
			"rotation": {"angle": 22.5, "axis": "x", "origin": [9.875, 5.77347, 6.71315]},
			"faces": {
				"north": {"uv": [3, 3, 2, 4], "texture": "#2"},
				"east": {"uv": [2, 6, 3, 3], "rotation": 270, "texture": "#2"},
				"south": {"uv": [3, 3, 2, 4], "texture": "#2"},
				"west": {"uv": [2, 6, 3, 3], "rotation": 90, "texture": "#2"},
				"up": {"uv": [3, 3, 2, 6], "texture": "#2"},
				"down": {"uv": [3, 3, 2, 6], "rotation": 180, "texture": "#2"}
			}
		},
		{
			"from": [8.8, 7.14847, 7.58815],
			"to": [8.825, 7.22347, 8.33815],
			"rotation": {"angle": 22.5, "axis": "x", "origin": [9.875, 5.77347, 6.71315]},
			"faces": {
				"north": {"uv": [3, 3, 2, 4], "texture": "#2"},
				"east": {"uv": [2, 6, 3, 3], "rotation": 270, "texture": "#2"},
				"south": {"uv": [3, 3, 2, 4], "texture": "#2"},
				"west": {"uv": [2, 6, 3, 3], "rotation": 90, "texture": "#2"},
				"up": {"uv": [3, 3, 2, 6], "texture": "#2"},
				"down": {"uv": [3, 3, 2, 6], "rotation": 180, "texture": "#2"}
			}
		},
		{
			"from": [8.825, 7.14847, 7.58815],
			"to": [8.85, 7.19847, 8.33815],
			"rotation": {"angle": 22.5, "axis": "x", "origin": [9.875, 5.77347, 6.71315]},
			"faces": {
				"north": {"uv": [3, 3, 2, 4], "texture": "#2"},
				"east": {"uv": [2, 6, 3, 3], "rotation": 270, "texture": "#2"},
				"south": {"uv": [3, 3, 2, 4], "texture": "#2"},
				"west": {"uv": [2, 6, 3, 3], "rotation": 90, "texture": "#2"},
				"up": {"uv": [3, 3, 2, 6], "texture": "#2"},
				"down": {"uv": [3, 3, 2, 6], "rotation": 180, "texture": "#2"}
			}
		},
		{
			"from": [8.85, 7.14847, 7.58815],
			"to": [8.875, 7.17347, 8.33815],
			"rotation": {"angle": 22.5, "axis": "x", "origin": [9.875, 5.77347, 6.71315]},
			"faces": {
				"north": {"uv": [3, 3, 2, 4], "texture": "#2"},
				"east": {"uv": [2, 6, 3, 3], "rotation": 270, "texture": "#2"},
				"south": {"uv": [3, 3, 2, 4], "texture": "#2"},
				"west": {"uv": [2, 6, 3, 3], "rotation": 90, "texture": "#2"},
				"up": {"uv": [3, 3, 2, 6], "texture": "#2"},
				"down": {"uv": [3, 3, 2, 6], "rotation": 180, "texture": "#2"}
			}
		},
		{
			"from": [8.85, 6.37347, 7.58815],
			"to": [8.875, 6.39847, 8.33815],
			"rotation": {"angle": 22.5, "axis": "x", "origin": [9.875, 5.77347, 6.71315]},
			"faces": {
				"north": {"uv": [2, 7, 1, 8], "texture": "#2"},
				"east": {"uv": [1, 10, 2, 7], "rotation": 270, "texture": "#2"},
				"south": {"uv": [2, 7, 1, 8], "texture": "#2"},
				"west": {"uv": [1, 10, 2, 7], "rotation": 90, "texture": "#2"},
				"up": {"uv": [2, 7, 1, 10], "texture": "#2"},
				"down": {"uv": [2, 7, 1, 10], "rotation": 180, "texture": "#2"}
			}
		},
		{
			"from": [8.825, 6.34847, 7.58815],
			"to": [8.85, 6.39847, 8.33815],
			"rotation": {"angle": 22.5, "axis": "x", "origin": [9.875, 5.77347, 6.71315]},
			"faces": {
				"north": {"uv": [2, 7, 1, 8], "texture": "#2"},
				"east": {"uv": [1, 10, 2, 7], "rotation": 270, "texture": "#2"},
				"south": {"uv": [2, 7, 1, 8], "texture": "#2"},
				"west": {"uv": [1, 10, 2, 7], "rotation": 90, "texture": "#2"},
				"up": {"uv": [2, 7, 1, 10], "texture": "#2"},
				"down": {"uv": [2, 7, 1, 10], "rotation": 180, "texture": "#2"}
			}
		},
		{
			"from": [8.8, 6.32347, 7.58815],
			"to": [8.825, 6.39847, 8.33815],
			"rotation": {"angle": 22.5, "axis": "x", "origin": [9.875, 5.77347, 6.71315]},
			"faces": {
				"north": {"uv": [2, 7, 1, 8], "texture": "#2"},
				"east": {"uv": [1, 10, 2, 7], "rotation": 270, "texture": "#2"},
				"south": {"uv": [2, 7, 1, 8], "texture": "#2"},
				"west": {"uv": [1, 10, 2, 7], "rotation": 90, "texture": "#2"},
				"up": {"uv": [2, 7, 1, 10], "texture": "#2"},
				"down": {"uv": [2, 7, 1, 10], "rotation": 180, "texture": "#2"}
			}
		},
		{
			"from": [8.775, 6.29847, 7.58815],
			"to": [8.8, 6.39847, 8.33815],
			"rotation": {"angle": 22.5, "axis": "x", "origin": [9.875, 5.77347, 6.71315]},
			"faces": {
				"north": {"uv": [2, 7, 1, 8], "texture": "#2"},
				"east": {"uv": [1, 10, 2, 7], "rotation": 270, "texture": "#2"},
				"south": {"uv": [2, 7, 1, 8], "texture": "#2"},
				"west": {"uv": [1, 10, 2, 7], "rotation": 90, "texture": "#2"},
				"up": {"uv": [2, 7, 1, 10], "texture": "#2"},
				"down": {"uv": [2, 7, 1, 10], "rotation": 180, "texture": "#2"}
			}
		},
		{
			"from": [8.75, 6.27347, 7.58815],
			"to": [8.775, 6.39847, 8.33815],
			"rotation": {"angle": 22.5, "axis": "x", "origin": [9.875, 5.77347, 6.71315]},
			"faces": {
				"north": {"uv": [2, 7, 1, 8], "texture": "#2"},
				"east": {"uv": [1, 10, 2, 7], "rotation": 270, "texture": "#2"},
				"south": {"uv": [2, 7, 1, 8], "texture": "#2"},
				"west": {"uv": [1, 10, 2, 7], "rotation": 90, "texture": "#2"},
				"up": {"uv": [2, 7, 1, 10], "texture": "#2"},
				"down": {"uv": [2, 7, 1, 10], "rotation": 180, "texture": "#2"}
			}
		},
		{
			"from": [8.725, 6.24847, 7.58815],
			"to": [8.75, 6.39847, 8.33815],
			"rotation": {"angle": 22.5, "axis": "x", "origin": [9.875, 5.77347, 6.71315]},
			"faces": {
				"north": {"uv": [2, 7, 1, 8], "texture": "#2"},
				"east": {"uv": [1, 10, 2, 7], "rotation": 270, "texture": "#2"},
				"south": {"uv": [2, 7, 1, 8], "texture": "#2"},
				"west": {"uv": [1, 10, 2, 7], "rotation": 90, "texture": "#2"},
				"up": {"uv": [2, 7, 1, 10], "texture": "#2"},
				"down": {"uv": [2, 7, 1, 10], "rotation": 180, "texture": "#2"}
			}
		},
		{
			"from": [8.7, 6.22347, 7.58815],
			"to": [8.725, 6.39847, 8.33815],
			"rotation": {"angle": 22.5, "axis": "x", "origin": [9.875, 5.77347, 6.71315]},
			"faces": {
				"north": {"uv": [2, 7, 1, 8], "texture": "#2"},
				"east": {"uv": [1, 10, 2, 7], "rotation": 270, "texture": "#2"},
				"south": {"uv": [2, 7, 1, 8], "texture": "#2"},
				"west": {"uv": [1, 10, 2, 7], "rotation": 90, "texture": "#2"},
				"up": {"uv": [2, 7, 1, 10], "texture": "#2"},
				"down": {"uv": [2, 7, 1, 10], "rotation": 180, "texture": "#2"}
			}
		},
		{
			"from": [8.675, 6.19847, 7.58815],
			"to": [8.7, 6.39847, 8.33815],
			"rotation": {"angle": 22.5, "axis": "x", "origin": [9.875, 5.77347, 6.71315]},
			"faces": {
				"north": {"uv": [2, 7, 1, 8], "texture": "#2"},
				"east": {"uv": [1, 10, 2, 7], "rotation": 270, "texture": "#2"},
				"south": {"uv": [2, 7, 1, 8], "texture": "#2"},
				"west": {"uv": [1, 10, 2, 7], "rotation": 90, "texture": "#2"},
				"up": {"uv": [2, 7, 1, 10], "texture": "#2"},
				"down": {"uv": [2, 7, 1, 10], "rotation": 180, "texture": "#2"}
			}
		},
		{
			"from": [8.65, 6.17347, 7.58815],
			"to": [8.675, 6.39847, 8.33815],
			"rotation": {"angle": 22.5, "axis": "x", "origin": [9.875, 5.77347, 6.71315]},
			"faces": {
				"north": {"uv": [2, 7, 1, 8], "texture": "#2"},
				"east": {"uv": [1, 10, 2, 7], "rotation": 270, "texture": "#2"},
				"south": {"uv": [2, 7, 1, 8], "texture": "#2"},
				"west": {"uv": [1, 10, 2, 7], "rotation": 90, "texture": "#2"},
				"up": {"uv": [2, 7, 1, 10], "texture": "#2"},
				"down": {"uv": [2, 7, 1, 10], "rotation": 180, "texture": "#2"}
			}
		},
		{
			"from": [8.625, 6.14847, 7.58815],
			"to": [8.65, 6.39847, 8.33815],
			"rotation": {"angle": 22.5, "axis": "x", "origin": [9.875, 5.77347, 6.71315]},
			"faces": {
				"north": {"uv": [2, 7, 1, 8], "texture": "#2"},
				"east": {"uv": [1, 10, 2, 7], "rotation": 270, "texture": "#2"},
				"south": {"uv": [2, 7, 1, 8], "texture": "#2"},
				"west": {"uv": [1, 10, 2, 7], "rotation": 90, "texture": "#2"},
				"up": {"uv": [2, 7, 1, 10], "texture": "#2"},
				"down": {"uv": [2, 7, 1, 10], "rotation": 180, "texture": "#2"}
			}
		},
		{
			"from": [8.6, 6.12347, 7.58815],
			"to": [8.625, 6.14847, 8.33815],
			"rotation": {"angle": 22.5, "axis": "x", "origin": [9.875, 5.77347, 6.71315]},
			"faces": {
				"north": {"uv": [2, 8, 1, 9], "texture": "#2"},
				"east": {"uv": [1, 11, 2, 8], "rotation": 270, "texture": "#2"},
				"south": {"uv": [2, 8, 1, 9], "texture": "#2"},
				"west": {"uv": [1, 11, 2, 8], "rotation": 90, "texture": "#2"},
				"up": {"uv": [2, 8, 1, 11], "texture": "#2"},
				"down": {"uv": [2, 8, 1, 11], "rotation": 180, "texture": "#2"}
			}
		},
		{
			"from": [8.575, 6.09847, 7.58815],
			"to": [8.6, 6.14847, 8.33815],
			"rotation": {"angle": 22.5, "axis": "x", "origin": [9.875, 5.77347, 6.71315]},
			"faces": {
				"north": {"uv": [2, 8, 1, 9], "texture": "#2"},
				"east": {"uv": [1, 11, 2, 8], "rotation": 270, "texture": "#2"},
				"south": {"uv": [2, 8, 1, 9], "texture": "#2"},
				"west": {"uv": [1, 11, 2, 8], "rotation": 90, "texture": "#2"},
				"up": {"uv": [2, 8, 1, 11], "texture": "#2"},
				"down": {"uv": [2, 8, 1, 11], "rotation": 180, "texture": "#2"}
			}
		},
		{
			"from": [8.55, 6.07347, 7.58815],
			"to": [8.575, 6.14847, 8.33815],
			"rotation": {"angle": 22.5, "axis": "x", "origin": [9.875, 5.77347, 6.71315]},
			"faces": {
				"north": {"uv": [2, 8, 1, 9], "texture": "#2"},
				"east": {"uv": [1, 11, 2, 8], "rotation": 270, "texture": "#2"},
				"south": {"uv": [2, 8, 1, 9], "texture": "#2"},
				"west": {"uv": [1, 11, 2, 8], "rotation": 90, "texture": "#2"},
				"up": {"uv": [2, 8, 1, 11], "texture": "#2"},
				"down": {"uv": [2, 8, 1, 11], "rotation": 180, "texture": "#2"}
			}
		},
		{
			"from": [8.525, 6.04847, 7.58815],
			"to": [8.55, 6.14847, 8.33815],
			"rotation": {"angle": 22.5, "axis": "x", "origin": [9.875, 5.77347, 6.71315]},
			"faces": {
				"north": {"uv": [2, 8, 1, 9], "texture": "#2"},
				"east": {"uv": [1, 11, 2, 8], "rotation": 270, "texture": "#2"},
				"south": {"uv": [2, 8, 1, 9], "texture": "#2"},
				"west": {"uv": [1, 11, 2, 8], "rotation": 90, "texture": "#2"},
				"up": {"uv": [2, 8, 1, 11], "texture": "#2"},
				"down": {"uv": [2, 8, 1, 11], "rotation": 180, "texture": "#2"}
			}
		},
		{
			"from": [8.5, 6.02347, 7.58815],
			"to": [8.525, 6.14847, 8.33815],
			"rotation": {"angle": 22.5, "axis": "x", "origin": [9.875, 5.77347, 6.71315]},
			"faces": {
				"north": {"uv": [2, 8, 1, 9], "texture": "#2"},
				"east": {"uv": [1, 11, 2, 8], "rotation": 270, "texture": "#2"},
				"south": {"uv": [2, 8, 1, 9], "texture": "#2"},
				"west": {"uv": [1, 11, 2, 8], "rotation": 90, "texture": "#2"},
				"up": {"uv": [2, 8, 1, 11], "texture": "#2"},
				"down": {"uv": [2, 8, 1, 11], "rotation": 180, "texture": "#2"}
			}
		},
		{
			"from": [8.475, 5.99847, 7.58815],
			"to": [8.5, 6.14847, 8.33815],
			"rotation": {"angle": 22.5, "axis": "x", "origin": [9.875, 5.77347, 6.71315]},
			"faces": {
				"north": {"uv": [2, 8, 1, 9], "texture": "#2"},
				"east": {"uv": [1, 11, 2, 8], "rotation": 270, "texture": "#2"},
				"south": {"uv": [2, 8, 1, 9], "texture": "#2"},
				"west": {"uv": [1, 11, 2, 8], "rotation": 90, "texture": "#2"},
				"up": {"uv": [2, 8, 1, 11], "texture": "#2"},
				"down": {"uv": [2, 8, 1, 11], "rotation": 180, "texture": "#2"}
			}
		},
		{
			"from": [8.45, 5.97347, 7.58815],
			"to": [8.475, 6.14847, 8.33815],
			"rotation": {"angle": 22.5, "axis": "x", "origin": [9.875, 5.77347, 6.71315]},
			"faces": {
				"north": {"uv": [2, 8, 1, 9], "texture": "#2"},
				"east": {"uv": [1, 11, 2, 8], "rotation": 270, "texture": "#2"},
				"south": {"uv": [2, 8, 1, 9], "texture": "#2"},
				"west": {"uv": [1, 11, 2, 8], "rotation": 90, "texture": "#2"},
				"up": {"uv": [2, 8, 1, 11], "texture": "#2"},
				"down": {"uv": [2, 8, 1, 11], "rotation": 180, "texture": "#2"}
			}
		},
		{
			"from": [8.425, 5.94847, 7.58815],
			"to": [8.45, 6.14847, 8.33815],
			"rotation": {"angle": 22.5, "axis": "x", "origin": [9.875, 5.77347, 6.71315]},
			"faces": {
				"north": {"uv": [2, 8, 1, 9], "texture": "#2"},
				"east": {"uv": [1, 11, 2, 8], "rotation": 270, "texture": "#2"},
				"south": {"uv": [2, 8, 1, 9], "texture": "#2"},
				"west": {"uv": [1, 11, 2, 8], "rotation": 90, "texture": "#2"},
				"up": {"uv": [2, 8, 1, 11], "texture": "#2"},
				"down": {"uv": [2, 8, 1, 11], "rotation": 180, "texture": "#2"}
			}
		},
		{
			"from": [8.4, 5.92347, 7.58815],
			"to": [8.425, 6.14847, 8.33815],
			"rotation": {"angle": 22.5, "axis": "x", "origin": [9.875, 5.77347, 6.71315]},
			"faces": {
				"north": {"uv": [2, 8, 1, 9], "texture": "#2"},
				"east": {"uv": [1, 11, 2, 8], "rotation": 270, "texture": "#2"},
				"south": {"uv": [2, 8, 1, 9], "texture": "#2"},
				"west": {"uv": [1, 11, 2, 8], "rotation": 90, "texture": "#2"},
				"up": {"uv": [2, 8, 1, 11], "texture": "#2"},
				"down": {"uv": [2, 8, 1, 11], "rotation": 180, "texture": "#2"}
			}
		},
		{
			"from": [8.375, 5.89847, 7.58815],
			"to": [8.4, 6.14847, 8.33815],
			"rotation": {"angle": 22.5, "axis": "x", "origin": [9.875, 5.77347, 6.71315]},
			"faces": {
				"north": {"uv": [2, 8, 1, 9], "texture": "#2"},
				"east": {"uv": [1, 11, 2, 8], "rotation": 270, "texture": "#2"},
				"south": {"uv": [2, 8, 1, 9], "texture": "#2"},
				"west": {"uv": [1, 11, 2, 8], "rotation": 90, "texture": "#2"},
				"up": {"uv": [2, 8, 1, 11], "texture": "#2"},
				"down": {"uv": [2, 8, 1, 11], "rotation": 180, "texture": "#2"}
			}
		},
		{
			"from": [8.6, 7.39847, 7.58815],
			"to": [8.625, 7.42347, 8.33815],
			"rotation": {"angle": 22.5, "axis": "x", "origin": [9.875, 5.77347, 6.71315]},
			"faces": {
				"north": {"uv": [3, 2, 2, 3], "texture": "#2"},
				"east": {"uv": [2, 5, 3, 2], "rotation": 270, "texture": "#2"},
				"south": {"uv": [3, 2, 2, 3], "texture": "#2"},
				"west": {"uv": [2, 5, 3, 2], "rotation": 90, "texture": "#2"},
				"up": {"uv": [3, 2, 2, 5], "texture": "#2"},
				"down": {"uv": [3, 2, 2, 5], "rotation": 180, "texture": "#2"}
			}
		},
		{
			"from": [8.575, 7.39847, 7.58815],
			"to": [8.6, 7.44847, 8.33815],
			"rotation": {"angle": 22.5, "axis": "x", "origin": [9.875, 5.77347, 6.71315]},
			"faces": {
				"north": {"uv": [3, 2, 2, 3], "texture": "#2"},
				"east": {"uv": [2, 5, 3, 2], "rotation": 270, "texture": "#2"},
				"south": {"uv": [3, 2, 2, 3], "texture": "#2"},
				"west": {"uv": [2, 5, 3, 2], "rotation": 90, "texture": "#2"},
				"up": {"uv": [3, 2, 2, 5], "texture": "#2"},
				"down": {"uv": [3, 2, 2, 5], "rotation": 180, "texture": "#2"}
			}
		},
		{
			"from": [8.55, 7.39847, 7.58815],
			"to": [8.575, 7.47347, 8.33815],
			"rotation": {"angle": 22.5, "axis": "x", "origin": [9.875, 5.77347, 6.71315]},
			"faces": {
				"north": {"uv": [3, 2, 2, 3], "texture": "#2"},
				"east": {"uv": [2, 5, 3, 2], "rotation": 270, "texture": "#2"},
				"south": {"uv": [3, 2, 2, 3], "texture": "#2"},
				"west": {"uv": [2, 5, 3, 2], "rotation": 90, "texture": "#2"},
				"up": {"uv": [3, 2, 2, 5], "texture": "#2"},
				"down": {"uv": [3, 2, 2, 5], "rotation": 180, "texture": "#2"}
			}
		},
		{
			"from": [8.525, 7.39847, 7.58815],
			"to": [8.55, 7.49847, 8.33815],
			"rotation": {"angle": 22.5, "axis": "x", "origin": [9.875, 5.77347, 6.71315]},
			"faces": {
				"north": {"uv": [3, 2, 2, 3], "texture": "#2"},
				"east": {"uv": [2, 5, 3, 2], "rotation": 270, "texture": "#2"},
				"south": {"uv": [3, 2, 2, 3], "texture": "#2"},
				"west": {"uv": [2, 5, 3, 2], "rotation": 90, "texture": "#2"},
				"up": {"uv": [3, 2, 2, 5], "texture": "#2"},
				"down": {"uv": [3, 2, 2, 5], "rotation": 180, "texture": "#2"}
			}
		},
		{
			"from": [8.5, 7.39847, 7.58815],
			"to": [8.525, 7.52347, 8.33815],
			"rotation": {"angle": 22.5, "axis": "x", "origin": [9.875, 5.77347, 6.71315]},
			"faces": {
				"north": {"uv": [3, 2, 2, 3], "texture": "#2"},
				"east": {"uv": [2, 5, 3, 2], "rotation": 270, "texture": "#2"},
				"south": {"uv": [3, 2, 2, 3], "texture": "#2"},
				"west": {"uv": [2, 5, 3, 2], "rotation": 90, "texture": "#2"},
				"up": {"uv": [3, 2, 2, 5], "texture": "#2"},
				"down": {"uv": [3, 2, 2, 5], "rotation": 180, "texture": "#2"}
			}
		},
		{
			"from": [8.475, 7.39847, 7.58815],
			"to": [8.5, 7.54847, 8.33815],
			"rotation": {"angle": 22.5, "axis": "x", "origin": [9.875, 5.77347, 6.71315]},
			"faces": {
				"north": {"uv": [3, 2, 2, 3], "texture": "#2"},
				"east": {"uv": [2, 5, 3, 2], "rotation": 270, "texture": "#2"},
				"south": {"uv": [3, 2, 2, 3], "texture": "#2"},
				"west": {"uv": [2, 5, 3, 2], "rotation": 90, "texture": "#2"},
				"up": {"uv": [3, 2, 2, 5], "texture": "#2"},
				"down": {"uv": [3, 2, 2, 5], "rotation": 180, "texture": "#2"}
			}
		},
		{
			"from": [8.45, 7.39847, 7.58815],
			"to": [8.475, 7.57347, 8.33815],
			"rotation": {"angle": 22.5, "axis": "x", "origin": [9.875, 5.77347, 6.71315]},
			"faces": {
				"north": {"uv": [3, 2, 2, 3], "texture": "#2"},
				"east": {"uv": [2, 5, 3, 2], "rotation": 270, "texture": "#2"},
				"south": {"uv": [3, 2, 2, 3], "texture": "#2"},
				"west": {"uv": [2, 5, 3, 2], "rotation": 90, "texture": "#2"},
				"up": {"uv": [3, 2, 2, 5], "texture": "#2"},
				"down": {"uv": [3, 2, 2, 5], "rotation": 180, "texture": "#2"}
			}
		},
		{
			"from": [8.425, 7.39847, 7.58815],
			"to": [8.45, 7.59847, 8.33815],
			"rotation": {"angle": 22.5, "axis": "x", "origin": [9.875, 5.77347, 6.71315]},
			"faces": {
				"north": {"uv": [3, 2, 2, 3], "texture": "#2"},
				"east": {"uv": [2, 5, 3, 2], "rotation": 270, "texture": "#2"},
				"south": {"uv": [3, 2, 2, 3], "texture": "#2"},
				"west": {"uv": [2, 5, 3, 2], "rotation": 90, "texture": "#2"},
				"up": {"uv": [3, 2, 2, 5], "texture": "#2"},
				"down": {"uv": [3, 2, 2, 5], "rotation": 180, "texture": "#2"}
			}
		},
		{
			"from": [8.4, 7.39847, 7.58815],
			"to": [8.425, 7.62347, 8.33815],
			"rotation": {"angle": 22.5, "axis": "x", "origin": [9.875, 5.77347, 6.71315]},
			"faces": {
				"north": {"uv": [3, 2, 2, 3], "texture": "#2"},
				"east": {"uv": [2, 5, 3, 2], "rotation": 270, "texture": "#2"},
				"south": {"uv": [3, 2, 2, 3], "texture": "#2"},
				"west": {"uv": [2, 5, 3, 2], "rotation": 90, "texture": "#2"},
				"up": {"uv": [3, 2, 2, 5], "texture": "#2"},
				"down": {"uv": [3, 2, 2, 5], "rotation": 180, "texture": "#2"}
			}
		},
		{
			"from": [8.375, 7.39847, 7.58815],
			"to": [8.4, 7.64847, 8.33815],
			"rotation": {"angle": 22.5, "axis": "x", "origin": [9.875, 5.77347, 6.71315]},
			"faces": {
				"north": {"uv": [3, 2, 2, 3], "texture": "#2"},
				"east": {"uv": [2, 5, 3, 2], "rotation": 270, "texture": "#2"},
				"south": {"uv": [3, 2, 2, 3], "texture": "#2"},
				"west": {"uv": [2, 5, 3, 2], "rotation": 90, "texture": "#2"},
				"up": {"uv": [3, 2, 2, 5], "texture": "#2"},
				"down": {"uv": [3, 2, 2, 5], "rotation": 180, "texture": "#2"}
			}
		},
		{
			"from": [8.375, 6.14847, 7.58815],
			"to": [8.625, 7.39847, 8.33815],
			"rotation": {"angle": 22.5, "axis": "x", "origin": [6.125, 5.77347, 6.71315]},
			"faces": {
				"north": {"uv": [2, 2, 3, 7], "texture": "#2"},
				"east": {"uv": [2, 2, 7, 5], "rotation": 90, "texture": "#2"},
				"south": {"uv": [2, 2, 3, 7], "texture": "#2"},
				"west": {"uv": [2, 2, 7, 5], "rotation": 270, "texture": "#2"},
				"up": {"uv": [2, 2, 3, 5], "texture": "#2"},
				"down": {"uv": [2, 2, 3, 5], "rotation": 180, "texture": "#2"}
			}
		},
		{
			"from": [8.625, 6.39847, 7.58815],
			"to": [8.875, 7.14847, 8.33815],
			"rotation": {"angle": 22.5, "axis": "x", "origin": [6.125, 5.77347, 6.71315]},
			"faces": {
				"north": {"uv": [2, 2, 3, 5], "texture": "#2"},
				"east": {"uv": [2, 2, 5, 5], "rotation": 90, "texture": "#2"},
				"south": {"uv": [2, 2, 3, 5], "texture": "#2"},
				"west": {"uv": [2, 2, 5, 5], "rotation": 270, "texture": "#2"},
				"up": {"uv": [2, 2, 3, 5], "texture": "#2"},
				"down": {"uv": [2, 2, 3, 5], "rotation": 180, "texture": "#2"}
			}
		},
		{
			"from": [7.875, 6.94847, 9.15065],
			"to": [8.125, 7.44847, 9.40065],
			"shade": false,
			"rotation": {"angle": 0, "axis": "y", "origin": [6.125, 5.77347, 6.58815]},
			"faces": {
				"north": {"uv": [5, 7, 6, 9], "rotation": 180, "texture": "#2"},
				"east": {"uv": [6, 7, 8, 8], "rotation": 90, "texture": "#2"},
				"south": {"uv": [5, 7, 6, 9], "texture": "#2"},
				"west": {"uv": [6, 7, 8, 8], "rotation": 270, "texture": "#2"},
				"up": {"uv": [7, 5, 8, 6], "texture": "#2"},
				"down": {"uv": [4, 10, 5, 11], "rotation": 180, "texture": "#2"}
			}
		},
		{
			"from": [7.875, 6.94847, 9.40065],
			"to": [8.125, 6.94847, 9.90065],
			"shade": false,
			"rotation": {"angle": 0, "axis": "y", "origin": [6.125, 5.77347, 6.58815]},
			"faces": {
				"north": {"uv": [0, 0, 1, 0], "rotation": 180, "texture": "#2"},
				"east": {"uv": [0, 0, 0, 2], "rotation": 90, "texture": "#2"},
				"south": {"uv": [0, 0, 1, 0], "texture": "#2"},
				"west": {"uv": [0, 0, 0, 2], "rotation": 270, "texture": "#2"},
				"up": {"uv": [0, 0, 1, 2], "texture": "#2"},
				"down": {"uv": [0, 0, 1, 2], "rotation": 180, "texture": "#2"}
			}
		},
		{
			"from": [7.875, 4.82347, 10.08815],
			"to": [8.125, 6.07347, 10.58815],
			"shade": false,
			"rotation": {"angle": -22.5, "axis": "x", "origin": [6.125, 5.77347, 6.58815]},
			"faces": {
				"north": {"uv": [0, 0, 1, 5], "rotation": 180, "texture": "#1"},
				"east": {"uv": [0, 0, 5, 2], "rotation": 90, "texture": "#1"},
				"south": {"uv": [0, 0, 1, 5], "texture": "#1"},
				"west": {"uv": [0, 0, 5, 2], "rotation": 270, "texture": "#1"},
				"up": {"uv": [0, 0, 1, 2], "texture": "#1"},
				"down": {"uv": [0, 0, 1, 2], "rotation": 180, "texture": "#1"}
			}
		},
		{
			"from": [7.875, 4.82347, 9.96315],
			"to": [8.125, 5.07347, 10.21315],
			"shade": false,
			"rotation": {"angle": -22.5, "axis": "x", "origin": [6.125, 5.77347, 6.58815]},
			"faces": {
				"north": {"uv": [0, 0, 1, 1], "rotation": 180, "texture": "#1"},
				"east": {"uv": [0, 0, 1, 1], "rotation": 90, "texture": "#1"},
				"south": {"uv": [0, 0, 1, 1], "texture": "#1"},
				"west": {"uv": [0, 0, 1, 1], "rotation": 270, "texture": "#1"},
				"up": {"uv": [0, 0, 1, 1], "texture": "#1"},
				"down": {"uv": [0, 0, 1, 1], "rotation": 180, "texture": "#1"}
			}
		},
		{
			"from": [8.5, 7.75, 5.5],
			"to": [8.75, 8, 6.5],
			"rotation": {"angle": 0, "axis": "y", "origin": [6.25, 6, 6]},
			"faces": {
				"north": {"uv": [1, 4, 2, 5], "texture": "#4"},
				"east": {"uv": [1, 4, 5, 5], "texture": "#4"},
				"south": {"uv": [1, 4, 2, 5], "texture": "#4"},
				"west": {"uv": [1, 4, 5, 5], "texture": "#4"},
				"up": {"uv": [1, 4, 2, 8], "texture": "#4"},
				"down": {"uv": [1, 4, 2, 8], "texture": "#4"}
			}
		},
		{
			"from": [8.625, 7.75, 5.5],
			"to": [8.875, 8, 6.5],
			"rotation": {"angle": 0, "axis": "y", "origin": [6.25, 6, 6]},
			"faces": {
				"north": {"uv": [1, 4, 2, 5], "texture": "#4"},
				"east": {"uv": [1, 4, 5, 5], "texture": "#4"},
				"south": {"uv": [1, 4, 2, 5], "texture": "#4"},
				"west": {"uv": [1, 4, 5, 5], "texture": "#4"},
				"up": {"uv": [1, 4, 2, 8], "texture": "#4"},
				"down": {"uv": [1, 4, 2, 8], "texture": "#4"}
			}
		},
		{
			"from": [8.5625, 7.8125, 6.35],
			"to": [8.8125, 8.0625, 6.85],
			"rotation": {"angle": 0, "axis": "y", "origin": [6.25, 6, 6]},
			"faces": {
				"north": {"uv": [4, 7, 5, 8], "texture": "#4"},
				"east": {"uv": [4, 7, 6, 8], "texture": "#4"},
				"south": {"uv": [4, 7, 5, 8], "texture": "#4"},
				"west": {"uv": [4, 7, 6, 8], "texture": "#4"},
				"up": {"uv": [4, 7, 5, 9], "texture": "#4"},
				"down": {"uv": [4, 7, 5, 9], "texture": "#4"}
			}
		},
		{
			"from": [8.625, 7.875, 5.5],
			"to": [8.875, 8.125, 6.5],
			"rotation": {"angle": 0, "axis": "y", "origin": [6.25, 6, 6]},
			"faces": {
				"north": {"uv": [1, 4, 2, 5], "texture": "#4"},
				"east": {"uv": [1, 4, 5, 5], "texture": "#4"},
				"south": {"uv": [1, 4, 2, 5], "texture": "#4"},
				"west": {"uv": [1, 4, 5, 5], "texture": "#4"},
				"up": {"uv": [1, 4, 2, 8], "texture": "#4"},
				"down": {"uv": [1, 4, 2, 8], "texture": "#4"}
			}
		},
		{
			"from": [8.5, 7.875, 5.5],
			"to": [8.75, 8.125, 6.5],
			"rotation": {"angle": 0, "axis": "y", "origin": [6.25, 6, 6]},
			"faces": {
				"north": {"uv": [1, 4, 2, 5], "texture": "#4"},
				"east": {"uv": [1, 4, 5, 5], "texture": "#4"},
				"south": {"uv": [1, 4, 2, 5], "texture": "#4"},
				"west": {"uv": [1, 4, 5, 5], "texture": "#4"},
				"up": {"uv": [1, 4, 2, 8], "texture": "#4"},
				"down": {"uv": [1, 4, 2, 8], "texture": "#4"}
			}
		},
		{
			"from": [8.5, 7.875, 6.55],
			"to": [8.75, 8.125, 6.8],
			"rotation": {"angle": 0, "axis": "y", "origin": [6.25, 6, 6]},
			"faces": {
				"north": {"uv": [0, 0, 1, 1], "texture": "#4"},
				"east": {"uv": [0, 0, 1, 1], "texture": "#4"},
				"south": {"uv": [0, 0, 1, 1], "texture": "#4"},
				"west": {"uv": [0, 0, 1, 1], "texture": "#4"},
				"up": {"uv": [0, 0, 1, 1], "texture": "#4"},
				"down": {"uv": [0, 0, 1, 1], "texture": "#4"}
			}
		},
		{
			"from": [8.625, 7.875, 6.55],
			"to": [8.875, 8.125, 6.8],
			"rotation": {"angle": 0, "axis": "y", "origin": [6.25, 6, 6]},
			"faces": {
				"north": {"uv": [0, 0, 1, 1], "texture": "#4"},
				"east": {"uv": [0, 0, 1, 1], "texture": "#4"},
				"south": {"uv": [0, 0, 1, 1], "texture": "#4"},
				"west": {"uv": [0, 0, 1, 1], "texture": "#4"},
				"up": {"uv": [0, 0, 1, 1], "texture": "#4"},
				"down": {"uv": [0, 0, 1, 1], "texture": "#4"}
			}
		},
		{
			"from": [8.625, 7.75, 6.55],
			"to": [8.875, 8, 6.8],
			"rotation": {"angle": 0, "axis": "y", "origin": [6.25, 6, 6]},
			"faces": {
				"north": {"uv": [0, 0, 1, 1], "texture": "#4"},
				"east": {"uv": [0, 0, 1, 1], "texture": "#4"},
				"south": {"uv": [0, 0, 1, 1], "texture": "#4"},
				"west": {"uv": [0, 0, 1, 1], "texture": "#4"},
				"up": {"uv": [0, 0, 1, 1], "texture": "#4"},
				"down": {"uv": [0, 0, 1, 1], "texture": "#4"}
			}
		},
		{
			"from": [8.5, 7.75, 6.55],
			"to": [8.75, 8, 6.8],
			"rotation": {"angle": 0, "axis": "y", "origin": [6.25, 6, 6]},
			"faces": {
				"north": {"uv": [0, 0, 1, 1], "texture": "#4"},
				"east": {"uv": [0, 0, 1, 1], "texture": "#4"},
				"south": {"uv": [0, 0, 1, 1], "texture": "#4"},
				"west": {"uv": [0, 0, 1, 1], "texture": "#4"},
				"up": {"uv": [0, 0, 1, 1], "texture": "#4"},
				"down": {"uv": [0, 0, 1, 1], "texture": "#4"}
			}
		},
		{
			"from": [8.5, 7.75, 6.85],
			"to": [8.75, 8, 7.1],
			"rotation": {"angle": 0, "axis": "y", "origin": [6.25, 6, 6]},
			"faces": {
				"north": {"uv": [2, 5, 3, 6], "texture": "#4"},
				"east": {"uv": [2, 5, 3, 6], "texture": "#4"},
				"south": {"uv": [2, 5, 3, 6], "texture": "#4"},
				"west": {"uv": [2, 5, 3, 6], "texture": "#4"},
				"up": {"uv": [2, 5, 3, 6], "texture": "#4"},
				"down": {"uv": [2, 5, 3, 6], "texture": "#4"}
			}
		},
		{
			"from": [8.625, 7.75, 6.85],
			"to": [8.875, 8, 7.1],
			"rotation": {"angle": 0, "axis": "y", "origin": [6.25, 6, 6]},
			"faces": {
				"north": {"uv": [2, 5, 3, 6], "texture": "#4"},
				"east": {"uv": [2, 5, 3, 6], "texture": "#4"},
				"south": {"uv": [2, 5, 3, 6], "texture": "#4"},
				"west": {"uv": [2, 5, 3, 6], "texture": "#4"},
				"up": {"uv": [2, 5, 3, 6], "texture": "#4"},
				"down": {"uv": [2, 5, 3, 6], "texture": "#4"}
			}
		},
		{
			"from": [8.625, 7.875, 6.85],
			"to": [8.875, 8.125, 7.1],
			"rotation": {"angle": 0, "axis": "y", "origin": [6.25, 6, 6]},
			"faces": {
				"north": {"uv": [2, 5, 3, 6], "texture": "#4"},
				"east": {"uv": [2, 5, 3, 6], "texture": "#4"},
				"south": {"uv": [2, 5, 3, 6], "texture": "#4"},
				"west": {"uv": [2, 5, 3, 6], "texture": "#4"},
				"up": {"uv": [2, 5, 3, 6], "texture": "#4"},
				"down": {"uv": [2, 5, 3, 6], "texture": "#4"}
			}
		},
		{
			"from": [8.5, 7.875, 6.85],
			"to": [8.75, 8.125, 7.1],
			"rotation": {"angle": 0, "axis": "y", "origin": [6.25, 6, 6]},
			"faces": {
				"north": {"uv": [2, 5, 3, 6], "texture": "#4"},
				"east": {"uv": [2, 5, 3, 6], "texture": "#4"},
				"south": {"uv": [2, 5, 3, 6], "texture": "#4"},
				"west": {"uv": [2, 5, 3, 6], "texture": "#4"},
				"up": {"uv": [2, 5, 3, 6], "texture": "#4"},
				"down": {"uv": [2, 5, 3, 6], "texture": "#4"}
			}
		},
		{
			"from": [8.675, 7.925, -15.99],
			"to": [8.7, 7.95, 5.51],
			"rotation": {"angle": 0, "axis": "y", "origin": [8.6875, 7.9375, -5.25]},
			"faces": {
				"north": {"uv": [11, 3, 12.5, 3], "texture": "#3"},
				"east": {"uv": [11, 3, 12, 4], "texture": "#3"},
				"south": {"uv": [11, 3, 12.5, 3], "texture": "#3"},
				"west": {"uv": [11, 3, 12, 4], "texture": "#3"},
				"up": {"uv": [11, 3, 12.5, 4], "texture": "#3"},
				"down": {"uv": [11, 3, 12.5, 4], "texture": "#3"}
			}
		},
		{
			"from": [8.6625, 7.9125, -16],
			"to": [8.7125, 7.9625, 5.5],
			"rotation": {"angle": 0, "axis": "z", "origin": [8.6875, 7.9375, -5.25]},
			"faces": {
				"north": {"uv": [2, 3, 3.5, 3], "texture": "#3"},
				"east": {"uv": [2, 3, 3, 4], "texture": "#3"},
				"south": {"uv": [2, 3, 3.5, 3], "texture": "#3"},
				"west": {"uv": [2, 3, 3, 4], "texture": "#3"},
				"up": {"uv": [2, 3, 3.5, 4], "texture": "#3"},
				"down": {"uv": [2, 3, 3.5, 4], "texture": "#3"}
			}
		}
	],
	"gui_light": "front",
	"display": {
		"thirdperson_righthand": {
			"translation": [0, 1.5, -2.5],
			"scale": [2, 2, 2]
		},
		"thirdperson_lefthand": {
			"translation": [-0.5, 1.5, -2.5],
			"scale": [2, 2, 2]
		},
		"firstperson_righthand": {
			"rotation": [0, 3, 0],
			"translation": [-3, 14, -4.25],
			"scale": [4, 4, 4]
		},
		"firstperson_lefthand": {
			"rotation": [0, 3, 0],
			"translation": [-3, 14, -4.25],
			"scale": [4, 4, 4]
		},
		"ground": {
			"rotation": [0, 0, 90],
			"scale": [2, 2, 2]
		},
		"gui": {
			"rotation": [90, 45, -90],
			"scale": [2, 2, 2]
		},
		"fixed": {
			"rotation": [0, -90, 0],
			"scale": [4, 4, 4]
		}
	},
	"groups": [
		{
			"name": "group",
			"origin": [8, 8, 8],
			"color": 0,
			"nbt": "{}",
			"children": [
				{
					"name": "body",
					"origin": [0.5, 0, 0],
					"color": 0,
					"nbt": "{}",
					"children": [0, 1, 2, 3, 4, 5]
				},
				{
					"name": "sight",
					"origin": [8, 8, 8],
					"color": 0,
					"nbt": "{}",
					"children": [
						{
							"name": "default",
							"origin": [8, 8, 8],
							"color": 0,
							"nbt": "{}",
							"children": [
								{
									"name": "@[animation=aim]",
									"origin": [8, 8.3375, 7.5],
									"color": 0,
									"nbt": "{}",
									"children": [
										{
											"name": "front",
											"origin": [8, 8.3375, 7.5],
											"color": 0,
											"nbt": "{}",
											"children": [6, 7, 8, 9, 10, 11, 12, 13, 14, 15, 16, 17, 18, 19]
										}
									]
								},
								{
									"name": "@[animation=!aim]",
									"origin": [8, 8, 8],
									"color": 0,
									"nbt": "{}",
									"children": [20]
								}
							]
						},
						{
							"name": "cobra",
							"origin": [8, 8, 8],
							"color": 0,
							"nbt": "{}",
							"children": [
								{
									"name": "@[animation=!aim]",
									"origin": [8, 8, 8],
									"color": 0,
									"nbt": "{}",
									"children": [21, 22]
								},
								{
									"name": "mount_rail",
									"origin": [6.125, 6, 6],
									"color": 0,
									"nbt": "{}",
									"children": [23, 24, 25, 26, 27, 28, 29, 30, 31, 32]
								},
								{
									"name": "@[animation=aim]",
									"origin": [8, 8, 8],
									"color": 0,
									"nbt": "{}",
									"children": [33, 34, 35, 36, 37, 38, 39, 40, 41, 42, 43, 44]
								}
							]
						}
					]
				},
				{
					"name": "stock",
					"origin": [8, 8, 8],
					"color": 0,
					"nbt": "{}",
					"children": [
						{
							"name": "default",
							"origin": [8, 8, 8],
							"color": 0,
							"nbt": "{}",
							"children": [45, 46, 47, 48]
						}
					]
				},
				{
					"name": "barrel",
					"origin": [8, 8, 8],
					"color": 0,
					"nbt": "{}",
					"children": [
						{
							"name": "default",
							"origin": [8, 8, 8],
							"color": 0,
							"nbt": "{}",
							"children": [
								{
									"name": "temp",
									"origin": [8, 8.01893, 3.22044],
									"color": 0,
									"nbt": "{}",
									"children": [49, 50, 51, 52, 53, 54, 55, 56, 57, 58, 59, 60, 61]
								},
								{
									"name": "@[animation=aim]",
									"origin": [6.125, 6, 6],
									"color": 0,
									"nbt": "{}",
									"children": [62, 63, 64, 65]
								},
								{
									"name": "@[animation=!aim]",
									"origin": [8, 8, 8],
									"color": 0,
									"nbt": "{}",
									"children": [66]
								}
							]
						},
						{
							"name": "group",
							"origin": [8, 8, 8],
							"color": 0,
							"nbt": "{}",
							"children": []
						}
					]
				},
				{
					"name": "magazine",
					"origin": [8, 8, 8],
					"color": 0,
					"nbt": "{}",
					"children": [
						{
							"name": "default",
							"origin": [8, 8, 8],
							"color": 0,
							"nbt": "{}",
							"children": [67, 68]
						},
						{
							"name": "75rd_drum",
							"origin": [8, 8, 8],
							"color": 0,
							"nbt": "{}",
							"children": [
								69,
								70,
								71,
								72,
								{
									"name": "temp",
									"origin": [6.125, 5.77347, 6.71315],
									"color": 0,
									"nbt": "{}",
									"children": [
										{
											"name": "diagonal",
											"origin": [6.125, 5.77347, 6.71315],
											"color": 0,
											"nbt": "{}",
											"children": [73, 74, 75, 76, 77, 78, 79, 80, 81, 82]
										},
										{
											"name": "diagonal",
											"origin": [6.125, 5.77347, 6.71315],
											"color": 0,
											"nbt": "{}",
											"children": [83, 84, 85, 86, 87, 88, 89, 90, 91, 92]
										},
										{
											"name": "diagonal",
											"origin": [6.125, 5.77347, 6.71315],
											"color": 0,
											"nbt": "{}",
											"children": [93, 94, 95, 96, 97, 98, 99, 100, 101, 102]
										},
										{
											"name": "diagonal",
											"origin": [6.125, 5.77347, 6.71315],
											"color": 0,
											"nbt": "{}",
											"children": [103, 104, 105, 106, 107, 108, 109, 110, 111, 112]
										}
									]
								},
								{
									"name": "temp2",
									"origin": [6.125, 5.77347, 6.71315],
									"color": 0,
									"nbt": "{}",
									"children": [
										{
											"name": "diagonal",
											"origin": [6.125, 5.77347, 6.71315],
											"color": 0,
											"nbt": "{}",
											"children": [113, 114, 115, 116, 117, 118, 119, 120, 121, 122]
										},
										{
											"name": "diagonal",
											"origin": [6.125, 5.77347, 6.71315],
											"color": 0,
											"nbt": "{}",
											"children": [123, 124, 125, 126, 127, 128, 129, 130, 131, 132]
										},
										{
											"name": "diagonal",
											"origin": [6.125, 5.77347, 6.71315],
											"color": 0,
											"nbt": "{}",
											"children": [133, 134, 135, 136, 137, 138, 139, 140, 141, 142]
										},
										{
											"name": "diagonal",
											"origin": [6.125, 5.77347, 6.71315],
											"color": 0,
											"nbt": "{}",
											"children": [143, 144, 145, 146, 147, 148, 149, 150, 151, 152]
										}
									]
								},
								153,
								154
							]
						}
					]
				},
				{
					"name": "grip",
					"origin": [8, 8, 8],
					"color": 0,
					"nbt": "{}",
					"children": [
						{
							"name": "default",
							"origin": [8, 8, 8],
							"color": 0,
							"nbt": "{}",
							"shade": false,
							"children": [155, 156, 157, 158]
						}
					]
				},
				{
					"name": "muzzle",
					"origin": [8, 8, 8],
					"color": 0,
					"nbt": "{}",
					"children": []
				},
				{
					"name": "underbarrel",
					"origin": [8, 8, 8],
					"color": 0,
					"nbt": "{}",
					"children": []
				},
				{
					"name": "laser@[attachment={barrel:long_siderail}]",
					"origin": [8, 8, 8],
					"color": 0,
					"nbt": "{}",
					"children": [
						{
							"name": "red_1",
							"origin": [8, 8, 8],
							"color": 0,
							"nbt": "{}",
							"children": [159, 160, 161, 162, 163, 164, 165, 166, 167, 168, 169, 170, 171, 172, 173]
						}
					]
				}
			]
		}
	]
}