{
	"credit": "Made with Blockbench",
	"textures": {
		"1": "item/gun/reddish_wood",
		"2": "item/gun/metal",
		"particle": "item/gun/metal"
	},
	"elements": [
		{
			"from": [8.5, 6, -2],
			"to": [9.5, 9, 5],
			"rotation": {"angle": 0, "axis": "y", "origin": [0.5, 0, 0]},
			"faces": {
				"north": {"uv": [0, 0, 1, 3], "texture": "#1"},
				"east": {"uv": [0, 0, 7, 3], "texture": "#1"},
				"south": {"uv": [0, 0, 1, 3], "texture": "#1"},
				"west": {"uv": [0, 0, 7, 3], "texture": "#1"},
				"up": {"uv": [0, 0, 1, 7], "texture": "#1"},
				"down": {"uv": [0, 0, 1, 7], "texture": "#1"}
			}
		},
		{
			"from": [6.5, 6, -2],
			"to": [7.5, 9, 5],
			"rotation": {"angle": 0, "axis": "y", "origin": [0.5, 0, 0]},
			"faces": {
				"north": {"uv": [0, 0, 1, 3], "texture": "#1"},
				"east": {"uv": [0, 0, 7, 3], "texture": "#1"},
				"south": {"uv": [0, 0, 1, 3], "texture": "#1"},
				"west": {"uv": [0, 0, 7, 3], "texture": "#1"},
				"up": {"uv": [0, 0, 1, 7], "texture": "#1"},
				"down": {"uv": [0, 0, 1, 7], "texture": "#1"}
			}
		},
		{
			"from": [7.5, 9, -2],
			"to": [8.5, 10, 4],
			"rotation": {"angle": 0, "axis": "y", "origin": [0.5, 0, 0]},
			"faces": {
				"north": {"uv": [0, 0, 1, 1], "texture": "#1"},
				"east": {"uv": [0, 0, 6, 1], "texture": "#1"},
				"south": {"uv": [0, 0, 1, 1], "texture": "#1"},
				"west": {"uv": [0, 0, 6, 1], "texture": "#1"},
				"up": {"uv": [0, 0, 1, 6], "texture": "#1"},
				"down": {"uv": [0, 0, 1, 6], "texture": "#1"}
			}
		},
		{
			"from": [7.5, 6, -2],
			"to": [8.5, 7, 5],
			"rotation": {"angle": 0, "axis": "y", "origin": [0.5, 0, 0]},
			"faces": {
				"north": {"uv": [0, 0, 1, 1], "texture": "#1"},
				"east": {"uv": [0, 0, 7, 1], "texture": "#1"},
				"south": {"uv": [0, 0, 1, 1], "texture": "#1"},
				"west": {"uv": [0, 0, 7, 1], "texture": "#1"},
				"up": {"uv": [0, 0, 1, 7], "texture": "#1"},
				"down": {"uv": [0, 0, 1, 7], "texture": "#1"}
			}
		},
		{
			"from": [6.5, 6, -3],
			"to": [9.5, 10, -2],
			"rotation": {"angle": 0, "axis": "y", "origin": [0.5, 0, 0]},
			"faces": {
				"north": {"uv": [0, 12, 3, 16], "texture": "#2"},
				"east": {"uv": [3, 12, 4, 16], "texture": "#2"},
				"south": {"uv": [0, 12, 3, 16], "texture": "#2"},
				"west": {"uv": [1, 12, 2, 16], "texture": "#2"},
				"up": {"uv": [2, 9, 5, 10], "texture": "#2"},
				"down": {"uv": [5, 15, 8, 16], "texture": "#2"}
			}
		},
		{
			"from": [6.5, 6, 5],
			"to": [9.5, 10, 6],
			"rotation": {"angle": 0, "axis": "y", "origin": [0.5, 0, 0]},
			"faces": {
				"north": {"uv": [0, 0, 3, 4], "texture": "#1"},
				"east": {"uv": [0, 0, 1, 4], "texture": "#1"},
				"south": {"uv": [0, 0, 3, 4], "texture": "#1"},
				"west": {"uv": [0, 0, 1, 4], "texture": "#1"},
				"up": {"uv": [0, 0, 3, 1], "texture": "#1"},
				"down": {"uv": [0, 0, 3, 1], "texture": "#1"}
			}
		},
		{
			"from": [7, 5.5, 6],
			"to": [9, 9.5, 17],
			"rotation": {"angle": 0, "axis": "y", "origin": [0.5, 0, 0]},
			"faces": {
				"north": {"uv": [11, 6, 13, 10], "texture": "#2"},
				"east": {"uv": [0, 6, 11, 10], "texture": "#2"},
				"south": {"uv": [11, 6, 13, 10], "texture": "#2"},
				"west": {"uv": [0, 6, 11, 10], "texture": "#2"},
				"up": {"uv": [0, 4, 11, 6], "rotation": 90, "texture": "#2"},
				"down": {"uv": [0, 10, 11, 12], "rotation": 90, "texture": "#2"}
			}
		},
		{
			"from": [6.6, 9.9, 7],
			"to": [9.4, 10.4, 7.5],
			"rotation": {"angle": 0, "axis": "y", "origin": [0.5, 0, 0]},
			"faces": {
				"north": {"uv": [3, 11, 5.8, 11.5], "texture": "#2"},
				"east": {"uv": [3, 11, 3.5, 11.5], "texture": "#2"},
				"south": {"uv": [2, 10, 4.8, 10.5], "texture": "#2"},
				"west": {"uv": [4, 10, 4.5, 10.5], "texture": "#2"},
				"up": {"uv": [5, 9, 5.5, 11.8], "rotation": 90, "texture": "#2"},
				"down": {"uv": [3, 8, 3.5, 10.8], "rotation": 90, "texture": "#2"}
			}
		},
		{
			"from": [6.95, 9.5, 6],
			"to": [9.05, 10, 6.5],
			"rotation": {"angle": 0, "axis": "y", "origin": [0.5, 0, 0]},
			"faces": {
				"north": {"uv": [3, 11, 5.1, 11.5], "texture": "#2"},
				"east": {"uv": [3, 11, 3.5, 11.5], "texture": "#2"},
				"south": {"uv": [2, 10, 4.1, 10.5], "texture": "#2"},
				"west": {"uv": [4, 10, 4.5, 10.5], "texture": "#2"},
				"up": {"uv": [5, 9, 5.5, 11.1], "rotation": 90, "texture": "#2"},
				"down": {"uv": [3, 8, 3.5, 10.1], "rotation": 90, "texture": "#2"}
			}
		},
		{
			"from": [7.75, 9.5, 6.75],
			"to": [8.25, 10, 7.25],
			"rotation": {"angle": 0, "axis": "y", "origin": [0.5, 0, 0]},
			"faces": {
				"north": {"uv": [3, 7, 3.5, 7.5], "texture": "#2"},
				"east": {"uv": [3, 7, 3.5, 7.5], "texture": "#2"},
				"south": {"uv": [2, 6, 2.5, 6.5], "texture": "#2"},
				"west": {"uv": [4, 6, 4.5, 6.5], "texture": "#2"},
				"up": {"uv": [5, 5, 5.5, 5.5], "rotation": 90, "texture": "#2"},
				"down": {"uv": [3, 4, 3.5, 4.5], "rotation": 90, "texture": "#2"}
			}
		},
		{
			"from": [6.9, 9.5, 6.5],
			"to": [7.9, 10, 8.75],
			"rotation": {"angle": -22.5, "axis": "x", "origin": [8, 9, 6]},
			"faces": {
				"north": {"uv": [3, 11, 4, 11.5], "texture": "#2"},
				"east": {"uv": [3, 11, 5.25, 11.5], "texture": "#2"},
				"south": {"uv": [2, 10, 3, 10.5], "texture": "#2"},
				"west": {"uv": [4, 10, 6.25, 10.5], "texture": "#2"},
				"up": {"uv": [5, 9, 7.25, 10], "rotation": 90, "texture": "#2"},
				"down": {"uv": [3, 8, 5.25, 9], "rotation": 90, "texture": "#2"}
			}
		},
		{
			"from": [8.1, 9.5, 6.5],
			"to": [9.1, 10, 8.75],
			"rotation": {"angle": -22.5, "axis": "x", "origin": [8, 9, 6]},
			"faces": {
				"north": {"uv": [3, 11, 4, 11.5], "texture": "#2"},
				"east": {"uv": [3, 11, 5.25, 11.5], "texture": "#2"},
				"south": {"uv": [2, 10, 3, 10.5], "texture": "#2"},
				"west": {"uv": [4, 10, 6.25, 10.5], "texture": "#2"},
				"up": {"uv": [5, 9, 7.25, 10], "rotation": 90, "texture": "#2"},
				"down": {"uv": [3, 8, 5.25, 9], "rotation": 90, "texture": "#2"}
			}
		},
		{
			"from": [7.5, 9.501, 6.499],
			"to": [8.5, 9.801, 8.749],
			"rotation": {"angle": -22.5, "axis": "x", "origin": [8, 9, 6]},
			"faces": {
				"north": {"uv": [3, 11, 4, 11.3], "texture": "#2"},
				"east": {"uv": [3, 11, 5.25, 11.3], "texture": "#2"},
				"south": {"uv": [2, 10, 3, 10.3], "texture": "#2"},
				"west": {"uv": [4, 10, 6.25, 10.3], "texture": "#2"},
				"up": {"uv": [5, 9, 7.25, 10], "rotation": 90, "texture": "#2"},
				"down": {"uv": [3, 8, 5.25, 9], "rotation": 90, "texture": "#2"}
			}
		},
		{
			"from": [7.5, 6.75, -13],
			"to": [8.5, 7.75, -3],
			"rotation": {"angle": 0, "axis": "y", "origin": [0.5, 0, 0]},
			"faces": {
				"north": {"uv": [2, 5, 3, 6], "texture": "#2"},
				"east": {"uv": [3, 5, 13, 6], "texture": "#2"},
				"south": {"uv": [1, 5, 2, 6], "texture": "#2"},
				"west": {"uv": [6, 5, 16, 6], "texture": "#2"},
				"up": {"uv": [10, 0, 11, 10], "texture": "#2"},
				"down": {"uv": [10, 6, 11, 16], "texture": "#2"}
			}
		},
		{
			"from": [7.975, 10.25, -12.5],
			"to": [8.025, 10.5, -11.5],
			"rotation": {"angle": 0, "axis": "y", "origin": [0.5, 0, 0]},
			"faces": {
				"north": {"uv": [5, 4.25, 5.2, 7], "texture": "#2"},
				"east": {"uv": [8, 8.25, 9, 11], "texture": "#2"},
				"south": {"uv": [2.2, 4.25, 2, 7], "texture": "#2"},
				"west": {"uv": [4, 8.25, 5, 11], "texture": "#2"},
				"up": {"uv": [3, 4.25, 3.2, 5.25], "texture": "#2"},
				"down": {"uv": [4, 4.25, 4.2, 5.25], "texture": "#2"}
			}
		},
		{
			"from": [7.9, 7.75, -12.5],
			"to": [8.1, 10, -11.5],
			"rotation": {"angle": 0, "axis": "y", "origin": [0.5, 0, 0]},
			"faces": {
				"north": {"uv": [5, 4.25, 5.2, 7], "texture": "#2"},
				"east": {"uv": [8, 8.25, 9, 11], "texture": "#2"},
				"south": {"uv": [2.2, 4.25, 2, 7], "texture": "#2"},
				"west": {"uv": [4, 8.25, 5, 11], "texture": "#2"},
				"up": {"uv": [3, 4.25, 3.2, 5.25], "texture": "#2"},
				"down": {"uv": [4, 4.25, 4.2, 5.25], "texture": "#2"}
			}
		},
		{
			"from": [8.2, 10.1, -12.5],
			"to": [8.4, 10.7, -11.5],
			"rotation": {"angle": 0, "axis": "y", "origin": [0.5, 0, 0]},
			"faces": {
				"north": {"uv": [5, 4.25, 5.2, 4.85], "texture": "#2"},
				"east": {"uv": [8, 8.25, 9, 8.85], "texture": "#2"},
				"south": {"uv": [2.2, 4.25, 2, 4.85], "texture": "#2"},
				"west": {"uv": [4, 8.25, 5, 8.85], "texture": "#2"},
				"up": {"uv": [3, 4.25, 3.2, 5.25], "texture": "#2"},
				"down": {"uv": [4, 4.25, 4.2, 5.25], "texture": "#2"}
			}
		},
		{
			"from": [7.6, 10.1, -12.5],
			"to": [7.8, 10.7, -11.5],
			"rotation": {"angle": 0, "axis": "y", "origin": [0.5, 0, 0]},
			"faces": {
				"north": {"uv": [5, 4.25, 5.2, 4.85], "texture": "#2"},
				"east": {"uv": [8, 8.25, 9, 8.85], "texture": "#2"},
				"south": {"uv": [2.2, 4.25, 2, 4.85], "texture": "#2"},
				"west": {"uv": [4, 8.25, 5, 8.85], "texture": "#2"},
				"up": {"uv": [3, 4.25, 3.2, 5.25], "texture": "#2"},
				"down": {"uv": [4, 4.25, 4.2, 5.25], "texture": "#2"}
			}
		},
		{
			"from": [7.75, 10, -12.5],
			"to": [8.25, 10.2, -11.5],
			"rotation": {"angle": 0, "axis": "y", "origin": [0.5, 0, 0]},
			"faces": {
				"north": {"uv": [5, 4.25, 5.5, 4.45], "texture": "#2"},
				"east": {"uv": [8, 8.25, 9, 8.45], "texture": "#2"},
				"south": {"uv": [2.5, 4.25, 2, 4.45], "texture": "#2"},
				"west": {"uv": [4, 8.25, 5, 8.45], "texture": "#2"},
				"up": {"uv": [3, 4.25, 3.5, 5.25], "texture": "#2"},
				"down": {"uv": [4, 4.25, 4.5, 5.25], "texture": "#2"}
			}
		},
		{
			"from": [7.5, 8, -6.5],
			"to": [8.5, 9, -3],
			"rotation": {"angle": 0, "axis": "y", "origin": [0.5, -0.5, 0]},
			"faces": {
				"north": {"uv": [10, 7, 11, 8], "texture": "#2"},
				"east": {"uv": [3, 5, 6.5, 6], "texture": "#2"},
				"south": {"uv": [11, 7, 12, 8], "texture": "#2"},
				"west": {"uv": [7, 5, 10.5, 6], "texture": "#2"},
				"up": {"uv": [7, 1, 8, 4.5], "texture": "#2"},
				"down": {"uv": [7, 8, 8, 11.5], "texture": "#2"}
			}
		},
		{
			"from": [7.51, 3.13615, -6.07509],
			"to": [8.51, 5.13615, -5.07509],
			"rotation": {"angle": 22.5, "axis": "x", "origin": [0.5, 8.13615, 3.42491]},
			"faces": {
				"north": {"uv": [4, 5, 5, 7], "rotation": 180, "texture": "#2"},
				"east": {"uv": [9, 6, 11, 7], "rotation": 90, "texture": "#2"},
				"south": {"uv": [7, 5, 8, 7], "texture": "#2"},
				"west": {"uv": [7, 4, 9, 5], "rotation": 270, "texture": "#2"},
				"up": {"uv": [1, 5, 2, 6], "texture": "#2"},
				"down": {"uv": [10, 5, 11, 6], "rotation": 180, "texture": "#2"}
			}
		},
		{
			"from": [7.51, -7.42388, 5.11732],
			"to": [8.51, -4.42388, 10.11732],
			"rotation": {"angle": -45, "axis": "x", "origin": [0.5, -0.92388, -1.38268]},
			"faces": {
				"north": {"uv": [0, 0, 1, 3], "texture": "#2"},
				"east": {"uv": [0, 0, 5, 3], "texture": "#2"},
				"south": {"uv": [0, 0, 1, 3], "texture": "#2"},
				"west": {"uv": [0, 0, 5, 3], "texture": "#2"},
				"up": {"uv": [0, 0, 1, 5], "texture": "#2"},
				"down": {"uv": [0, 0, 1, 5], "texture": "#2"}
			}
		},
		{
			"from": [7.5, 5.59388, 6.35258],
			"to": [8.5, 10.59388, 9.35258],
			"rotation": {"angle": 22.5, "axis": "x", "origin": [0.5, -0.90612, 2.85258]},
			"faces": {
				"north": {"uv": [0, 0, 1, 5], "rotation": 180, "texture": "#2"},
				"east": {"uv": [0, 0, 5, 3], "rotation": 90, "texture": "#2"},
				"south": {"uv": [0, 0, 1, 5], "texture": "#2"},
				"west": {"uv": [0, 0, 5, 3], "rotation": 270, "texture": "#2"},
				"up": {"uv": [0, 0, 1, 3], "texture": "#2"},
				"down": {"uv": [0, 0, 1, 3], "rotation": 180, "texture": "#2"}
			}
		},
		{
			"from": [7.5, -4.70612, 16.35258],
			"to": [8.5, 0.29388, 18.35258],
			"rotation": {"angle": -22.5, "axis": "x", "origin": [0.5, -0.90612, 2.35258]},
			"faces": {
				"north": {"uv": [0, 0, 1, 5], "rotation": 180, "texture": "#1"},
				"east": {"uv": [0, 0, 5, 2], "rotation": 90, "texture": "#1"},
				"south": {"uv": [0, 0, 1, 5], "texture": "#1"},
				"west": {"uv": [0, 0, 5, 2], "rotation": 270, "texture": "#1"},
				"up": {"uv": [0, 0, 1, 2], "texture": "#1"},
				"down": {"uv": [0, 0, 1, 2], "rotation": 180, "texture": "#1"}
			}
		},
		{
			"from": [6.5, 11.59388, 13.15258],
			"to": [9.5, 13.59388, 24.15258],
			"rotation": {"angle": 22.5, "axis": "x", "origin": [0.5, -0.90612, 2.35258]},
			"faces": {
				"north": {"uv": [0, 0, 3, 2], "rotation": 180, "texture": "#1"},
				"east": {"uv": [0, 0, 11, 2], "rotation": 180, "texture": "#1"},
				"south": {"uv": [0, 0, 3, 2], "rotation": 180, "texture": "#1"},
				"west": {"uv": [0, 0, 11, 2], "rotation": 180, "texture": "#1"},
				"up": {"uv": [0, 0, 3, 11], "texture": "#1"},
				"down": {"uv": [0, 0, 3, 11], "texture": "#1"}
			}
		},
		{
			"from": [6.49, 4.14763, 23.04206],
			"to": [9.49, 7.89763, 28.04206],
			"rotation": {"angle": 0, "axis": "x", "origin": [0.5, -0.60237, 2.24206]},
			"faces": {
				"north": {"uv": [0, 0, 3, 3.75], "rotation": 180, "texture": "#1"},
				"east": {"uv": [0, 0, 5, 3.75], "rotation": 180, "texture": "#1"},
				"south": {"uv": [0, 0, 3, 3.75], "rotation": 180, "texture": "#1"},
				"west": {"uv": [0, 0, 5, 3.75], "rotation": 180, "texture": "#1"},
				"up": {"uv": [0, 0, 3, 5], "texture": "#1"},
				"down": {"uv": [0, 0, 3, 5], "texture": "#1"}
			}
		},
		{
			"from": [6.51, 18.72069, 19.55151],
			"to": [9.51, 20.47069, 21.55151],
			"rotation": {"angle": 45, "axis": "x", "origin": [0.5, 9.97069, 6.11976]},
			"faces": {
				"north": {"uv": [0, 0, 3, 1.75], "rotation": 180, "texture": "#1"},
				"east": {"uv": [0, 0, 2, 1.75], "rotation": 180, "texture": "#1"},
				"south": {"uv": [0, 0, 3, 1.75], "rotation": 180, "texture": "#1"},
				"west": {"uv": [0, 0, 2, 1.75], "rotation": 180, "texture": "#1"},
				"up": {"uv": [0, 0, 3, 2], "texture": "#1"},
				"down": {"uv": [0, 0, 3, 2], "texture": "#1"}
			}
		},
		{
			"from": [7.5, 3.79388, 13.60258],
			"to": [8.5, 3.79388, 15.60258],
			"rotation": {"angle": 0, "axis": "x", "origin": [0.5, -0.90612, 2.35258]},
			"faces": {
				"north": {"uv": [0, 0, 1, 0], "rotation": 180, "texture": "#2"},
				"east": {"uv": [0, 0, 0, 2], "rotation": 90, "texture": "#2"},
				"south": {"uv": [0, 0, 1, 0], "texture": "#2"},
				"west": {"uv": [0, 0, 0, 2], "rotation": 270, "texture": "#2"},
				"up": {"uv": [0, 0, 1, 2], "texture": "#2"},
				"down": {"uv": [0, 0, 1, 2], "rotation": 180, "texture": "#2"}
			}
		},
		{
			"from": [7.5, 3.79388, 12.60258],
			"to": [8.5, 5.79388, 13.60258],
			"rotation": {"angle": 0, "axis": "x", "origin": [0.5, -0.90612, 2.35258]},
			"faces": {
				"north": {"uv": [5, 7, 6, 9], "rotation": 180, "texture": "#2"},
				"east": {"uv": [6, 7, 8, 8], "rotation": 90, "texture": "#2"},
				"south": {"uv": [5, 7, 6, 9], "texture": "#2"},
				"west": {"uv": [6, 7, 8, 8], "rotation": 270, "texture": "#2"},
				"up": {"uv": [7, 5, 8, 6], "texture": "#2"},
				"down": {"uv": [4, 10, 5, 11], "rotation": 180, "texture": "#2"}
			}
		},
		{
			"from": [7, 5.5, 17],
			"to": [9, 8.5, 18],
			"rotation": {"angle": 0, "axis": "y", "origin": [0.5, 0, 0]},
			"faces": {
				"north": {"uv": [0, 10, 2, 13], "texture": "#2"},
				"east": {"uv": [0, 10, 1, 13], "texture": "#2"},
				"south": {"uv": [0, 10, 2, 13], "texture": "#2"},
				"west": {"uv": [0, 10, 1, 13], "texture": "#2"},
				"up": {"uv": [0, 9, 2, 10], "texture": "#2"},
				"down": {"uv": [0, 13, 2, 14], "texture": "#2"}
			}
		},
		{
			"from": [6.5, 9, 4],
			"to": [9.5, 10, 5],
			"rotation": {"angle": 0, "axis": "y", "origin": [0.5, 0, 0]},
			"faces": {
				"north": {"uv": [0, 0, 3, 1], "texture": "#1"},
				"east": {"uv": [0, 0, 1, 1], "texture": "#1"},
				"south": {"uv": [0, 0, 3, 1], "texture": "#1"},
				"west": {"uv": [0, 0, 1, 1], "texture": "#1"},
				"up": {"uv": [0, 0, 3, 1], "texture": "#1"},
				"down": {"uv": [0, 0, 3, 1], "texture": "#1"}
			}
		}
	],
	"gui_light": "front",
	"display": {
		"thirdperson_righthand": {
			"translation": [0, 1.5, -2.5],
			"scale": [0.5, 0.5, 0.5]
		},
		"thirdperson_lefthand": {
			"translation": [-0.5, 1.5, -2.5],
			"scale": [0.5, 0.5, 0.5]
		},
		"firstperson_righthand": {
			"rotation": [1, 0, 0.25],
			"translation": [-8.95, 15, 5.25]
		},
		"firstperson_lefthand": {
			"rotation": [1, 0, 0.25],
			"translation": [-8.94, 15, 5.25]
		},
		"ground": {
			"rotation": [0, 0, 90],
			"scale": [0.5, 0.5, 0.5]
		},
		"gui": {
			"rotation": [90, 45, -90],
			"scale": [0.5, 0.5, 0.5]
		},
		"fixed": {
			"rotation": [0, -90, 0]
		}
	}
}