{
	"credit": "Made with Blockbench",
	"texture_size": [4, 4],
	"textures": {
		"0": "item/gun/metal",
		"particle": "item/gun/metal"
	},
	"elements": [
		{
			"from": [7.8775, 6.625, 10.0625],
			"to": [8.1275, 6.625, 10.5625],
			"rotation": {"angle": 0, "axis": "z", "origin": [8, 7.375, 6]},
			"faces": {
				"north": {"uv": [1, 2, 1, 3], "rotation": 90, "texture": "#0"},
				"east": {"uv": [1, 2, 1, 4], "rotation": 270, "texture": "#0"},
				"south": {"uv": [1, 2, 1, 3], "rotation": 270, "texture": "#0"},
				"west": {"uv": [1, 2, 1, 4], "rotation": 270, "texture": "#0"},
				"up": {"uv": [1, 2, 3, 3], "rotation": 270, "texture": "#0"},
				"down": {"uv": [1, 2, 3, 3], "rotation": 270, "texture": "#0"}
			}
		},
		{
			"from": [7.8775, 6.625, 10.0625],
			"to": [8.1275, 6.875, 10.0625],
			"rotation": {"angle": 0, "axis": "z", "origin": [8, 7.375, 6]},
			"faces": {
				"north": {"uv": [1, 2, 2, 3], "rotation": 90, "texture": "#0"},
				"east": {"uv": [1, 2, 2, 2], "rotation": 270, "texture": "#0"},
				"south": {"uv": [1, 2, 2, 3], "rotation": 270, "texture": "#0"},
				"west": {"uv": [1, 2, 2, 2], "rotation": 270, "texture": "#0"},
				"up": {"uv": [1, 2, 1, 3], "rotation": 270, "texture": "#0"},
				"down": {"uv": [1, 2, 1, 3], "rotation": 270, "texture": "#0"}
			}
		},
		{
			"from": [7.75, 7.125, 7.96875],
			"to": [8.25, 7.625, 10.46875],
			"rotation": {"angle": 45, "axis": "z", "origin": [8, 7.375, 6.40625]},
			"faces": {
				"north": {"uv": [11, 3, 13, 5], "texture": "#0"},
				"east": {"uv": [6, 3, 16, 5], "texture": "#0"},
				"south": {"uv": [7, 3, 9, 5], "texture": "#0"},
				"west": {"uv": [6, 6, 16, 8], "texture": "#0"},
				"up": {"uv": [6, 3, 16, 5], "rotation": 90, "texture": "#0"},
				"down": {"uv": [6, 6, 16, 8], "rotation": 90, "texture": "#0"}
			}
		},
		{
			"from": [7.75, 7.01875, 8],
			"to": [8.25, 7.26875, 8.75],
			"rotation": {"angle": 0, "axis": "z", "origin": [8, 7.375, 5.75]},
			"faces": {
				"north": {"uv": [0, 4, 1, 6], "rotation": 90, "texture": "#0"},
				"east": {"uv": [1, 4, 4, 5], "texture": "#0"},
				"south": {"uv": [0, 3, 1, 5], "rotation": 270, "texture": "#0"},
				"west": {"uv": [1, 9, 4, 10], "texture": "#0"},
				"up": {"uv": [0, 3, 3, 5], "rotation": 270, "texture": "#0"},
				"down": {"uv": [0, 4, 3, 6], "rotation": 270, "texture": "#0"}
			}
		},
		{
			"from": [7.75, 6.875, 8.75],
			"to": [8.25, 7.375, 10.25],
			"rotation": {"angle": 0, "axis": "z", "origin": [8, 7.375, 5.75]},
			"faces": {
				"north": {"uv": [0, 4, 2, 6], "rotation": 90, "texture": "#0"},
				"east": {"uv": [0, 4, 6, 6], "texture": "#0"},
				"south": {"uv": [0, 4, 2, 6], "rotation": 270, "texture": "#0"},
				"west": {"uv": [0, 3, 6, 5], "texture": "#0"},
				"up": {"uv": [0, 3, 6, 5], "rotation": 270, "texture": "#0"},
				"down": {"uv": [0, 5, 6, 7], "rotation": 270, "texture": "#0"}
			}
		},
		{
			"from": [7.75, 7.125, 10.46875],
			"to": [8.25, 7.625, 11.71875],
			"rotation": {"angle": 45, "axis": "z", "origin": [8, 7.375, 6.40625]},
			"faces": {
				"north": {"uv": [0, 3, 2, 5], "texture": "#0"},
				"east": {"uv": [0, 3, 5, 5], "texture": "#0"},
				"south": {"uv": [0, 3, 2, 5], "texture": "#0"},
				"west": {"uv": [0, 6, 5, 8], "texture": "#0"},
				"up": {"uv": [0, 3, 5, 5], "rotation": 90, "texture": "#0"},
				"down": {"uv": [0, 6, 5, 8], "rotation": 90, "texture": "#0"}
			}
		},
		{
			"from": [7.75, 7.5, 10.75],
			"to": [8.25, 8, 11],
			"rotation": {"angle": 0, "axis": "y", "origin": [6, 6, 6]},
			"faces": {
				"north": {"uv": [5, 6, 8, 8], "texture": "#0"},
				"east": {"uv": [8, 6, 9, 8], "texture": "#0"},
				"south": {"uv": [8, 4, 11, 6], "texture": "#0"},
				"west": {"uv": [8, 7, 9, 9], "texture": "#0"},
				"up": {"uv": [7, 3, 8, 6], "rotation": 90, "texture": "#0"},
				"down": {"uv": [7, 6, 8, 9], "rotation": 90, "texture": "#0"}
			}
		},
		{
			"from": [7.75, 7.5, 9.25],
			"to": [8.25, 8, 9.5],
			"rotation": {"angle": 0, "axis": "y", "origin": [6, 6, 6]},
			"faces": {
				"north": {"uv": [5, 6, 8, 8], "texture": "#0"},
				"east": {"uv": [8, 6, 9, 8], "texture": "#0"},
				"south": {"uv": [8, 4, 11, 6], "texture": "#0"},
				"west": {"uv": [8, 7, 9, 9], "texture": "#0"},
				"up": {"uv": [7, 3, 8, 6], "rotation": 90, "texture": "#0"},
				"down": {"uv": [7, 6, 8, 9], "rotation": 90, "texture": "#0"}
			}
		},
		{
			"from": [7.99, 7.5, 9.5],
			"to": [8.24, 7.75, 10.75],
			"rotation": {"angle": 0, "axis": "y", "origin": [6, 6, 6]},
			"faces": {
				"north": {"uv": [5, 6, 6, 7], "texture": "#0"},
				"east": {"uv": [8, 6, 13, 7], "texture": "#0"},
				"south": {"uv": [8, 4, 9, 5], "texture": "#0"},
				"west": {"uv": [8, 7, 13, 8], "texture": "#0"},
				"up": {"uv": [7, 3, 12, 4], "rotation": 90, "texture": "#0"},
				"down": {"uv": [7, 6, 12, 7], "rotation": 90, "texture": "#0"}
			}
		},
		{
			"from": [7.76, 7.5, 9.5],
			"to": [8.01, 7.75, 10.75],
			"rotation": {"angle": 0, "axis": "y", "origin": [7.885, 7.625, 10.125]},
			"faces": {
				"north": {"uv": [5, 6, 6, 7], "texture": "#0"},
				"east": {"uv": [8, 6, 13, 7], "texture": "#0"},
				"south": {"uv": [8, 4, 9, 5], "texture": "#0"},
				"west": {"uv": [8, 7, 13, 8], "texture": "#0"},
				"up": {"uv": [7, 3, 12, 4], "rotation": 90, "texture": "#0"},
				"down": {"uv": [7, 6, 12, 7], "rotation": 90, "texture": "#0"}
			}
		},
		{
			"from": [7.78, 7.73, 9.5],
			"to": [8.03, 7.98, 10.75],
			"rotation": {"angle": -45, "axis": "z", "origin": [7.885, 7.75, 10.125]},
			"faces": {
				"north": {"uv": [5, 6, 6, 7], "texture": "#0"},
				"east": {"uv": [8, 6, 13, 7], "texture": "#0"},
				"south": {"uv": [8, 4, 9, 5], "texture": "#0"},
				"west": {"uv": [8, 7, 13, 8], "texture": "#0"},
				"up": {"uv": [7, 3, 12, 4], "rotation": 90, "texture": "#0"},
				"down": {"uv": [7, 6, 12, 7], "rotation": 90, "texture": "#0"}
			}
		},
		{
			"from": [7.75, 7.5, 10],
			"to": [8.25, 8, 10.25],
			"rotation": {"angle": 0, "axis": "y", "origin": [6, 6, 6]},
			"faces": {
				"north": {"uv": [5, 6, 8, 8], "texture": "#0"},
				"east": {"uv": [8, 6, 9, 8], "texture": "#0"},
				"south": {"uv": [8, 4, 11, 6], "texture": "#0"},
				"west": {"uv": [8, 7, 9, 9], "texture": "#0"},
				"up": {"uv": [7, 3, 8, 6], "rotation": 90, "texture": "#0"},
				"down": {"uv": [7, 6, 8, 9], "rotation": 90, "texture": "#0"}
			}
		},
		{
			"from": [7.75, 8, 9],
			"to": [8.25, 8, 11.25],
			"rotation": {"angle": 0, "axis": "y", "origin": [6, 6, 6]},
			"faces": {
				"north": {"uv": [3, 6, 5, 6], "texture": "#0"},
				"east": {"uv": [5, 6, 14, 6], "texture": "#0"},
				"south": {"uv": [6, 4, 8, 4], "texture": "#0"},
				"west": {"uv": [5, 7, 14, 7], "texture": "#0"},
				"up": {"uv": [5, 3, 14, 5], "rotation": 90, "texture": "#0"},
				"down": {"uv": [5, 6, 14, 8], "rotation": 90, "texture": "#0"}
			}
		},
		{
			"from": [7.625, 8.7525, 11.375],
			"to": [8.375, 8.8775, 11.625],
			"rotation": {"angle": 0, "axis": "y", "origin": [6, 6, 6]},
			"faces": {
				"north": {"uv": [1, 9, 4, 9.5], "texture": "#0"},
				"east": {"uv": [4, 9, 5, 9.5], "texture": "#0"},
				"south": {"uv": [2, 9, 5, 9.5], "texture": "#0"},
				"west": {"uv": [8, 9, 9, 9.5], "texture": "#0"},
				"up": {"uv": [8, 7, 9, 10], "rotation": 90, "texture": "#0"},
				"down": {"uv": [11, 8, 12, 11], "rotation": 90, "texture": "#0"}
			}
		},
		{
			"from": [7.625, 8.25, 11.375],
			"to": [7.75, 8.75, 11.625],
			"rotation": {"angle": 0, "axis": "y", "origin": [6, 6, 6]},
			"faces": {
				"north": {"uv": [1, 9, 1.5, 11], "texture": "#0"},
				"east": {"uv": [4, 9, 5, 11], "texture": "#0"},
				"south": {"uv": [2, 9, 2.5, 11], "texture": "#0"},
				"west": {"uv": [8, 9, 9, 11], "texture": "#0"},
				"up": {"uv": [8, 7, 9, 7.5], "rotation": 90, "texture": "#0"},
				"down": {"uv": [11, 8, 12, 8.5], "rotation": 90, "texture": "#0"}
			}
		},
		{
			"from": [8.25, 8.25, 11.375],
			"to": [8.375, 8.75, 11.625],
			"rotation": {"angle": 0, "axis": "y", "origin": [6, 6, 6]},
			"faces": {
				"north": {"uv": [1, 9, 1.5, 11], "texture": "#0"},
				"east": {"uv": [4, 9, 5, 11], "texture": "#0"},
				"south": {"uv": [2, 9, 2.5, 11], "texture": "#0"},
				"west": {"uv": [8, 9, 9, 11], "texture": "#0"},
				"up": {"uv": [8, 7, 9, 7.5], "rotation": 90, "texture": "#0"},
				"down": {"uv": [11, 8, 12, 8.5], "rotation": 90, "texture": "#0"}
			}
		},
		{
			"from": [7.625, 8.125, 11.75],
			"to": [8.375, 8.25, 12.25],
			"rotation": {"angle": 0, "axis": "y", "origin": [6, 6, 6]},
			"faces": {
				"north": {"uv": [1, 9, 4, 9.5], "texture": "#0"},
				"east": {"uv": [4, 9, 6, 9.5], "texture": "#0"},
				"south": {"uv": [2, 9, 5, 9.5], "texture": "#0"},
				"west": {"uv": [8, 9, 10, 9.5], "texture": "#0"},
				"up": {"uv": [8, 7, 10, 10], "rotation": 90, "texture": "#0"},
				"down": {"uv": [11, 8, 13, 11], "rotation": 90, "texture": "#0"}
			}
		},
		{
			"from": [8.25, 8.25, 11.75],
			"to": [8.375, 8.75, 12.25],
			"rotation": {"angle": 0, "axis": "y", "origin": [6, 6, 6]},
			"faces": {
				"north": {"uv": [1, 9, 1.5, 11], "texture": "#0"},
				"east": {"uv": [4, 9, 6, 11], "texture": "#0"},
				"south": {"uv": [2, 9, 2.5, 11], "texture": "#0"},
				"west": {"uv": [8, 9, 10, 11], "texture": "#0"},
				"up": {"uv": [8, 7, 10, 7.5], "rotation": 90, "texture": "#0"},
				"down": {"uv": [11, 8, 13, 8.5], "rotation": 90, "texture": "#0"}
			}
		},
		{
			"from": [7.625, 8.751, 11.75],
			"to": [8.375, 8.876, 12.25],
			"rotation": {"angle": 0, "axis": "y", "origin": [6, 6, 6]},
			"faces": {
				"north": {"uv": [1, 9, 4, 9.5], "texture": "#0"},
				"east": {"uv": [4, 9, 6, 9.5], "texture": "#0"},
				"south": {"uv": [2, 9, 5, 9.5], "texture": "#0"},
				"west": {"uv": [8, 9, 10, 9.5], "texture": "#0"},
				"up": {"uv": [8, 7, 10, 10], "rotation": 90, "texture": "#0"},
				"down": {"uv": [11, 8, 13, 11], "rotation": 90, "texture": "#0"}
			}
		},
		{
			"from": [7.625, 8.25, 11.75],
			"to": [7.75, 8.75, 12.25],
			"rotation": {"angle": 0, "axis": "y", "origin": [6, 6, 6]},
			"faces": {
				"north": {"uv": [1, 9, 1.5, 11], "texture": "#0"},
				"east": {"uv": [4, 9, 6, 11], "texture": "#0"},
				"south": {"uv": [2, 9, 2.5, 11], "texture": "#0"},
				"west": {"uv": [8, 9, 10, 11], "texture": "#0"},
				"up": {"uv": [8, 7, 10, 7.5], "rotation": 90, "texture": "#0"},
				"down": {"uv": [11, 8, 13, 8.5], "rotation": 90, "texture": "#0"}
			}
		},
		{
			"from": [7.75, 8.7525, 10.5],
			"to": [8.25, 9.0025, 10.75],
			"rotation": {"angle": 0, "axis": "y", "origin": [6, 6, 6]},
			"faces": {
				"north": {"uv": [0, 5, 2, 6], "texture": "#0"},
				"east": {"uv": [14, 6, 15, 7], "texture": "#0"},
				"south": {"uv": [3, 3, 5, 4], "texture": "#0"},
				"west": {"uv": [3, 6, 4, 7], "texture": "#0"},
				"up": {"uv": [7, 3, 8, 5], "rotation": 90, "texture": "#0"},
				"down": {"uv": [7, 6, 8, 8], "rotation": 90, "texture": "#0"}
			}
		},
		{
			"from": [7.75, 8, 10.5],
			"to": [8.25, 8.25, 10.75],
			"rotation": {"angle": 0, "axis": "y", "origin": [6, 6, 6]},
			"faces": {
				"north": {"uv": [0, 5, 2, 6], "texture": "#0"},
				"east": {"uv": [14, 6, 15, 7], "texture": "#0"},
				"south": {"uv": [3, 3, 5, 4], "texture": "#0"},
				"west": {"uv": [3, 6, 4, 7], "texture": "#0"},
				"up": {"uv": [7, 3, 8, 5], "rotation": 90, "texture": "#0"},
				"down": {"uv": [7, 6, 8, 8], "rotation": 90, "texture": "#0"}
			}
		},
		{
			"from": [7.75, 8.25, 10.5],
			"to": [7.75, 8.75, 10.75],
			"rotation": {"angle": 0, "axis": "y", "origin": [6, 6, 6]},
			"faces": {
				"north": {"uv": [0, 5, 0.5, 7], "texture": "#0"},
				"east": {"uv": [5, 5, 6, 7], "texture": "#0"},
				"south": {"uv": [3, 3, 3.5, 5], "texture": "#0"},
				"west": {"uv": [3, 6, 4, 8], "texture": "#0"},
				"up": {"uv": [7, 3, 8, 3.5], "rotation": 90, "texture": "#0"},
				"down": {"uv": [7, 6, 8, 6.5], "rotation": 90, "texture": "#0"}
			}
		},
		{
			"from": [8.25, 8.25, 10.5],
			"to": [8.25, 8.75, 10.75],
			"rotation": {"angle": 0, "axis": "y", "origin": [6, 6, 6]},
			"faces": {
				"north": {"uv": [0, 5, 0.5, 7], "texture": "#0"},
				"east": {"uv": [14, 6, 15, 8], "texture": "#0"},
				"south": {"uv": [3, 3, 3.5, 5], "texture": "#0"},
				"west": {"uv": [3, 6, 4, 8], "texture": "#0"},
				"up": {"uv": [7, 3, 8, 3.5], "rotation": 90, "texture": "#0"},
				"down": {"uv": [7, 6, 8, 6.5], "rotation": 90, "texture": "#0"}
			}
		},
		{
			"from": [7.625, 8.125, 11.375],
			"to": [8.375, 8.25, 11.625],
			"rotation": {"angle": 0, "axis": "y", "origin": [6, 6, 6]},
			"faces": {
				"north": {"uv": [1, 9, 4, 9.5], "texture": "#0"},
				"east": {"uv": [4, 9, 5, 9.5], "texture": "#0"},
				"south": {"uv": [2, 9, 5, 9.5], "texture": "#0"},
				"west": {"uv": [8, 9, 9, 9.5], "texture": "#0"},
				"up": {"uv": [8, 7, 9, 10], "rotation": 90, "texture": "#0"},
				"down": {"uv": [11, 8, 12, 11], "rotation": 90, "texture": "#0"}
			}
		},
		{
			"from": [7.75, 8.7525, 9.5],
			"to": [8.25, 9.0025, 9.75],
			"rotation": {"angle": 0, "axis": "y", "origin": [6, 6, 6]},
			"faces": {
				"north": {"uv": [0, 5, 2, 6], "texture": "#0"},
				"east": {"uv": [14, 6, 15, 7], "texture": "#0"},
				"south": {"uv": [3, 3, 5, 4], "texture": "#0"},
				"west": {"uv": [3, 6, 4, 7], "texture": "#0"},
				"up": {"uv": [7, 3, 8, 5], "rotation": 90, "texture": "#0"},
				"down": {"uv": [7, 6, 8, 8], "rotation": 90, "texture": "#0"}
			}
		},
		{
			"from": [7.75, 8, 9.5],
			"to": [8.25, 8.25, 9.75],
			"rotation": {"angle": 0, "axis": "y", "origin": [6, 6, 6]},
			"faces": {
				"north": {"uv": [0, 5, 2, 6], "texture": "#0"},
				"east": {"uv": [14, 6, 15, 7], "texture": "#0"},
				"south": {"uv": [3, 3, 5, 4], "texture": "#0"},
				"west": {"uv": [3, 6, 4, 7], "texture": "#0"},
				"up": {"uv": [7, 3, 8, 5], "rotation": 90, "texture": "#0"},
				"down": {"uv": [7, 6, 8, 8], "rotation": 90, "texture": "#0"}
			}
		},
		{
			"from": [7.75, 8.25, 9.5],
			"to": [7.75, 8.75, 9.75],
			"rotation": {"angle": 0, "axis": "y", "origin": [6, 6, 6]},
			"faces": {
				"north": {"uv": [0, 5, 0.5, 7], "texture": "#0"},
				"east": {"uv": [5, 5, 6, 7], "texture": "#0"},
				"south": {"uv": [3, 3, 3.5, 5], "texture": "#0"},
				"west": {"uv": [3, 6, 4, 8], "texture": "#0"},
				"up": {"uv": [7, 3, 8, 3.5], "rotation": 90, "texture": "#0"},
				"down": {"uv": [7, 6, 8, 6.5], "rotation": 90, "texture": "#0"}
			}
		},
		{
			"from": [8.25, 8.25, 9.5],
			"to": [8.25, 8.75, 9.75],
			"rotation": {"angle": 0, "axis": "y", "origin": [6, 6, 6]},
			"faces": {
				"north": {"uv": [0, 5, 0.5, 7], "texture": "#0"},
				"east": {"uv": [14, 6, 15, 8], "texture": "#0"},
				"south": {"uv": [3, 3, 3.5, 5], "texture": "#0"},
				"west": {"uv": [3, 6, 4, 8], "texture": "#0"},
				"up": {"uv": [7, 3, 8, 3.5], "rotation": 90, "texture": "#0"},
				"down": {"uv": [7, 6, 8, 6.5], "rotation": 90, "texture": "#0"}
			}
		},
		{
			"from": [8.25, 8, 7],
			"to": [8.5, 9, 8],
			"rotation": {"angle": 0, "axis": "y", "origin": [6, 6, 6]},
			"faces": {
				"north": {"uv": [9, 8, 10, 12], "texture": "#0"},
				"east": {"uv": [0, 8, 4, 12], "texture": "#0"},
				"south": {"uv": [8, 8, 9, 12], "texture": "#0"},
				"west": {"uv": [4, 8, 8, 12], "texture": "#0"},
				"up": {"uv": [12, 6, 16, 7], "rotation": 90, "texture": "#0"},
				"down": {"uv": [12, 8, 16, 9], "rotation": 90, "texture": "#0"}
			}
		},
		{
			"from": [7.7475, 8.75, 9.75],
			"to": [8.2475, 8.75, 12.25],
			"rotation": {"angle": 0, "axis": "y", "origin": [6, 6, 6]},
			"faces": {
				"north": {"uv": [11, 0, 13, 0], "texture": "#0"},
				"east": {"uv": [0, 8, 10, 8], "texture": "#0"},
				"south": {"uv": [11, 0, 13, 0], "texture": "#0"},
				"west": {"uv": [0, 8, 10, 8], "texture": "#0"},
				"up": {"uv": [0, 8, 10, 10], "rotation": 90, "texture": "#0"},
				"down": {"uv": [0, 8, 10, 10], "rotation": 90, "texture": "#0"}
			}
		},
		{
			"from": [7.7525, 8.25, 9.75],
			"to": [7.7525, 8.75, 12.25],
			"rotation": {"angle": 0, "axis": "y", "origin": [6, 6, 6]},
			"faces": {
				"north": {"uv": [11, 0, 11, 2], "texture": "#0"},
				"east": {"uv": [0, 8, 10, 10], "texture": "#0"},
				"south": {"uv": [11, 0, 11, 2], "texture": "#0"},
				"west": {"uv": [0, 8, 10, 10], "texture": "#0"},
				"up": {"uv": [0, 0, 10, 0], "rotation": 90, "texture": "#0"},
				"down": {"uv": [0, 0, 10, 0], "rotation": 90, "texture": "#0"}
			}
		},
		{
			"from": [8.2475, 8.25, 9.75],
			"to": [8.2475, 8.75, 12.25],
			"rotation": {"angle": 0, "axis": "y", "origin": [6, 6, 6]},
			"faces": {
				"north": {"uv": [11, 0, 11, 2], "texture": "#0"},
				"east": {"uv": [0, 8, 10, 10], "texture": "#0"},
				"south": {"uv": [11, 0, 11, 2], "texture": "#0"},
				"west": {"uv": [0, 8, 10, 10], "texture": "#0"},
				"up": {"uv": [0, 0, 10, 0], "rotation": 90, "texture": "#0"},
				"down": {"uv": [0, 0, 10, 0], "rotation": 90, "texture": "#0"}
			}
		},
		{
			"from": [8.25, 8.25, 8],
			"to": [8.375, 8.75, 9],
			"rotation": {"angle": 0, "axis": "y", "origin": [6, 6, 6]},
			"faces": {
				"north": {"uv": [1, 9, 1.5, 11], "texture": "#0"},
				"east": {"uv": [4, 9, 8, 11], "texture": "#0"},
				"south": {"uv": [2, 9, 2.5, 11], "texture": "#0"},
				"west": {"uv": [8, 9, 12, 11], "texture": "#0"},
				"up": {"uv": [8, 7, 12, 7.5], "rotation": 90, "texture": "#0"},
				"down": {"uv": [11, 8, 15, 8.5], "rotation": 90, "texture": "#0"}
			}
		},
		{
			"from": [7.625, 8.25, 8],
			"to": [7.75, 8.75, 9],
			"rotation": {"angle": 0, "axis": "y", "origin": [6, 6, 6]},
			"faces": {
				"north": {"uv": [1, 9, 1.5, 11], "texture": "#0"},
				"east": {"uv": [4, 9, 8, 11], "texture": "#0"},
				"south": {"uv": [2, 9, 2.5, 11], "texture": "#0"},
				"west": {"uv": [8, 9, 12, 11], "texture": "#0"},
				"up": {"uv": [8, 7, 12, 7.5], "rotation": 90, "texture": "#0"},
				"down": {"uv": [11, 8, 15, 8.5], "rotation": 90, "texture": "#0"}
			}
		},
		{
			"from": [7.625, 8.751, 8],
			"to": [8.375, 8.876, 9],
			"rotation": {"angle": 0, "axis": "y", "origin": [6, 6, 6]},
			"faces": {
				"north": {"uv": [1, 9, 4, 9.5], "texture": "#0"},
				"east": {"uv": [4, 9, 8, 9.5], "texture": "#0"},
				"south": {"uv": [2, 9, 5, 9.5], "texture": "#0"},
				"west": {"uv": [8, 9, 12, 9.5], "texture": "#0"},
				"up": {"uv": [8, 7, 12, 10], "rotation": 90, "texture": "#0"},
				"down": {"uv": [11, 8, 15, 11], "rotation": 90, "texture": "#0"}
			}
		},
		{
			"from": [7.5, 8, 7],
			"to": [7.75, 9, 8],
			"rotation": {"angle": 0, "axis": "y", "origin": [6, 6, 6]},
			"faces": {
				"north": {"uv": [0, 8, 1, 12], "texture": "#0"},
				"east": {"uv": [0, 8, 4, 12], "texture": "#0"},
				"south": {"uv": [4, 8, 5, 12], "texture": "#0"},
				"west": {"uv": [0, 8, 4, 12], "texture": "#0"},
				"up": {"uv": [12, 6, 16, 7], "rotation": 90, "texture": "#0"},
				"down": {"uv": [12, 8, 16, 9], "rotation": 90, "texture": "#0"}
			}
		},
		{
			"from": [7.75, 8.751, 7],
			"to": [8.25, 9.001, 8],
			"rotation": {"angle": 0, "axis": "y", "origin": [6, 6, 6]},
			"faces": {
				"north": {"uv": [4, 9, 6, 10], "texture": "#0"},
				"east": {"uv": [0, 9, 4, 10], "texture": "#0"},
				"south": {"uv": [11, 9, 13, 10], "texture": "#0"},
				"west": {"uv": [3, 9, 7, 10], "texture": "#0"},
				"up": {"uv": [8, 7, 12, 9], "rotation": 90, "texture": "#0"},
				"down": {"uv": [7, 8, 11, 10], "rotation": 90, "texture": "#0"}
			}
		},
		{
			"from": [7.625, 8.125, 8],
			"to": [8.375, 8.25, 9],
			"rotation": {"angle": 0, "axis": "y", "origin": [6, 6, 6]},
			"faces": {
				"north": {"uv": [1, 9, 4, 9.5], "texture": "#0"},
				"east": {"uv": [4, 9, 8, 9.5], "texture": "#0"},
				"south": {"uv": [2, 9, 5, 9.5], "texture": "#0"},
				"west": {"uv": [8, 9, 12, 9.5], "texture": "#0"},
				"up": {"uv": [8, 7, 12, 10], "rotation": 90, "texture": "#0"},
				"down": {"uv": [11, 8, 15, 11], "rotation": 90, "texture": "#0"}
			}
		},
		{
			"from": [7.75, 8, 7],
			"to": [8.25, 8.25, 8],
			"rotation": {"angle": 0, "axis": "y", "origin": [6, 6, 6]},
			"faces": {
				"north": {"uv": [7, 9, 9, 10], "texture": "#0"},
				"east": {"uv": [3, 9, 7, 10], "texture": "#0"},
				"south": {"uv": [4, 9, 6, 10], "texture": "#0"},
				"west": {"uv": [4, 9, 8, 10], "texture": "#0"},
				"up": {"uv": [8, 7, 12, 9], "rotation": 90, "texture": "#0"},
				"down": {"uv": [12, 8, 16, 10], "rotation": 90, "texture": "#0"}
			}
		},
		{
			"from": [7.7525, 8.25, 9.75],
			"to": [8.2525, 8.25, 12.25],
			"rotation": {"angle": 0, "axis": "y", "origin": [6, 6, 6]},
			"faces": {
				"north": {"uv": [11, 0, 13, 0], "texture": "#0"},
				"east": {"uv": [0, 8, 10, 8], "texture": "#0"},
				"south": {"uv": [11, 0, 13, 0], "texture": "#0"},
				"west": {"uv": [0, 8, 10, 8], "texture": "#0"},
				"up": {"uv": [0, 8, 10, 10], "rotation": 90, "texture": "#0"},
				"down": {"uv": [0, 8, 10, 10], "rotation": 90, "texture": "#0"}
			}
		},
		{
			"from": [7.7475, 8.75, 7],
			"to": [8.2475, 8.75, 9.75],
			"rotation": {"angle": 0, "axis": "y", "origin": [6, 6, 6]},
			"faces": {
				"north": {"uv": [11, 0, 13, 0], "texture": "#0"},
				"east": {"uv": [0, 8, 11, 8], "texture": "#0"},
				"south": {"uv": [11, 0, 13, 0], "texture": "#0"},
				"west": {"uv": [0, 8, 11, 8], "texture": "#0"},
				"up": {"uv": [0, 8, 11, 10], "rotation": 90, "texture": "#0"},
				"down": {"uv": [0, 8, 11, 10], "rotation": 90, "texture": "#0"}
			}
		},
		{
			"from": [7.7525, 8.25, 7],
			"to": [7.7525, 8.75, 9.75],
			"rotation": {"angle": 0, "axis": "y", "origin": [6, 6, 6]},
			"faces": {
				"north": {"uv": [11, 0, 11, 2], "texture": "#0"},
				"east": {"uv": [0, 8, 11, 10], "texture": "#0"},
				"south": {"uv": [11, 0, 11, 2], "texture": "#0"},
				"west": {"uv": [0, 8, 11, 10], "texture": "#0"},
				"up": {"uv": [0, 0, 11, 0], "rotation": 90, "texture": "#0"},
				"down": {"uv": [0, 0, 11, 0], "rotation": 90, "texture": "#0"}
			}
		},
		{
			"from": [8.2475, 8.25, 7],
			"to": [8.2475, 8.75, 9.75],
			"rotation": {"angle": 0, "axis": "y", "origin": [6, 6, 6]},
			"faces": {
				"north": {"uv": [11, 0, 11, 2], "texture": "#0"},
				"east": {"uv": [0, 8, 11, 10], "texture": "#0"},
				"south": {"uv": [11, 0, 11, 2], "texture": "#0"},
				"west": {"uv": [0, 8, 11, 10], "texture": "#0"},
				"up": {"uv": [0, 0, 11, 0], "rotation": 90, "texture": "#0"},
				"down": {"uv": [0, 0, 11, 0], "rotation": 90, "texture": "#0"}
			}
		},
		{
			"from": [7.7525, 8.25, 7],
			"to": [8.2525, 8.25, 9.75],
			"rotation": {"angle": 0, "axis": "y", "origin": [6, 6, 6]},
			"faces": {
				"north": {"uv": [11, 0, 13, 0], "texture": "#0"},
				"east": {"uv": [0, 8, 11, 8], "texture": "#0"},
				"south": {"uv": [11, 0, 13, 0], "texture": "#0"},
				"west": {"uv": [0, 8, 11, 8], "texture": "#0"},
				"up": {"uv": [0, 8, 11, 10], "rotation": 90, "texture": "#0"},
				"down": {"uv": [0, 8, 11, 10], "rotation": 90, "texture": "#0"}
			}
		},
		{
			"from": [7.75, 7.125, 11.71875],
			"to": [8.25, 7.625, 14.46875],
			"rotation": {"angle": 45, "axis": "z", "origin": [8, 7.375, 7.40625]},
			"faces": {
				"north": {"uv": [5, 3, 7, 5], "texture": "#0"},
				"east": {"uv": [5, 3, 16, 5], "texture": "#0"},
				"south": {"uv": [5, 3, 7, 5], "texture": "#0"},
				"west": {"uv": [5, 6, 16, 8], "texture": "#0"},
				"up": {"uv": [5, 3, 16, 5], "rotation": 90, "texture": "#0"},
				"down": {"uv": [5, 6, 16, 8], "rotation": 90, "texture": "#0"}
			}
		},
		{
			"from": [7.75, 6.27145, 13.2598],
			"to": [8.25, 6.27145, 14.5098],
			"rotation": {"angle": 0, "axis": "z", "origin": [8, 7.35895, 7.3873]},
			"faces": {
				"north": {"uv": [0, 0, 1, 2], "rotation": 90, "texture": "#0"},
				"east": {"uv": [0, 0, 1, 5], "rotation": 270, "texture": "#0"},
				"south": {"uv": [0, 0, 1, 2], "rotation": 270, "texture": "#0"},
				"west": {"uv": [0, 0, 1, 5], "rotation": 270, "texture": "#0"},
				"up": {"uv": [0, 0, 5, 2], "rotation": 270, "texture": "#0"},
				"down": {"uv": [0, 7, 5, 9], "rotation": 270, "texture": "#0"}
			}
		},
		{
			"from": [7.625, 6.24616, 14.43069],
			"to": [8.375, 7.74616, 14.68069],
			"rotation": {"angle": 0, "axis": "z", "origin": [8, 7.27116, 7.49569]},
			"faces": {
				"north": {"uv": [0, 8, 6, 11], "rotation": 90, "texture": "#0"},
				"east": {"uv": [0, 8, 6, 9], "rotation": 270, "texture": "#0"},
				"south": {"uv": [0, 8, 6, 11], "rotation": 270, "texture": "#0"},
				"west": {"uv": [0, 8, 6, 9], "rotation": 270, "texture": "#0"},
				"up": {"uv": [0, 8, 1, 11], "rotation": 270, "texture": "#0"},
				"down": {"uv": [0, 8, 1, 11], "rotation": 270, "texture": "#0"}
			}
		},
		{
			"from": [7.75025, 6.44822, 13.08303],
			"to": [8.25025, 7.44822, 13.08303],
			"rotation": {"angle": 0, "axis": "z", "origin": [8.00025, 7.44822, 7.58303]},
			"faces": {
				"north": {"uv": [0, 0, 4, 2], "rotation": 90, "texture": "#0"},
				"east": {"uv": [0, 0, 4, 1], "rotation": 270, "texture": "#0"},
				"south": {"uv": [0, 0, 4, 2], "rotation": 270, "texture": "#0"},
				"west": {"uv": [0, 0, 4, 1], "rotation": 270, "texture": "#0"},
				"up": {"uv": [0, 0, 1, 2], "rotation": 270, "texture": "#0"},
				"down": {"uv": [0, 0, 1, 2], "rotation": 270, "texture": "#0"}
			}
		},
		{
			"from": [7.75025, 6.1731, 12.65955],
			"to": [8.25025, 6.4231, 12.65955],
			"rotation": {"angle": -45, "axis": "x", "origin": [7.9975, 6.94684, 12.84096]},
			"faces": {
				"north": {"uv": [0, 7, 1, 9], "rotation": 90, "texture": "#0"},
				"east": {"uv": [0, 4, 1, 4], "rotation": 270, "texture": "#0"},
				"south": {"uv": [0, 1, 1, 3], "rotation": 270, "texture": "#0"},
				"west": {"uv": [0, 2, 1, 2], "rotation": 90, "texture": "#0"},
				"up": {"uv": [0, 0, 0, 2], "rotation": 270, "texture": "#0"},
				"down": {"uv": [0, 0, 0, 2], "rotation": 270, "texture": "#0"}
			}
		},
		{
			"from": [7.875, 7.25, 0.03125],
			"to": [8.125, 7.5, 3.78125],
			"rotation": {"angle": 0, "axis": "x", "origin": [8, 7.375, 3.5]},
			"faces": {
				"north": {"uv": [0, 0, 1, 1], "texture": "#0"},
				"east": {"uv": [0, 2, 15, 3], "texture": "#0"},
				"south": {"uv": [0, 0, 1, 1], "texture": "#0"},
				"west": {"uv": [0, 2, 15, 3], "texture": "#0"},
				"up": {"uv": [0, 2, 15, 3], "rotation": 90, "texture": "#0"},
				"down": {"uv": [0, 6, 15, 7], "rotation": 90, "texture": "#0"}
			}
		},
		{
			"from": [7.875, 7.25, 3.78125],
			"to": [8.125, 7.5, 5.28125],
			"rotation": {"angle": 0, "axis": "x", "origin": [8, 7.375, 3.5]},
			"faces": {
				"north": {"uv": [0, 0, 1, 1], "texture": "#0"},
				"east": {"uv": [0, 2, 6, 3], "texture": "#0"},
				"south": {"uv": [0, 0, 1, 1], "texture": "#0"},
				"west": {"uv": [0, 2, 6, 3], "texture": "#0"},
				"up": {"uv": [0, 2, 6, 3], "rotation": 90, "texture": "#0"},
				"down": {"uv": [0, 6, 6, 7], "rotation": 90, "texture": "#0"}
			}
		},
		{
			"from": [7.75, 7.125, 4.96875],
			"to": [8.25, 7.625, 7.96875],
			"rotation": {"angle": 45, "axis": "z", "origin": [8, 7.375, 6.40625]},
			"faces": {
				"north": {"uv": [5, 4, 7, 6], "texture": "#0"},
				"east": {"uv": [0, 4, 12, 6], "texture": "#0"},
				"south": {"uv": [1, 4, 3, 6], "texture": "#0"},
				"west": {"uv": [0, 7, 12, 9], "texture": "#0"},
				"up": {"uv": [0, 4, 12, 6], "rotation": 90, "texture": "#0"},
				"down": {"uv": [0, 7, 12, 9], "rotation": 90, "texture": "#0"}
			}
		},
		{
			"from": [7.625, 7.11875, -0.25],
			"to": [8.375, 7.61875, 0.25],
			"rotation": {"angle": 0, "axis": "z", "origin": [8, 7.375, 6]},
			"faces": {
				"north": {"uv": [0, 13, 2, 16], "rotation": 90, "texture": "#0"},
				"east": {"uv": [0, 0, 2, 2], "rotation": 270, "texture": "#0"},
				"south": {"uv": [0, 13, 2, 16], "rotation": 270, "texture": "#0"},
				"west": {"uv": [0, 0, 2, 2], "rotation": 270, "texture": "#0"},
				"up": {"uv": [0, 0, 2, 3], "rotation": 270, "texture": "#0"},
				"down": {"uv": [0, 2, 2, 5], "rotation": 270, "texture": "#0"}
			}
		},
		{
			"from": [7.83483, 4.69341, 5.96875],
			"to": [7.83483, 7.19341, 6.46875],
			"rotation": {"angle": -22.5, "axis": "z", "origin": [7.83483, 7.20983, 6.21875]},
			"faces": {
				"north": {"uv": [5, 2, 15, 2], "rotation": 90, "texture": "#0"},
				"east": {"uv": [0, 4, 10, 6], "rotation": 270, "texture": "#0"},
				"south": {"uv": [1, 2, 11, 2], "rotation": 270, "texture": "#0"},
				"west": {"uv": [0, 2, 10, 4], "rotation": 270, "texture": "#0"},
				"up": {"uv": [0, 2, 0, 4], "texture": "#0"},
				"down": {"uv": [0, 5, 2, 5], "rotation": 270, "texture": "#0"}
			}
		},
		{
			"from": [7.70983, 4.56841, 5.96875],
			"to": [7.95983, 4.56841, 6.46875],
			"rotation": {"angle": -22.5, "axis": "z", "origin": [7.83483, 7.20983, 6.21875]},
			"faces": {
				"north": {"uv": [5, 2, 5, 3], "rotation": 90, "texture": "#0"},
				"east": {"uv": [0, 4, 0, 6], "rotation": 270, "texture": "#0"},
				"south": {"uv": [1, 2, 1, 3], "rotation": 270, "texture": "#0"},
				"west": {"uv": [0, 2, 0, 4], "rotation": 270, "texture": "#0"},
				"up": {"uv": [0, 2, 1, 4], "texture": "#0"},
				"down": {"uv": [0, 5, 2, 6], "rotation": 270, "texture": "#0"}
			}
		},
		{
			"from": [7.70983, 4.56841, 6.21875],
			"to": [7.95983, 7.31841, 6.21875],
			"rotation": {"angle": -22.5, "axis": "z", "origin": [7.83483, 7.20983, 6.21875]},
			"faces": {
				"north": {"uv": [5, 2, 16, 3], "rotation": 90, "texture": "#0"},
				"east": {"uv": [0, 4, 11, 4], "rotation": 270, "texture": "#0"},
				"south": {"uv": [1, 2, 12, 3], "rotation": 270, "texture": "#0"},
				"west": {"uv": [0, 2, 11, 2], "rotation": 270, "texture": "#0"},
				"up": {"uv": [0, 2, 1, 2], "texture": "#0"},
				"down": {"uv": [0, 5, 0, 6], "rotation": 270, "texture": "#0"}
			}
		},
		{
			"from": [8.16517, 4.69341, 5.96875],
			"to": [8.16517, 7.19341, 6.46875],
			"rotation": {"angle": 22.5, "axis": "z", "origin": [8.16517, 7.20983, 6.21875]},
			"faces": {
				"north": {"uv": [5, 2, 15, 2], "rotation": 90, "texture": "#0"},
				"east": {"uv": [0, 2, 10, 4], "rotation": 90, "texture": "#0"},
				"south": {"uv": [1, 2, 11, 2], "rotation": 90, "texture": "#0"},
				"west": {"uv": [0, 4, 10, 6], "rotation": 90, "texture": "#0"},
				"up": {"uv": [0, 2, 0, 4], "texture": "#0"},
				"down": {"uv": [0, 5, 2, 5], "rotation": 90, "texture": "#0"}
			}
		},
		{
			"from": [8.04017, 4.56841, 5.96875],
			"to": [8.29017, 4.56841, 6.46875],
			"rotation": {"angle": 22.5, "axis": "z", "origin": [8.16517, 7.20983, 6.21875]},
			"faces": {
				"north": {"uv": [5, 2, 5, 3], "rotation": 90, "texture": "#0"},
				"east": {"uv": [0, 2, 0, 4], "rotation": 90, "texture": "#0"},
				"south": {"uv": [1, 2, 1, 3], "rotation": 90, "texture": "#0"},
				"west": {"uv": [0, 4, 0, 6], "rotation": 90, "texture": "#0"},
				"up": {"uv": [0, 2, 1, 4], "texture": "#0"},
				"down": {"uv": [0, 5, 2, 6], "rotation": 90, "texture": "#0"}
			}
		},
		{
			"from": [8.04017, 4.56841, 6.21875],
			"to": [8.29017, 7.31841, 6.21875],
			"rotation": {"angle": 22.5, "axis": "z", "origin": [8.16517, 7.20983, 6.21875]},
			"faces": {
				"north": {"uv": [5, 2, 16, 3], "rotation": 90, "texture": "#0"},
				"east": {"uv": [0, 2, 11, 2], "rotation": 90, "texture": "#0"},
				"south": {"uv": [1, 2, 12, 3], "rotation": 90, "texture": "#0"},
				"west": {"uv": [0, 4, 11, 4], "rotation": 90, "texture": "#0"},
				"up": {"uv": [0, 2, 1, 2], "texture": "#0"},
				"down": {"uv": [0, 5, 0, 6], "rotation": 90, "texture": "#0"}
			}
		},
		{
			"from": [7.876, 6.5, 9],
			"to": [8.126, 7, 10],
			"rotation": {"angle": 0, "axis": "x", "origin": [7.875, 6.875, 9.5]},
			"faces": {
				"north": {"uv": [3, 10, 4, 12], "texture": "#0"},
				"east": {"uv": [2, 9, 6, 11], "texture": "#0"},
				"south": {"uv": [3, 10, 4, 12], "texture": "#0"},
				"west": {"uv": [2, 7, 6, 9], "texture": "#0"},
				"up": {"uv": [4, 7, 8, 8], "rotation": 270, "texture": "#0"},
				"down": {"uv": [4, 10, 8, 11], "rotation": 270, "texture": "#0"}
			}
		},
		{
			"from": [7.874, 6.5, 9],
			"to": [8.124, 7, 10],
			"rotation": {"angle": 0, "axis": "x", "origin": [7.875, 6.875, 9.5]},
			"faces": {
				"north": {"uv": [3, 10, 4, 12], "texture": "#0"},
				"east": {"uv": [2, 9, 6, 11], "texture": "#0"},
				"south": {"uv": [3, 10, 4, 12], "texture": "#0"},
				"west": {"uv": [2, 7, 6, 9], "texture": "#0"},
				"up": {"uv": [4, 7, 8, 8], "rotation": 270, "texture": "#0"},
				"down": {"uv": [4, 10, 8, 11], "rotation": 270, "texture": "#0"}
			}
		},
		{
			"from": [7.875, 6.29914, 9.00978],
			"to": [8.125, 6.54914, 9.75978],
			"rotation": {"angle": 22.5, "axis": "x", "origin": [8, 6.42414, 9.50978]},
			"faces": {
				"north": {"uv": [4, 10, 5, 11], "rotation": 90, "texture": "#0"},
				"east": {"uv": [2, 10, 5, 11], "texture": "#0"},
				"south": {"uv": [4, 10, 5, 11], "rotation": 270, "texture": "#0"},
				"west": {"uv": [2, 8, 5, 9], "texture": "#0"},
				"up": {"uv": [5, 7, 8, 8], "rotation": 270, "texture": "#0"},
				"down": {"uv": [5, 10, 8, 11], "rotation": 270, "texture": "#0"}
			}
		},
		{
			"from": [7.875, 6.25, 9.75],
			"to": [8.125, 6.5, 10],
			"rotation": {"angle": 0, "axis": "x", "origin": [7.875, 6.875, 9.5]},
			"faces": {
				"north": {"uv": [3, 9, 4, 10], "rotation": 90, "texture": "#0"},
				"east": {"uv": [2, 10, 3, 11], "texture": "#0"},
				"south": {"uv": [3, 9, 4, 10], "rotation": 270, "texture": "#0"},
				"west": {"uv": [2, 8, 3, 9], "texture": "#0"},
				"up": {"uv": [4, 6, 5, 7], "rotation": 270, "texture": "#0"},
				"down": {"uv": [4, 9, 5, 10], "rotation": 270, "texture": "#0"}
			}
		},
		{
			"from": [7.875, 6.25, 9.625],
			"to": [8.125, 6.5, 9.875],
			"rotation": {"angle": 0, "axis": "x", "origin": [7.875, 6.875, 9.5]},
			"faces": {
				"north": {"uv": [3, 9, 4, 10], "rotation": 90, "texture": "#0"},
				"east": {"uv": [2, 10, 3, 11], "texture": "#0"},
				"south": {"uv": [3, 9, 4, 10], "rotation": 270, "texture": "#0"},
				"west": {"uv": [2, 8, 3, 9], "texture": "#0"},
				"up": {"uv": [4, 6, 5, 7], "rotation": 270, "texture": "#0"},
				"down": {"uv": [4, 9, 5, 10], "rotation": 270, "texture": "#0"}
			}
		},
		{
			"from": [7.875, 6.21299, 9.69291],
			"to": [8.125, 6.46299, 9.94291],
			"rotation": {"angle": 0, "axis": "x", "origin": [7.875, 6.83799, 9.56791]},
			"faces": {
				"north": {"uv": [3, 9, 4, 10], "rotation": 90, "texture": "#0"},
				"east": {"uv": [2, 10, 3, 11], "texture": "#0"},
				"south": {"uv": [3, 9, 4, 10], "rotation": 270, "texture": "#0"},
				"west": {"uv": [2, 8, 3, 9], "texture": "#0"},
				"up": {"uv": [4, 6, 5, 7], "rotation": 270, "texture": "#0"},
				"down": {"uv": [4, 9, 5, 10], "rotation": 270, "texture": "#0"}
			}
		},
		{
			"from": [7.875, 6.21299, 9.75],
			"to": [8.125, 6.46299, 10],
			"rotation": {"angle": 0, "axis": "x", "origin": [7.875, 6.83799, 9.56791]},
			"faces": {
				"north": {"uv": [3, 9, 4, 10], "rotation": 90, "texture": "#0"},
				"east": {"uv": [2, 10, 3, 11], "texture": "#0"},
				"south": {"uv": [3, 9, 4, 10], "rotation": 270, "texture": "#0"},
				"west": {"uv": [2, 8, 3, 9], "texture": "#0"},
				"up": {"uv": [4, 6, 5, 7], "rotation": 270, "texture": "#0"},
				"down": {"uv": [4, 9, 5, 10], "rotation": 270, "texture": "#0"}
			}
		},
		{
			"from": [7.75, 7.01875, 10.25],
			"to": [8.25, 7.26875, 10.75],
			"rotation": {"angle": 0, "axis": "z", "origin": [8, 7.375, 5.75]},
			"faces": {
				"north": {"uv": [1, 3, 2, 5], "rotation": 90, "texture": "#0"},
				"east": {"uv": [2, 3, 3, 5], "rotation": 270, "texture": "#0"},
				"south": {"uv": [2, 3, 3, 5], "rotation": 270, "texture": "#0"},
				"west": {"uv": [1, 3, 2, 5], "rotation": 270, "texture": "#0"},
				"up": {"uv": [1, 2, 3, 4], "rotation": 270, "texture": "#0"},
				"down": {"uv": [1, 4, 3, 6], "rotation": 270, "texture": "#0"}
			}
		},
		{
			"from": [7.875, 6.125, 10.375],
			"to": [8.125, 7.375, 10.875],
			"rotation": {"angle": -22.5, "axis": "x", "origin": [8, 6.625, 10.75]},
			"faces": {
				"north": {"uv": [0, 9, 5, 10], "rotation": 90, "texture": "#0"},
				"east": {"uv": [0, 6, 5, 8], "rotation": 270, "texture": "#0"},
				"south": {"uv": [0, 6, 5, 7], "rotation": 270, "texture": "#0"},
				"west": {"uv": [0, 6, 5, 8], "rotation": 270, "texture": "#0"},
				"up": {"uv": [0, 6, 2, 7], "rotation": 270, "texture": "#0"},
				"down": {"uv": [0, 11, 2, 12], "rotation": 270, "texture": "#0"}
			}
		}
	],
	"gui_light": "front",
	"display": {
		"thirdperson_righthand": {
			"translation": [0, 2.5, -4],
			"scale": [2, 2, 2]
		},
		"thirdperson_lefthand": {
			"translation": [0, 2.5, -0.75],
			"scale": [0.525, 0.525, 0.525]
		},
		"firstperson_righthand": {
			"rotation": [0, 4.25, -0.02],
			"translation": [-2.25, 14, -8.5]
		},
		"firstperson_lefthand": {
			"rotation": [0, 4.25, -0.02],
			"translation": [-2.25, 14, -8.5]
		},
		"ground": {
			"scale": [0.6, 0.6, 0.6]
		},
		"gui": {
			"rotation": [90, 45, -90],
			"translation": [0.75, 1.5, 0],
			"scale": [0.5, 0.5, 0.5]
		}
	},
	"groups": [
		{
			"name": "group",
			"origin": [8, 8, 8],
			"color": 0,
			"nbt": "{}",
			"children": [
				{
					"name": "body",
					"origin": [8, 5.5, 1.625],
					"color": 0,
					"nbt": "{}",
					"children": [
						0,
						1,
						2,
						3,
						4,
						5,
						{
							"name": "rail",
							"origin": [6, 6, 6],
							"color": 0,
							"nbt": "{}",
							"children": [6, 7, 8, 9, 10, 11, 12]
						}
					]
				},
				{
					"name": "sight",
					"origin": [8, 8, 8],
					"color": 0,
					"nbt": "{}",
					"children": [
						{
							"name": "12.0xscope",
							"origin": [0, 0, 0],
							"color": 0,
							"nbt": "{}",
							"children": [
								13,
								14,
								15,
								16,
								17,
								18,
								19,
								{
									"name": "temp2",
									"origin": [6, 6, 6],
									"color": 0,
									"nbt": "{}",
									"children": [20, 21, 22, 23]
								},
								24,
								{
									"name": "temp",
									"origin": [6, 6, 6],
									"color": 0,
									"nbt": "{}",
									"children": [25, 26, 27, 28]
								},
								29,
								30,
								31,
								32,
								33,
								34,
								35,
								36,
								37,
								38,
								39,
								40,
								41,
								42,
								43,
								44
							]
						},
						{
							"name": "default",
							"origin": [8, 8, 8],
							"color": 0,
							"nbt": "{}",
							"children": []
						}
					]
				},
				{
					"name": "stock",
					"origin": [8, 8, 8],
					"color": 0,
					"nbt": "{}",
					"children": [
						{
							"name": "default",
							"origin": [7.99, 3.78735, 23.36384],
							"color": 0,
							"nbt": "{}",
							"children": [45, 46, 47, 48, 49]
						}
					]
				},
				{
					"name": "barrel",
					"origin": [8, 8, 8],
					"color": 0,
					"nbt": "{}",
					"children": [
						{
							"name": "default",
							"origin": [8, 5.5, 0],
							"color": 0,
							"nbt": "{}",
							"children": [50, 51, 52, 53]
						}
					]
				},
				{
					"name": "underbarrel",
					"origin": [8, 8, 8],
					"color": 0,
					"nbt": "{}",
					"children": [
						{
							"name": "bipod",
							"origin": [8, 8, 8],
							"color": 0,
							"nbt": "{}",
							"children": [
								{
									"name": "l",
									"origin": [7.73483, 7.10983, 6.21875],
									"color": 0,
									"nbt": "{}",
									"children": [54, 55, 56]
								},
								{
									"name": "r",
									"origin": [9.06066, 6.31434, 6.21875],
									"color": 0,
									"nbt": "{}",
									"children": [57, 58, 59]
								}
							]
						}
					]
				},
				{
					"name": "magazine",
					"origin": [8, 8, 8],
					"color": 0,
					"nbt": "{}",
					"children": [
						{
							"name": "default",
							"origin": [8, 5.5, -1],
							"color": 0,
							"nbt": "{}",
							"children": [60, 61, 62, 63, 64, 65, 66]
						}
					]
				},
				{
					"name": "grip",
					"origin": [8, 8, 8],
					"color": 0,
					"nbt": "{}",
					"children": [
						{
							"name": "default",
							"origin": [8, 8, 8],
							"color": 0,
							"nbt": "{}",
							"children": [67, 68]
						}
					]
				}
			]
		}
	]
}