{
	"credit": "Made with Blockbench",
	"texture_size": [4, 4],
	"textures": {
		"1": "item/gun/reddish_wood",
		"2": "item/gun/metal",
		"3": "item/gun/iron",
		"particle": "item/gun/metal"
	},
	"elements": [
		{
			"from": [7.6275, 7.375, 5.25],
			"to": [8.1275, 8.125, 7.5],
			"rotation": {"angle": 0, "axis": "y", "origin": [6.125, 6, 6]},
			"faces": {
				"north": {"uv": [11, 5, 13, 8], "texture": "#2"},
				"east": {"uv": [0, 5, 9, 8], "texture": "#2"},
				"south": {"uv": [11, 5, 13, 8], "texture": "#2"},
				"west": {"uv": [0, 5, 9, 8], "texture": "#2"},
				"up": {"uv": [0, 2, 9, 4], "rotation": 90, "texture": "#2"},
				"down": {"uv": [0, 8, 9, 10], "rotation": 90, "texture": "#2"}
			}
		},
		{
			"from": [7.6275, 7.375, 5.249],
			"to": [8.3775, 8.125, 5.249],
			"rotation": {"angle": 0, "axis": "y", "origin": [6.125, 6, 6]},
			"faces": {
				"north": {"uv": [7, 7, 10, 10], "texture": "#2"},
				"east": {"uv": [0, 5, 0, 8], "texture": "#2"},
				"south": {"uv": [7, 7, 10, 10], "texture": "#2"},
				"west": {"uv": [0, 5, 0, 8], "texture": "#2"},
				"up": {"uv": [0, 2, 0, 5], "rotation": 90, "texture": "#2"},
				"down": {"uv": [0, 8, 0, 11], "rotation": 90, "texture": "#2"}
			}
		},
		{
			"from": [7.8725, 7.375, 5.25],
			"to": [8.3725, 8.125, 7.5],
			"rotation": {"angle": 0, "axis": "y", "origin": [6.125, 6, 6]},
			"faces": {
				"north": {"uv": [11, 5, 13, 8], "texture": "#2"},
				"east": {"uv": [0, 5, 9, 8], "texture": "#2"},
				"south": {"uv": [11, 5, 13, 8], "texture": "#2"},
				"west": {"uv": [0, 5, 9, 8], "texture": "#2"},
				"up": {"uv": [0, 2, 9, 4], "rotation": 90, "texture": "#2"},
				"down": {"uv": [0, 8, 9, 10], "rotation": 90, "texture": "#2"}
			}
		},
		{
			"from": [7.7525, 8, 10.19822],
			"to": [8.2525, 8.25, 10.44822],
			"rotation": {"angle": 45, "axis": "x", "origin": [7.8775, 8.125, 10.32322]},
			"faces": {
				"north": {"uv": [11, 6, 13, 7], "texture": "#2"},
				"east": {"uv": [0, 6, 1, 7], "texture": "#2"},
				"south": {"uv": [11, 6, 13, 7], "texture": "#2"},
				"west": {"uv": [0, 6, 1, 7], "texture": "#2"},
				"up": {"uv": [0, 4, 1, 6], "rotation": 90, "texture": "#2"},
				"down": {"uv": [0, 10, 1, 12], "rotation": 90, "texture": "#2"}
			}
		},
		{
			"from": [7.75, 8.25, 10.19822],
			"to": [8.25, 8.5, 10.44822],
			"rotation": {"angle": 45, "axis": "x", "origin": [8.25, 8.375, 10.07322]},
			"faces": {
				"north": {"uv": [11, 6, 13, 7], "texture": "#2"},
				"east": {"uv": [0, 6, 1, 7], "texture": "#2"},
				"south": {"uv": [11, 6, 13, 7], "texture": "#2"},
				"west": {"uv": [0, 6, 1, 7], "texture": "#2"},
				"up": {"uv": [0, 4, 1, 6], "rotation": 90, "texture": "#2"},
				"down": {"uv": [0, 10, 1, 12], "rotation": 90, "texture": "#2"}
			}
		},
		{
			"from": [7.75, 8.125, 8],
			"to": [8.25, 8.375, 10.25],
			"rotation": {"angle": 0, "axis": "y", "origin": [6.125, 6, 6]},
			"faces": {
				"north": {"uv": [11, 6, 13, 7], "texture": "#2"},
				"east": {"uv": [0, 6, 9, 7], "texture": "#2"},
				"south": {"uv": [11, 6, 13, 7], "texture": "#2"},
				"west": {"uv": [0, 6, 9, 7], "texture": "#2"},
				"up": {"uv": [0, 4, 9, 6], "rotation": 90, "texture": "#2"},
				"down": {"uv": [0, 10, 9, 12], "rotation": 90, "texture": "#2"}
			}
		},
		{
			"from": [7.625, 8.125, 7.5],
			"to": [8.375, 8.375, 8],
			"rotation": {"angle": 0, "axis": "y", "origin": [6.125, 6, 6]},
			"faces": {
				"north": {"uv": [11, 6, 14, 7], "texture": "#2"},
				"east": {"uv": [0, 6, 2, 7], "texture": "#2"},
				"south": {"uv": [11, 6, 14, 7], "texture": "#2"},
				"west": {"uv": [0, 6, 2, 7], "texture": "#2"},
				"up": {"uv": [0, 4, 2, 7], "rotation": 90, "texture": "#2"},
				"down": {"uv": [0, 10, 2, 13], "rotation": 90, "texture": "#2"}
			}
		},
		{
			"from": [7.6275, 7.375, 10.25],
			"to": [8.1275, 8.125, 10.5],
			"rotation": {"angle": 0, "axis": "y", "origin": [6.125, 6, 6]},
			"faces": {
				"north": {"uv": [0, 10, 2, 13], "texture": "#2"},
				"east": {"uv": [0, 10, 1, 13], "texture": "#2"},
				"south": {"uv": [0, 10, 2, 13], "texture": "#2"},
				"west": {"uv": [0, 10, 1, 13], "texture": "#2"},
				"up": {"uv": [0, 9, 2, 10], "texture": "#2"},
				"down": {"uv": [0, 13, 2, 14], "texture": "#2"}
			}
		},
		{
			"from": [7.8725, 7.375, 10.25],
			"to": [8.3725, 8.125, 10.5],
			"rotation": {"angle": 0, "axis": "y", "origin": [6.125, 6, 6]},
			"faces": {
				"north": {"uv": [0, 10, 2, 13], "texture": "#2"},
				"east": {"uv": [0, 10, 1, 13], "texture": "#2"},
				"south": {"uv": [0, 10, 2, 13], "texture": "#2"},
				"west": {"uv": [0, 10, 1, 13], "texture": "#2"},
				"up": {"uv": [0, 9, 2, 10], "texture": "#2"},
				"down": {"uv": [0, 13, 2, 14], "texture": "#2"}
			}
		},
		{
			"from": [7.6225, 6.95, 10.5],
			"to": [8.3725, 8.45, 10.75],
			"rotation": {"angle": 0, "axis": "y", "origin": [5.375, 6, 6.25]},
			"faces": {
				"north": {"uv": [0, 10, 3, 13], "texture": "#2"},
				"east": {"uv": [0, 10, 1, 13], "texture": "#2"},
				"south": {"uv": [0, 10, 3, 13], "texture": "#2"},
				"west": {"uv": [0, 10, 1, 13], "texture": "#2"},
				"up": {"uv": [0, 9, 3, 10], "texture": "#2"},
				"down": {"uv": [0, 13, 3, 14], "texture": "#2"}
			}
		},
		{
			"from": [7.6275, 7.375, 7.5],
			"to": [8.1275, 8.125, 10.25],
			"rotation": {"angle": 0, "axis": "y", "origin": [6.125, 6, 6]},
			"faces": {
				"north": {"uv": [11, 7, 13, 10], "texture": "#2"},
				"east": {"uv": [0, 13, 11, 14], "texture": "#2"},
				"south": {"uv": [11, 7, 13, 10], "texture": "#2"},
				"west": {"uv": [0, 7, 11, 10], "texture": "#2"},
				"up": {"uv": [0, 4, 11, 6], "rotation": 90, "texture": "#2"},
				"down": {"uv": [0, 10, 11, 12], "rotation": 90, "texture": "#2"}
			}
		},
		{
			"from": [7.8725, 7.375, 9.5],
			"to": [8.3725, 8.125, 10.25],
			"rotation": {"angle": 0, "axis": "y", "origin": [6.125, 6, 6]},
			"faces": {
				"north": {"uv": [11, 7, 13, 10], "texture": "#2"},
				"east": {"uv": [0, 7, 3, 10], "texture": "#2"},
				"south": {"uv": [11, 7, 13, 10], "texture": "#2"},
				"west": {"uv": [0, 7, 3, 10], "texture": "#2"},
				"up": {"uv": [0, 4, 3, 6], "rotation": 90, "texture": "#2"},
				"down": {"uv": [0, 10, 3, 12], "rotation": 90, "texture": "#2"}
			}
		},
		{
			"from": [7.8725, 7.375, 8],
			"to": [8.3725, 7.875, 9.5],
			"rotation": {"angle": 0, "axis": "y", "origin": [6.125, 6, 6]},
			"faces": {
				"north": {"uv": [11, 7, 13, 9], "texture": "#2"},
				"east": {"uv": [3, 8, 9, 10], "texture": "#2"},
				"south": {"uv": [11, 7, 13, 9], "texture": "#2"},
				"west": {"uv": [3, 8, 9, 10], "texture": "#2"},
				"up": {"uv": [3, 4, 9, 6], "rotation": 90, "texture": "#2"},
				"down": {"uv": [3, 10, 9, 12], "rotation": 90, "texture": "#2"}
			}
		},
		{
			"from": [8.0225, 7.875, 8.05],
			"to": [8.5225, 8.125, 8.05],
			"rotation": {"angle": 0, "axis": "y", "origin": [6.125, 6, 6]},
			"faces": {
				"north": {"uv": [14, 10, 16, 11], "texture": "#3"},
				"east": {"uv": [6, 10, 9, 11], "texture": "#3"},
				"south": {"uv": [14, 10, 16, 11], "texture": "#3"},
				"west": {"uv": [6, 10, 9, 11], "texture": "#3"},
				"up": {"uv": [6, 7, 9, 9], "rotation": 90, "texture": "#3"},
				"down": {"uv": [6, 13, 9, 15], "rotation": 90, "texture": "#3"}
			}
		},
		{
			"from": [7.7725, 7.875, 8],
			"to": [8.2725, 8.125, 8.75],
			"rotation": {"angle": 0, "axis": "y", "origin": [6.125, 6, 6]},
			"faces": {
				"north": {"uv": [14, 10, 16, 11], "texture": "#3"},
				"east": {"uv": [6, 10, 9, 11], "texture": "#3"},
				"south": {"uv": [14, 10, 16, 11], "texture": "#3"},
				"west": {"uv": [6, 10, 9, 11], "texture": "#3"},
				"up": {"uv": [6, 7, 9, 9], "rotation": 90, "texture": "#3"},
				"down": {"uv": [6, 13, 9, 15], "rotation": 90, "texture": "#3"}
			}
		},
		{
			"from": [7.8725, 7.375, 7.5],
			"to": [8.3725, 8.125, 8],
			"rotation": {"angle": 0, "axis": "y", "origin": [6.125, 6, 6]},
			"faces": {
				"north": {"uv": [11, 7, 13, 10], "texture": "#2"},
				"east": {"uv": [9, 7, 11, 10], "texture": "#2"},
				"south": {"uv": [11, 7, 13, 10], "texture": "#2"},
				"west": {"uv": [9, 7, 11, 10], "texture": "#2"},
				"up": {"uv": [9, 4, 11, 6], "rotation": 90, "texture": "#2"},
				"down": {"uv": [9, 10, 11, 12], "rotation": 90, "texture": "#2"}
			}
		},
		{
			"from": [7.8725, 8.126, 8],
			"to": [8.3725, 8.126, 9.5],
			"rotation": {"angle": 0, "axis": "y", "origin": [6.125, 6, 6]},
			"faces": {
				"north": {"uv": [11, 7, 13, 7], "texture": "#2"},
				"east": {"uv": [3, 7, 9, 7], "texture": "#2"},
				"south": {"uv": [11, 7, 13, 7], "texture": "#2"},
				"west": {"uv": [3, 7, 9, 7], "texture": "#2"},
				"up": {"uv": [3, 4, 9, 6], "rotation": 90, "texture": "#2"},
				"down": {"uv": [3, 10, 9, 12], "rotation": 90, "texture": "#2"}
			}
		},
		{
			"from": [7.625, 8.375, 7.5],
			"to": [8.375, 8.625, 8],
			"rotation": {"angle": 0, "axis": "y", "origin": [6.125, 6, 6]},
			"faces": {
				"north": {"uv": [11, 6, 14, 7], "texture": "#2"},
				"east": {"uv": [0, 6, 2, 7], "texture": "#2"},
				"south": {"uv": [11, 6, 14, 7], "texture": "#2"},
				"west": {"uv": [0, 6, 2, 7], "texture": "#2"},
				"up": {"uv": [0, 4, 2, 7], "rotation": 90, "texture": "#2"},
				"down": {"uv": [0, 10, 2, 13], "rotation": 90, "texture": "#2"}
			}
		},
		{
			"from": [8.125, 8, 5.5],
			"to": [8.375, 8.25, 7.25],
			"rotation": {"angle": 0, "axis": "y", "origin": [6.125, 6, 6]},
			"faces": {
				"north": {"uv": [0, 0, 1, 1], "texture": "#1"},
				"east": {"uv": [0, 0, 7, 1], "texture": "#1"},
				"south": {"uv": [0, 0, 1, 1], "texture": "#1"},
				"west": {"uv": [0, 0, 7, 1], "texture": "#1"},
				"up": {"uv": [0, 0, 1, 7], "texture": "#1"},
				"down": {"uv": [0, 0, 1, 7], "texture": "#1"}
			}
		},
		{
			"from": [7.625, 8, 5.5],
			"to": [7.875, 8.25, 7.25],
			"rotation": {"angle": 0, "axis": "y", "origin": [6.125, 6, 6]},
			"faces": {
				"north": {"uv": [0, 0, 1, 1], "texture": "#1"},
				"east": {"uv": [0, 0, 7, 1], "texture": "#1"},
				"south": {"uv": [0, 0, 1, 1], "texture": "#1"},
				"west": {"uv": [0, 0, 7, 1], "texture": "#1"},
				"up": {"uv": [0, 0, 1, 7], "texture": "#1"},
				"down": {"uv": [0, 0, 1, 7], "texture": "#1"}
			}
		},
		{
			"from": [7.875, 8.25, 5.5],
			"to": [8.125, 8.5, 7],
			"rotation": {"angle": 0, "axis": "y", "origin": [6.125, 6, 6]},
			"faces": {
				"north": {"uv": [0, 0, 1, 1], "texture": "#1"},
				"east": {"uv": [0, 0, 6, 1], "texture": "#1"},
				"south": {"uv": [0, 0, 1, 1], "texture": "#1"},
				"west": {"uv": [0, 0, 6, 1], "texture": "#1"},
				"up": {"uv": [0, 0, 1, 6], "texture": "#1"},
				"down": {"uv": [0, 0, 1, 6], "texture": "#1"}
			}
		},
		{
			"from": [7.875, 7.625, 4.5],
			"to": [8.125, 7.875, 5],
			"rotation": {"angle": 0, "axis": "y", "origin": [6.125, 6, 6]},
			"faces": {
				"north": {"uv": [0, 0, 1, 1], "texture": "#2"},
				"east": {"uv": [0, 0, 2, 1], "texture": "#2"},
				"south": {"uv": [0, 0, 1, 1], "texture": "#2"},
				"west": {"uv": [0, 0, 2, 1], "texture": "#2"},
				"up": {"uv": [0, 0, 1, 2], "texture": "#2"},
				"down": {"uv": [0, 0, 1, 2], "texture": "#2"}
			}
		},
		{
			"from": [7.925, 7.575, 5],
			"to": [8.175, 7.825, 5.25],
			"rotation": {"angle": 45, "axis": "z", "origin": [8, 7.75, 5.125]},
			"faces": {
				"north": {"uv": [0, 0, 1, 1], "texture": "#2"},
				"east": {"uv": [0, 0, 1, 1], "texture": "#2"},
				"south": {"uv": [0, 0, 1, 1], "texture": "#2"},
				"west": {"uv": [0, 0, 1, 1], "texture": "#2"},
				"up": {"uv": [0, 0, 1, 1], "texture": "#2"},
				"down": {"uv": [0, 0, 1, 1], "texture": "#2"}
			}
		},
		{
			"from": [7.825, 7.575, 5],
			"to": [8.075, 7.825, 5.25],
			"rotation": {"angle": 45, "axis": "z", "origin": [8, 7.75, 5.125]},
			"faces": {
				"north": {"uv": [0, 0, 1, 1], "texture": "#2"},
				"east": {"uv": [0, 0, 1, 1], "texture": "#2"},
				"south": {"uv": [0, 0, 1, 1], "texture": "#2"},
				"west": {"uv": [0, 0, 1, 1], "texture": "#2"},
				"up": {"uv": [0, 0, 1, 1], "texture": "#2"},
				"down": {"uv": [0, 0, 1, 1], "texture": "#2"}
			}
		},
		{
			"from": [7.925, 7.675, 5],
			"to": [8.175, 7.925, 5.25],
			"rotation": {"angle": 45, "axis": "z", "origin": [8, 7.75, 5.125]},
			"faces": {
				"north": {"uv": [0, 0, 1, 1], "texture": "#2"},
				"east": {"uv": [0, 0, 1, 1], "texture": "#2"},
				"south": {"uv": [0, 0, 1, 1], "texture": "#2"},
				"west": {"uv": [0, 0, 1, 1], "texture": "#2"},
				"up": {"uv": [0, 0, 1, 1], "texture": "#2"},
				"down": {"uv": [0, 0, 1, 1], "texture": "#2"}
			}
		},
		{
			"from": [7.825, 7.675, 5],
			"to": [8.075, 7.925, 5.25],
			"rotation": {"angle": 45, "axis": "z", "origin": [8, 7.75, 5.125]},
			"faces": {
				"north": {"uv": [0, 0, 1, 1], "texture": "#2"},
				"east": {"uv": [0, 0, 1, 1], "texture": "#2"},
				"south": {"uv": [0, 0, 1, 1], "texture": "#2"},
				"west": {"uv": [0, 0, 1, 1], "texture": "#2"},
				"up": {"uv": [0, 0, 1, 1], "texture": "#2"},
				"down": {"uv": [0, 0, 1, 1], "texture": "#2"}
			}
		},
		{
			"from": [7.625, 8, 7.25],
			"to": [8.375, 8.5, 7.5],
			"rotation": {"angle": 0, "axis": "y", "origin": [6.125, 6, 6]},
			"faces": {
				"north": {"uv": [6, 3, 9, 5], "texture": "#2"},
				"east": {"uv": [6, 3, 7, 5], "texture": "#2"},
				"south": {"uv": [6, 3, 9, 5], "texture": "#2"},
				"west": {"uv": [6, 3, 7, 5], "texture": "#2"},
				"up": {"uv": [6, 3, 9, 4], "texture": "#2"},
				"down": {"uv": [6, 3, 9, 4], "texture": "#2"}
			}
		},
		{
			"from": [7.625, 8.25, 7],
			"to": [8.375, 8.5, 7.25],
			"rotation": {"angle": 0, "axis": "y", "origin": [6.125, 6, 6]},
			"faces": {
				"north": {"uv": [0, 0, 3, 1], "texture": "#1"},
				"east": {"uv": [0, 0, 1, 1], "texture": "#1"},
				"south": {"uv": [0, 0, 3, 1], "texture": "#1"},
				"west": {"uv": [0, 0, 1, 1], "texture": "#1"},
				"up": {"uv": [0, 0, 3, 1], "texture": "#1"},
				"down": {"uv": [0, 0, 3, 1], "texture": "#1"}
			}
		},
		{
			"from": [7.75, 8.375, 7.375],
			"to": [8.25, 9.125, 7.625],
			"rotation": {"angle": 0, "axis": "y", "origin": [6.125, 6, 6]},
			"faces": {
				"north": {"uv": [6, 7, 8, 10], "texture": "#2"},
				"east": {"uv": [6, 7, 7, 10], "texture": "#2"},
				"south": {"uv": [6, 7, 8, 10], "texture": "#2"},
				"west": {"uv": [6, 7, 7, 10], "texture": "#2"},
				"up": {"uv": [6, 7, 8, 8], "texture": "#2"},
				"down": {"uv": [6, 7, 8, 8], "texture": "#2"}
			}
		},
		{
			"from": [7.749, 8.125, 5.25],
			"to": [8.249, 9.125, 5.5],
			"rotation": {"angle": 0, "axis": "y", "origin": [6.125, 6, 6]},
			"faces": {
				"north": {"uv": [6, 7, 8, 10], "texture": "#2"},
				"east": {"uv": [6, 7, 7, 10], "texture": "#2"},
				"south": {"uv": [6, 7, 8, 10], "texture": "#2"},
				"west": {"uv": [6, 7, 7, 10], "texture": "#2"},
				"up": {"uv": [6, 7, 8, 8], "texture": "#2"},
				"down": {"uv": [6, 7, 8, 8], "texture": "#2"}
			}
		},
		{
			"from": [7.751, 8.125, 5.25],
			"to": [8.251, 9.125, 5.5],
			"rotation": {"angle": 0, "axis": "y", "origin": [6.125, 6, 6]},
			"faces": {
				"north": {"uv": [6, 7, 8, 10], "texture": "#2"},
				"east": {"uv": [6, 7, 7, 10], "texture": "#2"},
				"south": {"uv": [6, 7, 8, 10], "texture": "#2"},
				"west": {"uv": [6, 7, 7, 10], "texture": "#2"},
				"up": {"uv": [6, 7, 8, 8], "texture": "#2"},
				"down": {"uv": [6, 7, 8, 8], "texture": "#2"}
			}
		},
		{
			"from": [7.75, 8.875, 5.375],
			"to": [8.25, 9.125, 7.375],
			"rotation": {"angle": 0, "axis": "y", "origin": [6.125, 6, 6]},
			"faces": {
				"north": {"uv": [6, 7, 8, 10], "texture": "#2"},
				"east": {"uv": [6, 7, 7, 10], "texture": "#2"},
				"south": {"uv": [6, 7, 8, 10], "texture": "#2"},
				"west": {"uv": [6, 7, 7, 10], "texture": "#2"},
				"up": {"uv": [6, 7, 8, 8], "texture": "#2"},
				"down": {"uv": [6, 7, 8, 8], "texture": "#2"}
			}
		},
		{
			"from": [7.875, 7.39847, 7.58815],
			"to": [8.125, 8.64847, 8.33815],
			"rotation": {"angle": 22.5, "axis": "x", "origin": [6.125, 5.77347, 6.71315]},
			"faces": {
				"north": {"uv": [3, 10, 4, 15], "rotation": 180, "texture": "#2"},
				"east": {"uv": [3, 10, 8, 13], "rotation": 90, "texture": "#2"},
				"south": {"uv": [3, 10, 4, 15], "texture": "#2"},
				"west": {"uv": [3, 10, 8, 13], "rotation": 270, "texture": "#2"},
				"up": {"uv": [3, 10, 4, 13], "texture": "#2"},
				"down": {"uv": [3, 10, 4, 13], "rotation": 180, "texture": "#2"}
			}
		},
		{
			"from": [7.8775, 4.14403, 7.27933],
			"to": [8.1275, 4.89403, 8.52933],
			"rotation": {"angle": -45, "axis": "x", "origin": [6.125, 5.76903, 5.65433]},
			"faces": {
				"north": {"uv": [3, 10, 4, 13], "texture": "#2"},
				"east": {"uv": [3, 10, 8, 13], "texture": "#2"},
				"south": {"uv": [3, 10, 4, 13], "texture": "#2"},
				"west": {"uv": [3, 10, 8, 13], "texture": "#2"},
				"up": {"uv": [3, 10, 4, 15], "texture": "#2"},
				"down": {"uv": [3, 10, 4, 15], "texture": "#2"}
			}
		},
		{
			"from": [7.875, 6.94847, 5.65065],
			"to": [8.125, 7.44847, 5.90065],
			"shade": false,
			"rotation": {"angle": 0, "axis": "y", "origin": [6.125, 5.77347, 3.08815]},
			"faces": {
				"north": {"uv": [5, 7, 6, 9], "rotation": 180, "texture": "#2"},
				"east": {"uv": [6, 7, 8, 8], "rotation": 90, "texture": "#2"},
				"south": {"uv": [5, 7, 6, 9], "texture": "#2"},
				"west": {"uv": [6, 7, 8, 8], "rotation": 270, "texture": "#2"},
				"up": {"uv": [7, 5, 8, 6], "texture": "#2"},
				"down": {"uv": [4, 10, 5, 11], "rotation": 180, "texture": "#2"}
			}
		},
		{
			"from": [8, 7.025, 10.25],
			"to": [8, 7.525, 10.5],
			"shade": false,
			"rotation": {"angle": 0, "axis": "y", "origin": [6.3725, 5.85, 3.1875]},
			"faces": {
				"north": {"uv": [6, 7, 6, 9], "rotation": 180, "texture": "#2"},
				"east": {"uv": [7, 7, 9, 8], "rotation": 90, "texture": "#2"},
				"south": {"uv": [6, 7, 7, 9], "texture": "#2"},
				"west": {"uv": [7, 7, 9, 8], "rotation": 270, "texture": "#2"},
				"up": {"uv": [8, 5, 9, 6], "texture": "#2"},
				"down": {"uv": [5, 10, 6, 11], "rotation": 180, "texture": "#2"}
			}
		},
		{
			"from": [7.75, 8.399, 10.25],
			"to": [8.25, 8.399, 10.5],
			"shade": false,
			"rotation": {"angle": 0, "axis": "y", "origin": [6.3725, 5.699, 3.1875]},
			"faces": {
				"north": {"uv": [6, 10, 6, 12], "rotation": 180, "texture": "#2"},
				"east": {"uv": [7, 10, 9, 11], "rotation": 90, "texture": "#2"},
				"south": {"uv": [6, 10, 7, 12], "texture": "#2"},
				"west": {"uv": [7, 10, 9, 11], "rotation": 270, "texture": "#2"},
				"up": {"uv": [8, 8, 9, 9], "texture": "#2"},
				"down": {"uv": [5, 13, 6, 14], "rotation": 180, "texture": "#2"}
			}
		},
		{
			"from": [7.875, 6.94847, 5.90065],
			"to": [8.125, 6.94847, 6.40065],
			"shade": false,
			"rotation": {"angle": 0, "axis": "y", "origin": [6.125, 5.77347, 3.08815]},
			"faces": {
				"north": {"uv": [0, 0, 1, 0], "rotation": 180, "texture": "#2"},
				"east": {"uv": [0, 0, 0, 2], "rotation": 90, "texture": "#2"},
				"south": {"uv": [0, 0, 1, 0], "texture": "#2"},
				"west": {"uv": [0, 0, 0, 2], "rotation": 270, "texture": "#2"},
				"up": {"uv": [0, 0, 1, 2], "texture": "#2"},
				"down": {"uv": [0, 0, 1, 2], "rotation": 180, "texture": "#2"}
			}
		},
		{
			"from": [7.875, 4.82347, 6.58815],
			"to": [8.125, 6.07347, 7.08815],
			"shade": false,
			"rotation": {"angle": -22.5, "axis": "x", "origin": [6.125, 5.77347, 3.08815]},
			"faces": {
				"north": {"uv": [0, 0, 1, 5], "rotation": 180, "texture": "#1"},
				"east": {"uv": [0, 0, 5, 2], "rotation": 90, "texture": "#1"},
				"south": {"uv": [0, 0, 1, 5], "texture": "#1"},
				"west": {"uv": [0, 0, 5, 2], "rotation": 270, "texture": "#1"},
				"up": {"uv": [0, 0, 1, 2], "texture": "#1"},
				"down": {"uv": [0, 0, 1, 2], "rotation": 180, "texture": "#1"}
			}
		},
		{
			"from": [7.875, 4.82347, 6.46315],
			"to": [8.125, 5.07347, 6.71315],
			"shade": false,
			"rotation": {"angle": -22.5, "axis": "x", "origin": [6.125, 5.77347, 3.08815]},
			"faces": {
				"north": {"uv": [0, 0, 1, 1], "rotation": 180, "texture": "#1"},
				"east": {"uv": [0, 0, 1, 1], "rotation": 90, "texture": "#1"},
				"south": {"uv": [0, 0, 1, 1], "texture": "#1"},
				"west": {"uv": [0, 0, 1, 1], "rotation": 270, "texture": "#1"},
				"up": {"uv": [0, 0, 1, 1], "texture": "#1"},
				"down": {"uv": [0, 0, 1, 1], "rotation": 180, "texture": "#1"}
			}
		},
		{
			"from": [7.75, 7.51875, 2.5],
			"to": [8.25, 8.01875, 4.5],
			"rotation": {"angle": 0, "axis": "y", "origin": [6.125, 6.01875, 8.25]},
			"faces": {
				"north": {"uv": [0, 14, 2, 16], "texture": "#2"},
				"east": {"uv": [3, 1, 11, 3], "texture": "#2"},
				"south": {"uv": [1, 1, 3, 3], "texture": "#2"},
				"west": {"uv": [6, 1, 14, 3], "texture": "#2"},
				"up": {"uv": [8, 1, 16, 3], "rotation": 90, "texture": "#2"},
				"down": {"uv": [5, 1, 13, 3], "rotation": 90, "texture": "#2"}
			}
		},
		{
			"from": [7.75, 7.51875, 4.75],
			"to": [8.25, 8.01875, 5],
			"rotation": {"angle": 0, "axis": "y", "origin": [6.125, 6.01875, 8.25]},
			"faces": {
				"north": {"uv": [2, 1, 4, 3], "texture": "#2"},
				"east": {"uv": [3, 1, 4, 3], "texture": "#2"},
				"south": {"uv": [1, 1, 3, 3], "texture": "#2"},
				"west": {"uv": [6, 1, 7, 3], "texture": "#2"},
				"up": {"uv": [10, 1, 11, 3], "rotation": 90, "texture": "#2"},
				"down": {"uv": [7, 1, 8, 3], "rotation": 90, "texture": "#2"}
			}
		},
		{
			"from": [7.75, 7.51875, 4.5],
			"to": [8.25, 8.01875, 4.75],
			"rotation": {"angle": 45, "axis": "z", "origin": [8, 7.76875, 4.625]},
			"faces": {
				"north": {"uv": [2, 1, 4, 3], "texture": "#2"},
				"east": {"uv": [3, 1, 4, 3], "texture": "#2"},
				"south": {"uv": [1, 1, 3, 3], "texture": "#2"},
				"west": {"uv": [6, 1, 7, 3], "texture": "#2"},
				"up": {"uv": [10, 1, 11, 3], "rotation": 90, "texture": "#2"},
				"down": {"uv": [7, 1, 8, 3], "rotation": 90, "texture": "#2"}
			}
		}
	],
	"gui_light": "front",
	"display": {
		"thirdperson_righthand": {
			"translation": [0, 1.5, 4],
			"scale": [2, 2, 2]
		},
		"thirdperson_lefthand": {
			"translation": [0, 1.5, 4],
			"scale": [2, 2, 2]
		},
		"firstperson_righthand": {
			"rotation": [0, 3, 0],
			"translation": [-3, 14, -4.25],
			"scale": [4, 4, 4]
		},
		"firstperson_lefthand": {
			"rotation": [0, 3, 0],
			"translation": [-3, 14, -4.25],
			"scale": [4, 4, 4]
		},
		"ground": {
			"rotation": [0, 0, 90],
			"scale": [2, 2, 2]
		},
		"gui": {
			"rotation": [90, 45, -90],
			"translation": [2.25, -1.5, 0],
			"scale": [2, 2, 2]
		},
		"head": {
			"translation": [0, 9.25, 0],
			"scale": [4, 4, 4]
		},
		"fixed": {
			"rotation": [0, -90, 0],
			"scale": [4, 4, 4]
		}
	},
	"groups": [
		{
			"name": "group",
			"origin": [8, 8, 8],
			"color": 0,
			"nbt": "{}",
			"children": [
				{
					"name": "body",
					"origin": [0.5, 0, 0],
					"color": 0,
					"nbt": "{}",
					"children": [
						0,
						1,
						2,
						3,
						4,
						5,
						6,
						7,
						8,
						9,
						10,
						11,
						12,
						{
							"name": "lever",
							"origin": [6.125, 6, 6],
							"color": 0,
							"nbt": "{}",
							"children": [13, 14]
						},
						15,
						16
					]
				},
				{
					"name": "sight",
					"origin": [8, 8, 8],
					"color": 0,
					"nbt": "{}",
					"children": [
						{
							"name": "default",
							"origin": [8, 8, 8],
							"color": 0,
							"nbt": "{}",
							"children": [
								{
									"name": "@[animation=!aim]",
									"origin": [8, 8, 8],
									"color": 0,
									"nbt": "{}",
									"children": [17]
								}
							]
						}
					]
				},
				{
					"name": "stock",
					"origin": [8, 8, 8],
					"color": 0,
					"nbt": "{}",
					"children": [
						{
							"name": "default",
							"origin": [8, 8, 8],
							"color": 0,
							"nbt": "{}",
							"children": []
						}
					]
				},
				{
					"name": "barrel",
					"origin": [8, 8, 8],
					"color": 0,
					"nbt": "{}",
					"children": [
						{
							"name": "default",
							"origin": [8, 8, 8],
							"color": 0,
							"nbt": "{}",
							"children": [
								{
									"name": "temp",
									"origin": [8, 8.01893, 3.22044],
									"color": 0,
									"nbt": "{}",
									"children": [18, 19, 20, 21, 22, 23, 24, 25, 26, 27, 28, 29, 30, 31]
								},
								{
									"name": "@[animation=aim]",
									"origin": [6.125, 6, 6],
									"color": 0,
									"nbt": "{}",
									"children": []
								},
								{
									"name": "@[animation=!aim]",
									"origin": [8, 8, 8],
									"color": 0,
									"nbt": "{}",
									"children": []
								}
							]
						}
					]
				},
				{
					"name": "magazine",
					"origin": [8, 8, 8],
					"color": 0,
					"nbt": "{}",
					"children": [
						{
							"name": "30rd",
							"origin": [8, 8, 8],
							"color": 0,
							"nbt": "{}",
							"children": [32, 33]
						}
					]
				},
				{
					"name": "grip",
					"origin": [8, 8, 8],
					"color": 0,
					"nbt": "{}",
					"children": [
						{
							"name": "wooden_grip",
							"origin": [8, 8, 8],
							"color": 0,
							"nbt": "{}",
							"shade": false,
							"children": [34, 35, 36, 37, 38, 39]
						}
					]
				},
				{
					"name": "muzzle",
					"origin": [8, 8, 8],
					"color": 0,
					"nbt": "{}",
					"children": [
						{
							"name": "effacerfire",
							"origin": [8, 8, 8],
							"color": 0,
							"nbt": "{}",
							"children": [
								{
									"name": "temp",
									"origin": [8, 8, 8],
									"color": 0,
									"nbt": "{}",
									"children": [40, 41, 42]
								}
							]
						}
					]
				},
				{
					"name": "underbarrel",
					"origin": [8, 8, 8],
					"color": 0,
					"nbt": "{}",
					"children": []
				}
			]
		}
	]
}