{
	"credit": "Made with Blockbench",
	"textures": {
		"1": "item/gun/reddish_wood",
		"2": "item/gun/metal",
		"particle": "item/gun/metal"
	},
	"elements": [
		{
			"from": [6.51, 5.5, 6],
			"to": [8.51, 8.5, 17],
			"rotation": {"angle": 0, "axis": "y", "origin": [0.5, 0, 0]},
			"faces": {
				"north": {"uv": [11, 7, 13, 10], "texture": "#2"},
				"east": {"uv": [0, 7, 11, 10], "texture": "#2"},
				"south": {"uv": [11, 7, 13, 10], "texture": "#2"},
				"west": {"uv": [0, 7, 11, 10], "texture": "#2"},
				"up": {"uv": [0, 4, 11, 6], "rotation": 90, "texture": "#2"},
				"down": {"uv": [0, 10, 11, 12], "rotation": 90, "texture": "#2"}
			}
		},
		{
			"from": [7.49, 5.5, 6],
			"to": [9.49, 8.5, 17],
			"rotation": {"angle": 0, "axis": "y", "origin": [0.5, 0, 0]},
			"faces": {
				"north": {"uv": [11, 7, 13, 10], "texture": "#2"},
				"east": {"uv": [0, 7, 11, 10], "texture": "#2"},
				"south": {"uv": [11, 7, 13, 10], "texture": "#2"},
				"west": {"uv": [0, 7, 11, 10], "texture": "#2"},
				"up": {"uv": [0, 4, 11, 6], "rotation": 90, "texture": "#2"},
				"down": {"uv": [0, 10, 11, 12], "rotation": 90, "texture": "#2"}
			}
		},
		{
			"from": [7, 8.5, 8],
			"to": [9, 9.5, 17],
			"rotation": {"angle": 0, "axis": "y", "origin": [0.5, 0, 0]},
			"faces": {
				"north": {"uv": [11, 6, 13, 7], "texture": "#2"},
				"east": {"uv": [0, 6, 9, 7], "texture": "#2"},
				"south": {"uv": [11, 6, 13, 7], "texture": "#2"},
				"west": {"uv": [0, 6, 9, 7], "texture": "#2"},
				"up": {"uv": [0, 4, 9, 6], "rotation": 90, "texture": "#2"},
				"down": {"uv": [0, 10, 9, 12], "rotation": 90, "texture": "#2"}
			}
		},
		{
			"from": [6.5, 8.5, 6],
			"to": [9.5, 10.5, 8],
			"rotation": {"angle": 0, "axis": "y", "origin": [0.5, 0, 0]},
			"faces": {
				"north": {"uv": [11, 6, 14, 8], "texture": "#2"},
				"east": {"uv": [0, 6, 2, 8], "texture": "#2"},
				"south": {"uv": [11, 6, 14, 8], "texture": "#2"},
				"west": {"uv": [0, 6, 2, 8], "texture": "#2"},
				"up": {"uv": [0, 4, 2, 7], "rotation": 90, "texture": "#2"},
				"down": {"uv": [0, 10, 2, 13], "rotation": 90, "texture": "#2"}
			}
		},
		{
			"from": [6.51, 5.5, 17],
			"to": [8.51, 8.5, 18],
			"rotation": {"angle": 0, "axis": "y", "origin": [0.5, 0, 0]},
			"faces": {
				"north": {"uv": [0, 10, 3, 13], "texture": "#2"},
				"east": {"uv": [0, 10, 1, 13], "texture": "#2"},
				"south": {"uv": [0, 10, 3, 13], "texture": "#2"},
				"west": {"uv": [0, 10, 1, 13], "texture": "#2"},
				"up": {"uv": [0, 9, 3, 10], "texture": "#2"},
				"down": {"uv": [0, 13, 3, 14], "texture": "#2"}
			}
		},
		{
			"from": [7.49, 5.5, 17],
			"to": [9.49, 8.5, 18],
			"rotation": {"angle": 0, "axis": "y", "origin": [0.5, 0, 0]},
			"faces": {
				"north": {"uv": [0, 10, 3, 13], "texture": "#2"},
				"east": {"uv": [0, 10, 1, 13], "texture": "#2"},
				"south": {"uv": [0, 10, 3, 13], "texture": "#2"},
				"west": {"uv": [0, 10, 1, 13], "texture": "#2"},
				"up": {"uv": [0, 9, 3, 10], "texture": "#2"},
				"down": {"uv": [0, 13, 3, 14], "texture": "#2"}
			}
		},
		{
			"from": [7, 11.59388, 13.15258],
			"to": [9, 13.59388, 24.15258],
			"rotation": {"angle": 22.5, "axis": "x", "origin": [1, -0.90612, 2.35258]},
			"faces": {
				"north": {"uv": [0, 0, 2, 2], "rotation": 180, "texture": "#1"},
				"east": {"uv": [0, 0, 11, 2], "rotation": 180, "texture": "#1"},
				"south": {"uv": [0, 0, 2, 2], "rotation": 180, "texture": "#1"},
				"west": {"uv": [0, 0, 11, 2], "rotation": 180, "texture": "#1"},
				"up": {"uv": [0, 0, 2, 11], "texture": "#1"},
				"down": {"uv": [0, 0, 2, 11], "texture": "#1"}
			}
		},
		{
			"from": [6.99, 4.14763, 23.04206],
			"to": [8.99, 7.89763, 28.04206],
			"rotation": {"angle": 0, "axis": "y", "origin": [1, -0.60237, 2.24206]},
			"faces": {
				"north": {"uv": [0, 0, 2, 3.75], "rotation": 180, "texture": "#1"},
				"east": {"uv": [0, 0, 5, 3.75], "rotation": 180, "texture": "#1"},
				"south": {"uv": [0, 0, 2, 3.75], "rotation": 180, "texture": "#1"},
				"west": {"uv": [0, 0, 5, 3.75], "rotation": 180, "texture": "#1"},
				"up": {"uv": [0, 0, 2, 5], "texture": "#1"},
				"down": {"uv": [0, 0, 2, 5], "texture": "#1"}
			}
		},
		{
			"from": [7.01, 18.72069, 19.55151],
			"to": [9.01, 20.47069, 21.55151],
			"rotation": {"angle": 45, "axis": "x", "origin": [1, 9.97069, 6.11976]},
			"faces": {
				"north": {"uv": [0, 0, 2, 1.75], "rotation": 180, "texture": "#1"},
				"east": {"uv": [0, 0, 2, 1.75], "rotation": 180, "texture": "#1"},
				"south": {"uv": [0, 0, 2, 1.75], "rotation": 180, "texture": "#1"},
				"west": {"uv": [0, 0, 2, 1.75], "rotation": 180, "texture": "#1"},
				"up": {"uv": [0, 0, 2, 2], "texture": "#1"},
				"down": {"uv": [0, 0, 2, 2], "texture": "#1"}
			}
		},
		{
			"from": [8.5, 6, -2],
			"to": [9.5, 9, 5],
			"rotation": {"angle": 0, "axis": "y", "origin": [0.5, 0, 0]},
			"faces": {
				"north": {"uv": [0, 0, 1, 3], "texture": "#1"},
				"east": {"uv": [0, 0, 7, 3], "texture": "#1"},
				"south": {"uv": [0, 0, 1, 3], "texture": "#1"},
				"west": {"uv": [0, 0, 7, 3], "texture": "#1"},
				"up": {"uv": [0, 0, 1, 7], "texture": "#1"},
				"down": {"uv": [0, 0, 1, 7], "texture": "#1"}
			}
		},
		{
			"from": [6.5, 6, -2],
			"to": [7.5, 9, 5],
			"rotation": {"angle": 0, "axis": "y", "origin": [0.5, 0, 0]},
			"faces": {
				"north": {"uv": [0, 0, 1, 3], "texture": "#1"},
				"east": {"uv": [0, 0, 7, 3], "texture": "#1"},
				"south": {"uv": [0, 0, 1, 3], "texture": "#1"},
				"west": {"uv": [0, 0, 7, 3], "texture": "#1"},
				"up": {"uv": [0, 0, 1, 7], "texture": "#1"},
				"down": {"uv": [0, 0, 1, 7], "texture": "#1"}
			}
		},
		{
			"from": [7.5, 9, -2],
			"to": [8.5, 10, 4],
			"rotation": {"angle": 0, "axis": "y", "origin": [0.5, 0, 0]},
			"faces": {
				"north": {"uv": [0, 0, 1, 1], "texture": "#1"},
				"east": {"uv": [0, 0, 6, 1], "texture": "#1"},
				"south": {"uv": [0, 0, 1, 1], "texture": "#1"},
				"west": {"uv": [0, 0, 6, 1], "texture": "#1"},
				"up": {"uv": [0, 0, 1, 6], "texture": "#1"},
				"down": {"uv": [0, 0, 1, 6], "texture": "#1"}
			}
		},
		{
			"from": [7.5, 6, -2],
			"to": [8.5, 7, 5],
			"rotation": {"angle": 0, "axis": "y", "origin": [0.5, 0, 0]},
			"faces": {
				"north": {"uv": [0, 0, 1, 1], "texture": "#1"},
				"east": {"uv": [0, 0, 7, 1], "texture": "#1"},
				"south": {"uv": [0, 0, 1, 1], "texture": "#1"},
				"west": {"uv": [0, 0, 7, 1], "texture": "#1"},
				"up": {"uv": [0, 0, 1, 7], "texture": "#1"},
				"down": {"uv": [0, 0, 1, 7], "texture": "#1"}
			}
		},
		{
			"from": [6.5, 5, 5],
			"to": [9.5, 8, 7],
			"rotation": {"angle": 0, "axis": "y", "origin": [0.5, 0, 0]},
			"faces": {
				"north": {"uv": [1, 3, 4, 6], "texture": "#1"},
				"east": {"uv": [1, 3, 3, 6], "texture": "#1"},
				"south": {"uv": [1, 3, 4, 6], "texture": "#1"},
				"west": {"uv": [1, 3, 3, 6], "texture": "#1"},
				"up": {"uv": [1, 3, 4, 5], "texture": "#1"},
				"down": {"uv": [1, 3, 4, 5], "texture": "#1"}
			}
		},
		{
			"from": [6.5, 6, -3],
			"to": [9.5, 10, -2],
			"rotation": {"angle": 0, "axis": "y", "origin": [0.5, 0, 0]},
			"faces": {
				"north": {"uv": [0, 12, 3, 16], "texture": "#2"},
				"east": {"uv": [3, 12, 4, 16], "texture": "#2"},
				"south": {"uv": [0, 12, 3, 16], "texture": "#2"},
				"west": {"uv": [1, 12, 2, 16], "texture": "#2"},
				"up": {"uv": [2, 9, 5, 10], "texture": "#2"},
				"down": {"uv": [5, 15, 8, 16], "texture": "#2"}
			}
		},
		{
			"from": [6.5, 8, 5],
			"to": [9.5, 10, 6],
			"rotation": {"angle": 0, "axis": "y", "origin": [0.5, 0, 0]},
			"faces": {
				"north": {"uv": [0, 1, 3, 3], "texture": "#1"},
				"east": {"uv": [0, 1, 1, 3], "texture": "#1"},
				"south": {"uv": [0, 1, 3, 3], "texture": "#1"},
				"west": {"uv": [0, 1, 1, 3], "texture": "#1"},
				"up": {"uv": [0, 1, 3, 2], "texture": "#1"},
				"down": {"uv": [0, 1, 3, 2], "texture": "#1"}
			}
		},
		{
			"from": [7.5, 6.575, -13],
			"to": [8.5, 7.575, -3],
			"rotation": {"angle": 0, "axis": "y", "origin": [0.5, 0.075, 0]},
			"faces": {
				"north": {"uv": [2, 5, 3, 6], "texture": "#2"},
				"east": {"uv": [3, 5, 13, 6], "texture": "#2"},
				"south": {"uv": [1, 5, 2, 6], "texture": "#2"},
				"west": {"uv": [6, 5, 16, 6], "texture": "#2"},
				"up": {"uv": [10, 0, 11, 10], "texture": "#2"},
				"down": {"uv": [10, 6, 11, 16], "texture": "#2"}
			}
		},
		{
			"from": [7.5, 8.4, -6.5],
			"to": [8.5, 9.4, -3],
			"rotation": {"angle": 0, "axis": "y", "origin": [0.5, -0.6, 0]},
			"faces": {
				"north": {"uv": [10, 7, 11, 8], "texture": "#2"},
				"east": {"uv": [3, 5, 6.5, 6], "texture": "#2"},
				"south": {"uv": [11, 7, 12, 8], "texture": "#2"},
				"west": {"uv": [7, 5, 10.5, 6], "texture": "#2"},
				"up": {"uv": [7, 1, 8, 4.5], "texture": "#2"},
				"down": {"uv": [7, 8, 8, 11.5], "texture": "#2"}
			}
		},
		{
			"from": [7.5, 3.53615, -6.07509],
			"to": [8.5, 5.53615, -5.07509],
			"rotation": {"angle": 22.5, "axis": "x", "origin": [0.49, 8.53615, 3.42491]},
			"faces": {
				"north": {"uv": [4, 5, 5, 7], "rotation": 180, "texture": "#2"},
				"east": {"uv": [9, 6, 11, 7], "rotation": 90, "texture": "#2"},
				"south": {"uv": [7, 5, 8, 7], "texture": "#2"},
				"west": {"uv": [7, 4, 9, 5], "rotation": 270, "texture": "#2"},
				"up": {"uv": [1, 5, 2, 6], "texture": "#2"},
				"down": {"uv": [10, 5, 11, 6], "rotation": 180, "texture": "#2"}
			}
		},
		{
			"from": [6.5, 9, 4],
			"to": [9.5, 10, 5],
			"rotation": {"angle": 0, "axis": "y", "origin": [0.5, 0, 0]},
			"faces": {
				"north": {"uv": [0, 0, 3, 1], "texture": "#1"},
				"east": {"uv": [0, 0, 1, 1], "texture": "#1"},
				"south": {"uv": [0, 0, 3, 1], "texture": "#1"},
				"west": {"uv": [0, 0, 1, 1], "texture": "#1"},
				"up": {"uv": [0, 0, 3, 1], "texture": "#1"},
				"down": {"uv": [0, 0, 3, 1], "texture": "#1"}
			}
		},
		{
			"from": [7.5, 9, -12.5],
			"to": [8.5, 11, -11.5],
			"rotation": {"angle": 0, "axis": "y", "origin": [0.5, 0, 0]},
			"faces": {
				"north": {"uv": [5, 1.25, 6, 3.25], "texture": "#2"},
				"east": {"uv": [8, 2.25, 9, 4.25], "texture": "#2"},
				"south": {"uv": [3, 1.25, 2, 3.25], "texture": "#2"},
				"west": {"uv": [4, 2.25, 5, 4.25], "texture": "#2"},
				"up": {"uv": [3, 1.25, 4, 2.25], "texture": "#2"},
				"down": {"uv": [4, 1.25, 5, 2.25], "texture": "#2"}
			}
		},
		{
			"from": [7.5, 7, -12.5],
			"to": [8.5, 9, -12.5],
			"rotation": {"angle": 0, "axis": "y", "origin": [0.5, 0, 0]},
			"faces": {
				"north": {"uv": [5, 1.25, 6, 3.25], "texture": "#2"},
				"east": {"uv": [8, 2.25, 8, 4.25], "texture": "#2"},
				"south": {"uv": [3, 1.25, 2, 3.25], "texture": "#2"},
				"west": {"uv": [4, 2.25, 4, 4.25], "texture": "#2"},
				"up": {"uv": [3, 1.25, 4, 1.25], "texture": "#2"},
				"down": {"uv": [4, 1.25, 5, 1.25], "texture": "#2"}
			}
		},
		{
			"from": [7.5, 7.07574, -11.11824],
			"to": [8.5, 9.07574, -11.11824],
			"rotation": {"angle": -22.5, "axis": "x", "origin": [8, 8.07574, -11.11824]},
			"faces": {
				"north": {"uv": [5, 1.25, 6, 3.25], "texture": "#2"},
				"east": {"uv": [8, 2.25, 8, 4.25], "texture": "#2"},
				"south": {"uv": [3, 1.25, 2, 3.25], "texture": "#2"},
				"west": {"uv": [4, 2.25, 4, 4.25], "texture": "#2"},
				"up": {"uv": [3, 1.25, 4, 1.25], "texture": "#2"},
				"down": {"uv": [4, 1.25, 5, 1.25], "texture": "#2"}
			}
		},
		{
			"from": [7.5, 5.59388, 6.35258],
			"to": [8.5, 10.59388, 9.35258],
			"rotation": {"angle": 22.5, "axis": "x", "origin": [0.5, -0.90612, 2.85258]},
			"faces": {
				"north": {"uv": [3, 10, 4, 15], "rotation": 180, "texture": "#2"},
				"east": {"uv": [3, 10, 8, 13], "rotation": 90, "texture": "#2"},
				"south": {"uv": [3, 10, 4, 15], "texture": "#2"},
				"west": {"uv": [3, 10, 8, 13], "rotation": 270, "texture": "#2"},
				"up": {"uv": [3, 10, 4, 13], "texture": "#2"},
				"down": {"uv": [3, 10, 4, 13], "rotation": 180, "texture": "#2"}
			}
		},
		{
			"from": [7.51, -7.42388, 5.11732],
			"to": [8.51, -4.42388, 10.11732],
			"rotation": {"angle": -45, "axis": "x", "origin": [0.5, -0.92388, -1.38268]},
			"faces": {
				"north": {"uv": [3, 10, 4, 13], "texture": "#2"},
				"east": {"uv": [3, 10, 8, 13], "texture": "#2"},
				"south": {"uv": [3, 10, 4, 13], "texture": "#2"},
				"west": {"uv": [3, 10, 8, 13], "texture": "#2"},
				"up": {"uv": [3, 10, 4, 15], "texture": "#2"},
				"down": {"uv": [3, 10, 4, 15], "texture": "#2"}
			}
		},
		{
			"from": [7.5, 3.79388, 12.60258],
			"to": [8.5, 5.79388, 13.60258],
			"shade": false,
			"rotation": {"angle": 0, "axis": "y", "origin": [0.5, -0.90612, 2.35258]},
			"faces": {
				"north": {"uv": [5, 7, 6, 9], "rotation": 180, "texture": "#2"},
				"east": {"uv": [6, 7, 8, 8], "rotation": 90, "texture": "#2"},
				"south": {"uv": [5, 7, 6, 9], "texture": "#2"},
				"west": {"uv": [6, 7, 8, 8], "rotation": 270, "texture": "#2"},
				"up": {"uv": [7, 5, 8, 6], "texture": "#2"},
				"down": {"uv": [4, 10, 5, 11], "rotation": 180, "texture": "#2"}
			}
		},
		{
			"from": [7.5, 3.79388, 13.60258],
			"to": [8.5, 3.79388, 15.60258],
			"shade": false,
			"rotation": {"angle": 0, "axis": "y", "origin": [0.5, -0.90612, 2.35258]},
			"faces": {
				"north": {"uv": [0, 0, 1, 0], "rotation": 180, "texture": "#2"},
				"east": {"uv": [0, 0, 0, 2], "rotation": 90, "texture": "#2"},
				"south": {"uv": [0, 0, 1, 0], "texture": "#2"},
				"west": {"uv": [0, 0, 0, 2], "rotation": 270, "texture": "#2"},
				"up": {"uv": [0, 0, 1, 2], "texture": "#2"},
				"down": {"uv": [0, 0, 1, 2], "rotation": 180, "texture": "#2"}
			}
		},
		{
			"from": [7.5, -4.70612, 16.35258],
			"to": [8.5, 0.29388, 18.35258],
			"shade": false,
			"rotation": {"angle": -22.5, "axis": "x", "origin": [0.5, -0.90612, 2.35258]},
			"faces": {
				"north": {"uv": [0, 0, 1, 5], "rotation": 180, "texture": "#1"},
				"east": {"uv": [0, 0, 5, 2], "rotation": 90, "texture": "#1"},
				"south": {"uv": [0, 0, 1, 5], "texture": "#1"},
				"west": {"uv": [0, 0, 5, 2], "rotation": 270, "texture": "#1"},
				"up": {"uv": [0, 0, 1, 2], "texture": "#1"},
				"down": {"uv": [0, 0, 1, 2], "rotation": 180, "texture": "#1"}
			}
		}
	],
	"gui_light": "front",
	"display": {
		"thirdperson_righthand": {
			"translation": [0, 1.5, -2.5],
			"scale": [0.5, 0.5, 0.5]
		},
		"thirdperson_lefthand": {
			"translation": [-0.5, 1.5, -2.5],
			"scale": [0.5, 0.5, 0.5]
		},
		"firstperson_righthand": {
			"rotation": [0, 3, 0],
			"translation": [-6.25, 14.75, -4.25]
		},
		"firstperson_lefthand": {
			"rotation": [0, 3, 0],
			"translation": [-3, 14, -4.25]
		},
		"ground": {
			"rotation": [0, 0, 90],
			"scale": [0.5, 0.5, 0.5]
		},
		"gui": {
			"rotation": [90, 45, -90],
			"scale": [0.5, 0.5, 0.5]
		},
		"fixed": {
			"rotation": [0, -90, 0]
		}
	},
	"groups": [
		{
			"name": "body",
			"origin": [0.5, 0, 0],
			"color": 0,
			"nbt": "{}",
			"children": [0, 1, 2, 3, 4, 5]
		},
		{
			"name": "sight",
			"origin": [8, 8, 8],
			"color": 0,
			"nbt": "{}",
			"children": [
				{
					"name": "default",
					"origin": [8, 8, 8],
					"color": 0,
					"nbt": "{}",
					"children": []
				}
			]
		},
		{
			"name": "stock",
			"origin": [8, 8, 8],
			"color": 0,
			"nbt": "{}",
			"children": [
				{
					"name": "default",
					"origin": [8, 8, 8],
					"color": 0,
					"nbt": "{}",
					"children": [6, 7, 8]
				}
			]
		},
		{
			"name": "barrel",
			"origin": [8, 8, 8],
			"color": 0,
			"nbt": "{}",
			"children": [
				{
					"name": "default",
					"origin": [8, 8, 8],
					"color": 0,
					"nbt": "{}",
					"children": [9, 10, 11, 12, 13, 14, 15, 16, 17, 18, 19, 20, 21, 22]
				}
			]
		},
		{
			"name": "magazine",
			"origin": [8, 8, 8],
			"color": 0,
			"nbt": "{}",
			"children": [
				{
					"name": "default",
					"origin": [8, 8, 8],
					"color": 0,
					"nbt": "{}",
					"children": [23, 24]
				}
			]
		},
		{
			"name": "grip",
			"origin": [8, 8, 8],
			"color": 0,
			"nbt": "{}",
			"children": [
				{
					"name": "default",
					"origin": [8, 8, 8],
					"color": 0,
					"nbt": "{}",
					"shade": false,
					"children": [25, 26, 27]
				}
			]
		}
	]
}