{
	"credit": "Made with Blockbench",
	"textures": {
		"0": "item/gun/green_metal",
		"1": "item/gun/metal",
		"2": "item/gun/reddish_wood",
		"particle": "item/gun/green_metal"
	},
	"elements": [
		{
			"from": [6.5, 6.5, 12],
			"to": [9.5, 9.5, 19],
			"rotation": {"angle": 0, "axis": "y", "origin": [0, 0, 1]},
			"faces": {
				"north": {"uv": [4, 5, 7, 8], "texture": "#1"},
				"east": {"uv": [4, 5, 11, 8], "texture": "#1"},
				"south": {"uv": [4, 5, 7, 8], "texture": "#1"},
				"west": {"uv": [4, 5, 11, 8], "texture": "#1"},
				"up": {"uv": [4, 5, 11, 8], "rotation": 90, "texture": "#1"},
				"down": {"uv": [4, 5, 11, 8], "rotation": 90, "texture": "#1"}
			}
		},
		{
			"from": [4.5, 7.5, 14.99],
			"to": [6.5, 9.5, 17.99],
			"rotation": {"angle": 0, "axis": "y", "origin": [0, 0, 1]},
			"faces": {
				"north": {"uv": [0, 1, 2, 3], "rotation": 90, "texture": "#1"},
				"east": {"uv": [0, 1, 3, 3], "texture": "#1"},
				"south": {"uv": [0, 1, 2, 3], "rotation": 90, "texture": "#1"},
				"west": {"uv": [3, 1, 6, 3], "texture": "#1"},
				"up": {"uv": [1, 1, 4, 3], "rotation": 90, "texture": "#1"},
				"down": {"uv": [0, 1, 3, 3], "rotation": 90, "texture": "#1"}
			}
		},
		{
			"from": [4.5, 7.5, 12.03],
			"to": [6.5, 9.5, 15.03],
			"rotation": {"angle": 0, "axis": "y", "origin": [0, 0, 1]},
			"faces": {
				"north": {"uv": [3, 3, 5, 5], "rotation": 90, "texture": "#1"},
				"east": {"uv": [6, 3, 9, 5], "texture": "#1"},
				"south": {"uv": [3, 3, 5, 5], "rotation": 90, "texture": "#1"},
				"west": {"uv": [9, 3, 12, 5], "texture": "#1"},
				"up": {"uv": [3, 3, 6, 5], "rotation": 90, "texture": "#1"},
				"down": {"uv": [3, 3, 6, 5], "rotation": 90, "texture": "#1"}
			}
		},
		{
			"from": [6.5, 6, 9],
			"to": [9.5, 9, 10],
			"rotation": {"angle": 0, "axis": "y", "origin": [0, -0.5, 0]},
			"faces": {
				"north": {"uv": [4, 5, 7, 8], "texture": "#1"},
				"east": {"uv": [4, 5, 5, 8], "texture": "#1"},
				"south": {"uv": [4, 5, 7, 8], "texture": "#1"},
				"west": {"uv": [4, 5, 5, 8], "texture": "#1"},
				"up": {"uv": [4, 5, 5, 8], "rotation": 90, "texture": "#1"},
				"down": {"uv": [4, 5, 5, 8], "rotation": 90, "texture": "#1"}
			}
		},
		{
			"from": [6.5, 9, 9],
			"to": [7.5, 12, 10],
			"rotation": {"angle": 0, "axis": "y", "origin": [0, -0.5, 0]},
			"faces": {
				"north": {"uv": [4, 3, 5, 6], "texture": "#1"},
				"east": {"uv": [4, 3, 5, 6], "texture": "#1"},
				"south": {"uv": [4, 3, 5, 6], "texture": "#1"},
				"west": {"uv": [4, 3, 5, 6], "texture": "#1"},
				"up": {"uv": [4, 3, 5, 4], "rotation": 90, "texture": "#1"},
				"down": {"uv": [4, 3, 5, 4], "rotation": 90, "texture": "#1"}
			}
		},
		{
			"from": [7, 6.75, 10],
			"to": [9, 8.75, 12],
			"rotation": {"angle": 0, "axis": "y", "origin": [0, -0.5, 0]},
			"faces": {
				"north": {"uv": [4, 5, 6, 7], "texture": "#1"},
				"east": {"uv": [4, 5, 6, 7], "texture": "#1"},
				"south": {"uv": [4, 5, 6, 7], "texture": "#1"},
				"west": {"uv": [4, 5, 6, 7], "texture": "#1"},
				"up": {"uv": [4, 5, 6, 7], "rotation": 90, "texture": "#1"},
				"down": {"uv": [4, 5, 6, 7], "rotation": 90, "texture": "#1"}
			}
		},
		{
			"from": [6.5, 9.51, 12],
			"to": [9.5, 9.51, 19],
			"rotation": {"angle": 0, "axis": "y", "origin": [0, 0, 1]},
			"faces": {
				"north": {"uv": [4, 5, 7, 8], "texture": "#1"},
				"east": {"uv": [4, 5, 11, 8], "texture": "#1"},
				"south": {"uv": [4, 5, 7, 8], "texture": "#1"},
				"west": {"uv": [4, 5, 11, 8], "texture": "#1"},
				"up": {"uv": [1, 13, 8, 16], "rotation": 90, "texture": "#1"},
				"down": {"uv": [4, 5, 11, 8], "rotation": 90, "texture": "#1"}
			}
		},
		{
			"from": [6.5, 9.5, 12],
			"to": [9.5, 16.5, 12],
			"rotation": {"angle": -22.5, "axis": "x", "origin": [8, 9.5, 12]},
			"faces": {
				"north": {"uv": [4, 5, 11, 8], "rotation": 270, "texture": "#1"},
				"east": {"uv": [4, 5, 11, 8], "rotation": 90, "texture": "#1"},
				"south": {"uv": [4, 9, 11, 12], "rotation": 90, "texture": "#1"},
				"west": {"uv": [4, 5, 11, 8], "rotation": 270, "texture": "#1"},
				"up": {"uv": [4, 5, 7, 8], "texture": "#1"},
				"down": {"uv": [4, 5, 7, 8], "rotation": 180, "texture": "#1"}
			}
		},
		{
			"from": [6.25, 10.25, 8.75],
			"to": [7.75, 10.75, 10.25],
			"rotation": {"angle": 0, "axis": "y", "origin": [0, -0.5, 0]},
			"faces": {
				"north": {"uv": [4, 3, 5.5, 3.5], "texture": "#1"},
				"east": {"uv": [4, 3, 5.5, 3.5], "texture": "#1"},
				"south": {"uv": [4, 3, 5.5, 3.5], "texture": "#1"},
				"west": {"uv": [4, 3, 5.5, 3.5], "texture": "#1"},
				"up": {"uv": [4, 3, 5.5, 4.5], "rotation": 90, "texture": "#1"},
				"down": {"uv": [4, 3, 5.5, 4.5], "rotation": 90, "texture": "#1"}
			}
		},
		{
			"from": [8.1, 10.75, 9.5],
			"to": [8.6, 11.25, 9.5],
			"rotation": {"angle": 0, "axis": "y", "origin": [0, -0.5, 0]},
			"faces": {
				"north": {"uv": [4, 3, 5.5, 3.5], "texture": "#1"},
				"east": {"uv": [4, 3, 5.5, 3.5], "texture": "#1"},
				"south": {"uv": [4, 3, 5.5, 3.5], "texture": "#1"},
				"west": {"uv": [4, 3, 5.5, 3.5], "texture": "#1"},
				"up": {"uv": [4, 3, 5.5, 4.5], "rotation": 90, "texture": "#1"},
				"down": {"uv": [4, 3, 5.5, 4.5], "rotation": 90, "texture": "#1"}
			}
		},
		{
			"from": [7.7, 10.75, 9.5],
			"to": [8.2, 11.05, 9.5],
			"rotation": {"angle": 0, "axis": "y", "origin": [0, -0.5, 0]},
			"faces": {
				"north": {"uv": [4, 3, 5.5, 3.5], "texture": "#1"},
				"east": {"uv": [4, 3, 5.5, 3.5], "texture": "#1"},
				"south": {"uv": [4, 3, 5.5, 3.5], "texture": "#1"},
				"west": {"uv": [4, 3, 5.5, 3.5], "texture": "#1"},
				"up": {"uv": [4, 3, 5.5, 4.5], "rotation": 90, "texture": "#1"},
				"down": {"uv": [4, 3, 5.5, 4.5], "rotation": 90, "texture": "#1"}
			}
		},
		{
			"from": [7.4, 10.75, 9.5],
			"to": [7.9, 11.25, 9.5],
			"rotation": {"angle": 0, "axis": "y", "origin": [0, -0.5, 0]},
			"faces": {
				"north": {"uv": [4, 3, 5.5, 3.5], "texture": "#1"},
				"east": {"uv": [4, 3, 5.5, 3.5], "texture": "#1"},
				"south": {"uv": [4, 3, 5.5, 3.5], "texture": "#1"},
				"west": {"uv": [4, 3, 5.5, 3.5], "texture": "#1"},
				"up": {"uv": [4, 3, 5.5, 4.5], "rotation": 90, "texture": "#1"},
				"down": {"uv": [4, 3, 5.5, 4.5], "rotation": 90, "texture": "#1"}
			}
		},
		{
			"from": [7, 7, 19],
			"to": [9, 9, 25],
			"rotation": {"angle": 0, "axis": "y", "origin": [0, 0, 1]},
			"faces": {
				"north": {"uv": [4, 5, 6, 7], "texture": "#1"},
				"east": {"uv": [4, 5, 10, 7], "texture": "#1"},
				"south": {"uv": [4, 5, 6, 7], "texture": "#1"},
				"west": {"uv": [4, 5, 10, 7], "texture": "#1"},
				"up": {"uv": [4, 5, 10, 7], "rotation": 90, "texture": "#1"},
				"down": {"uv": [4, 5, 10, 7], "rotation": 90, "texture": "#1"}
			}
		},
		{
			"from": [7.5, 6, 21],
			"to": [8.5, 7, 22],
			"rotation": {"angle": 0, "axis": "y", "origin": [0, 0, 1]},
			"faces": {
				"north": {"uv": [5, 6, 6, 7], "texture": "#1"},
				"east": {"uv": [5, 6, 6, 7], "texture": "#1"},
				"south": {"uv": [5, 6, 6, 7], "texture": "#1"},
				"west": {"uv": [5, 6, 6, 7], "texture": "#1"},
				"up": {"uv": [5, 6, 6, 7], "texture": "#1"},
				"down": {"uv": [5, 6, 6, 7], "texture": "#1"}
			}
		},
		{
			"from": [7.01, 6.75, 25],
			"to": [9.01, 8.75, 27],
			"rotation": {"angle": 0, "axis": "y", "origin": [0, 0, 1]},
			"faces": {
				"north": {"uv": [0, 0, 2, 2], "texture": "#2"},
				"east": {"uv": [0, 0, 2, 2], "texture": "#2"},
				"south": {"uv": [0, 0, 2, 2], "texture": "#2"},
				"west": {"uv": [0, 0, 2, 2], "texture": "#2"},
				"up": {"uv": [0, 0, 2, 2], "texture": "#2"},
				"down": {"uv": [0, 0, 2, 2], "texture": "#2"}
			}
		},
		{
			"from": [7.99, 6.57322, 26.92678],
			"to": [8.99, 7.57322, 29.92678],
			"rotation": {"angle": 45, "axis": "x", "origin": [8, 6.57322, 27.17678]},
			"faces": {
				"north": {"uv": [0, 0, 1, 1], "rotation": 180, "texture": "#2"},
				"east": {"uv": [0, 0, 1, 3], "rotation": 90, "texture": "#2"},
				"south": {"uv": [0, 0, 1, 1], "texture": "#2"},
				"west": {"uv": [0, 0, 1, 3], "rotation": 270, "texture": "#2"},
				"up": {"uv": [0, 0, 1, 3], "texture": "#2"},
				"down": {"uv": [0, 0, 1, 3], "rotation": 180, "texture": "#2"}
			}
		},
		{
			"from": [7.001, 6.57322, 26.92678],
			"to": [8.001, 7.57322, 29.92678],
			"rotation": {"angle": 45, "axis": "x", "origin": [8, 6.57322, 27.17678]},
			"faces": {
				"north": {"uv": [1, 0, 2, 1], "rotation": 180, "texture": "#2"},
				"east": {"uv": [1, 0, 2, 3], "rotation": 90, "texture": "#2"},
				"south": {"uv": [1, 0, 2, 1], "texture": "#2"},
				"west": {"uv": [1, 0, 2, 3], "rotation": 270, "texture": "#2"},
				"up": {"uv": [1, 0, 2, 3], "texture": "#2"},
				"down": {"uv": [1, 0, 2, 3], "rotation": 180, "texture": "#2"}
			}
		},
		{
			"from": [7, 8.23325, 30.41528],
			"to": [9, 10.23325, 31.41528],
			"rotation": {"angle": 45, "axis": "x", "origin": [8, 9.98325, 29.41528]},
			"faces": {
				"north": {"uv": [0, 0, 2, 2], "texture": "#2"},
				"east": {"uv": [0, 0, 1, 2], "texture": "#2"},
				"south": {"uv": [0, 0, 2, 2], "texture": "#2"},
				"west": {"uv": [0, 0, 1, 2], "texture": "#2"},
				"up": {"uv": [0, 0, 2, 1], "texture": "#2"},
				"down": {"uv": [0, 0, 2, 1], "texture": "#2"}
			}
		},
		{
			"from": [7.01, 5.33579, 28.82843],
			"to": [9.01, 9.33579, 29.82843],
			"rotation": {"angle": 0, "axis": "x", "origin": [8, 6.86079, 27.90343]},
			"faces": {
				"north": {"uv": [2, 3, 4, 7], "texture": "#2"},
				"east": {"uv": [2, 3, 3, 7], "texture": "#2"},
				"south": {"uv": [2, 3, 4, 7], "texture": "#2"},
				"west": {"uv": [2, 3, 3, 7], "texture": "#2"},
				"up": {"uv": [2, 3, 4, 4], "texture": "#2"},
				"down": {"uv": [2, 3, 4, 4], "texture": "#2"}
			}
		},
		{
			"from": [7.01, 6.33579, 27.82843],
			"to": [9.01, 8.33579, 28.82843],
			"rotation": {"angle": 0, "axis": "x", "origin": [8, 6.86079, 27.90343]},
			"faces": {
				"north": {"uv": [0, 0, 2, 2], "texture": "#2"},
				"east": {"uv": [0, 0, 1, 2], "texture": "#2"},
				"south": {"uv": [0, 0, 2, 2], "texture": "#2"},
				"west": {"uv": [0, 0, 1, 2], "texture": "#2"},
				"up": {"uv": [0, 0, 2, 1], "texture": "#2"},
				"down": {"uv": [0, 0, 2, 1], "texture": "#2"}
			}
		},
		{
			"from": [7, 6.84567, 26.98097],
			"to": [9, 8.84567, 29.98097],
			"rotation": {"angle": -22.5, "axis": "x", "origin": [8, 6.84567, 27.23097]},
			"faces": {
				"north": {"uv": [1, 4, 3, 6], "rotation": 180, "texture": "#2"},
				"east": {"uv": [1, 4, 3, 7], "rotation": 90, "texture": "#2"},
				"south": {"uv": [1, 4, 3, 6], "texture": "#2"},
				"west": {"uv": [1, 4, 3, 7], "rotation": 270, "texture": "#2"},
				"up": {"uv": [1, 4, 3, 7], "texture": "#2"},
				"down": {"uv": [1, 4, 3, 7], "rotation": 180, "texture": "#2"}
			}
		},
		{
			"from": [7.01, 8.74581, 29.00627],
			"to": [9.01, 9.74581, 31.00627],
			"rotation": {"angle": 0, "axis": "x", "origin": [8, 7.74581, 29.25627]},
			"faces": {
				"north": {"uv": [0, 0, 2, 1], "rotation": 180, "texture": "#2"},
				"east": {"uv": [0, 0, 1, 2], "rotation": 90, "texture": "#2"},
				"south": {"uv": [0, 0, 2, 1], "texture": "#2"},
				"west": {"uv": [0, 0, 1, 2], "rotation": 270, "texture": "#2"},
				"up": {"uv": [0, 0, 2, 2], "texture": "#2"},
				"down": {"uv": [0, 0, 2, 2], "rotation": 180, "texture": "#2"}
			}
		},
		{
			"from": [6.99, 8.74581, 29.00627],
			"to": [8.99, 9.74581, 31.00627],
			"rotation": {"angle": 0, "axis": "x", "origin": [8, 7.74581, 29.25627]},
			"faces": {
				"north": {"uv": [0, 0, 2, 1], "rotation": 180, "texture": "#2"},
				"east": {"uv": [0, 0, 1, 2], "rotation": 90, "texture": "#2"},
				"south": {"uv": [0, 0, 2, 1], "texture": "#2"},
				"west": {"uv": [0, 0, 1, 2], "rotation": 270, "texture": "#2"},
				"up": {"uv": [0, 0, 2, 2], "texture": "#2"},
				"down": {"uv": [0, 0, 2, 2], "rotation": 180, "texture": "#2"}
			}
		},
		{
			"from": [6.99, 5.33579, 28.82843],
			"to": [8.99, 9.33579, 29.82843],
			"rotation": {"angle": 0, "axis": "x", "origin": [8, 6.86079, 27.90343]},
			"faces": {
				"north": {"uv": [2, 3, 4, 7], "texture": "#2"},
				"east": {"uv": [2, 3, 3, 7], "texture": "#2"},
				"south": {"uv": [2, 3, 4, 7], "texture": "#2"},
				"west": {"uv": [2, 3, 3, 7], "texture": "#2"},
				"up": {"uv": [2, 3, 4, 4], "texture": "#2"},
				"down": {"uv": [2, 3, 4, 4], "texture": "#2"}
			}
		},
		{
			"from": [6.99, 6.75, 25],
			"to": [8.99, 8.75, 27],
			"rotation": {"angle": 0, "axis": "y", "origin": [0, 0, 1]},
			"faces": {
				"north": {"uv": [0, 0, 2, 2], "texture": "#2"},
				"east": {"uv": [0, 0, 2, 2], "texture": "#2"},
				"south": {"uv": [0, 0, 2, 2], "texture": "#2"},
				"west": {"uv": [14, 9, 16, 11], "texture": "#2"},
				"up": {"uv": [0, 0, 2, 2], "texture": "#2"},
				"down": {"uv": [0, 0, 2, 2], "texture": "#2"}
			}
		},
		{
			"from": [6.99, 6.33579, 27.82843],
			"to": [8.99, 8.33579, 28.82843],
			"rotation": {"angle": 0, "axis": "x", "origin": [8, 6.86079, 27.90343]},
			"faces": {
				"north": {"uv": [0, 0, 2, 2], "texture": "#2"},
				"east": {"uv": [0, 0, 1, 2], "texture": "#2"},
				"south": {"uv": [0, 0, 2, 2], "texture": "#2"},
				"west": {"uv": [0, 0, 1, 2], "texture": "#2"},
				"up": {"uv": [0, 0, 2, 1], "texture": "#2"},
				"down": {"uv": [0, 0, 2, 1], "texture": "#2"}
			}
		},
		{
			"from": [7.5, 6.5, 20],
			"to": [8.5, 7.5, 21],
			"rotation": {"angle": 0, "axis": "y", "origin": [0, 0, 1]},
			"faces": {
				"north": {"uv": [5, 6, 6, 7], "texture": "#1"},
				"east": {"uv": [5, 6, 6, 7], "texture": "#1"},
				"south": {"uv": [5, 6, 6, 7], "texture": "#1"},
				"west": {"uv": [5, 6, 6, 7], "texture": "#1"},
				"up": {"uv": [5, 6, 6, 7], "texture": "#1"},
				"down": {"uv": [5, 6, 6, 7], "texture": "#1"}
			}
		},
		{
			"from": [7.9, 9.75, -9.9],
			"to": [8.1, 10.75, -9.15],
			"rotation": {"angle": 0, "axis": "y", "origin": [0, -0.5, 0]},
			"faces": {
				"north": {"uv": [7, 4, 8, 7], "texture": "#1"},
				"east": {"uv": [7, 4, 8, 7], "texture": "#1"},
				"south": {"uv": [7, 4, 8, 7], "texture": "#1"},
				"west": {"uv": [7, 4, 8, 7], "texture": "#1"},
				"up": {"uv": [7, 4, 8, 5], "rotation": 90, "texture": "#1"},
				"down": {"uv": [7, 4, 8, 5], "rotation": 90, "texture": "#1"}
			}
		},
		{
			"from": [7.5, 7.75, -10],
			"to": [8.5, 9.75, -9],
			"rotation": {"angle": 0, "axis": "y", "origin": [0, -0.5, 0]},
			"faces": {
				"north": {"uv": [7, 4, 8, 6], "texture": "#1"},
				"east": {"uv": [7, 4, 8, 6], "texture": "#1"},
				"south": {"uv": [7, 4, 8, 6], "texture": "#1"},
				"west": {"uv": [7, 4, 8, 6], "texture": "#1"},
				"up": {"uv": [7, 4, 8, 5], "rotation": 90, "texture": "#1"},
				"down": {"uv": [7, 4, 8, 5], "rotation": 90, "texture": "#1"}
			}
		},
		{
			"from": [6.58579, 7.5, -3],
			"to": [7.58579, 9.5, -2],
			"rotation": {"angle": 0, "axis": "y", "origin": [0.08579, -1, 1]},
			"faces": {
				"north": {"uv": [7, 6, 8, 8], "texture": "#1"},
				"east": {"uv": [7, 6, 8, 8], "texture": "#1"},
				"south": {"uv": [7, 6, 8, 8], "texture": "#1"},
				"west": {"uv": [7, 6, 8, 8], "texture": "#1"},
				"up": {"uv": [7, 6, 8, 7], "rotation": 90, "texture": "#1"},
				"down": {"uv": [7, 6, 8, 7], "rotation": 90, "texture": "#1"}
			}
		},
		{
			"from": [7, 6.5, -11],
			"to": [9, 8.5, -1],
			"rotation": {"angle": -45, "axis": "z", "origin": [8, 7.5, 8]},
			"faces": {
				"north": {"uv": [0, 5, 2, 7], "rotation": 90, "texture": "#1"},
				"east": {"uv": [0, 5, 10, 7], "texture": "#1"},
				"south": {"uv": [0, 5, 2, 7], "rotation": 270, "texture": "#1"},
				"west": {"uv": [0, 5, 10, 7], "texture": "#1"},
				"up": {"uv": [0, 5, 10, 7], "rotation": 90, "texture": "#1"},
				"down": {"uv": [0, 5, 10, 7], "rotation": 90, "texture": "#1"}
			}
		},
		{
			"from": [7, 6.5, -1],
			"to": [9, 8.5, 9],
			"rotation": {"angle": -45, "axis": "z", "origin": [8, 7.5, 8]},
			"faces": {
				"north": {"uv": [5, 5, 7, 7], "rotation": 90, "texture": "#1"},
				"east": {"uv": [5, 5, 15, 7], "texture": "#1"},
				"south": {"uv": [5, 5, 7, 7], "rotation": 270, "texture": "#1"},
				"west": {"uv": [5, 5, 15, 7], "texture": "#1"},
				"up": {"uv": [5, 5, 15, 7], "rotation": 90, "texture": "#1"},
				"down": {"uv": [5, 5, 15, 7], "rotation": 90, "texture": "#1"}
			}
		},
		{
			"from": [7, 6.5, -16],
			"to": [9, 8.5, -12],
			"rotation": {"angle": 0, "axis": "y", "origin": [8, 7.5, 8]},
			"faces": {
				"north": {"uv": [6, 5, 8, 7], "rotation": 90, "texture": "#1"},
				"east": {"uv": [6, 5, 10, 7], "texture": "#1"},
				"south": {"uv": [6, 5, 8, 7], "rotation": 270, "texture": "#1"},
				"west": {"uv": [6, 5, 10, 7], "texture": "#1"},
				"up": {"uv": [6, 5, 10, 7], "rotation": 90, "texture": "#1"},
				"down": {"uv": [6, 5, 10, 7], "rotation": 90, "texture": "#1"}
			}
		},
		{
			"from": [6.5, 6, -12],
			"to": [9.5, 9, -11],
			"rotation": {"angle": 0, "axis": "y", "origin": [8, 7.5, 8]},
			"faces": {
				"north": {"uv": [6, 5, 9, 8], "rotation": 90, "texture": "#1"},
				"east": {"uv": [6, 5, 9, 6], "rotation": 270, "texture": "#1"},
				"south": {"uv": [6, 5, 9, 8], "rotation": 270, "texture": "#1"},
				"west": {"uv": [6, 5, 9, 6], "rotation": 270, "texture": "#1"},
				"up": {"uv": [6, 5, 7, 8], "rotation": 90, "texture": "#1"},
				"down": {"uv": [6, 5, 7, 8], "rotation": 90, "texture": "#1"}
			}
		},
		{
			"from": [7.5, 8, -10],
			"to": [8.5, 11, -9],
			"rotation": {"angle": 0, "axis": "y", "origin": [0, -0.5, 0]},
			"faces": {
				"north": {"uv": [7, 4, 8, 7], "texture": "#1"},
				"east": {"uv": [7, 4, 8, 7], "texture": "#1"},
				"south": {"uv": [7, 4, 8, 7], "texture": "#1"},
				"west": {"uv": [7, 4, 8, 7], "texture": "#1"},
				"up": {"uv": [7, 4, 8, 5], "rotation": 90, "texture": "#1"},
				"down": {"uv": [7, 4, 8, 5], "rotation": 90, "texture": "#1"}
			}
		},
		{
			"from": [6.58579, 7.5, -3],
			"to": [7.58579, 9.5, -2],
			"rotation": {"angle": 0, "axis": "y", "origin": [0.08579, -1, 1]},
			"faces": {
				"north": {"uv": [7, 6, 8, 8], "texture": "#1"},
				"east": {"uv": [7, 6, 8, 8], "texture": "#1"},
				"south": {"uv": [7, 6, 8, 8], "texture": "#1"},
				"west": {"uv": [7, 6, 8, 8], "texture": "#1"},
				"up": {"uv": [7, 6, 8, 7], "rotation": 90, "texture": "#1"},
				"down": {"uv": [7, 6, 8, 7], "rotation": 90, "texture": "#1"}
			}
		},
		{
			"from": [7, 6.5, -11],
			"to": [9, 8.5, -1],
			"rotation": {"angle": -45, "axis": "z", "origin": [8, 7.5, 8]},
			"faces": {
				"north": {"uv": [0, 5, 2, 7], "rotation": 90, "texture": "#1"},
				"east": {"uv": [0, 5, 10, 7], "texture": "#1"},
				"south": {"uv": [0, 5, 2, 7], "rotation": 270, "texture": "#1"},
				"west": {"uv": [0, 5, 10, 7], "texture": "#1"},
				"up": {"uv": [0, 5, 10, 7], "rotation": 90, "texture": "#1"},
				"down": {"uv": [0, 5, 10, 7], "rotation": 90, "texture": "#1"}
			}
		},
		{
			"from": [7, 6.5, -1],
			"to": [9, 8.5, 9],
			"rotation": {"angle": -45, "axis": "z", "origin": [8, 7.5, 8]},
			"faces": {
				"north": {"uv": [5, 5, 7, 7], "rotation": 90, "texture": "#1"},
				"east": {"uv": [5, 5, 15, 7], "texture": "#1"},
				"south": {"uv": [5, 5, 7, 7], "rotation": 270, "texture": "#1"},
				"west": {"uv": [5, 5, 15, 7], "texture": "#1"},
				"up": {"uv": [5, 5, 15, 7], "rotation": 90, "texture": "#1"},
				"down": {"uv": [5, 5, 15, 7], "rotation": 90, "texture": "#1"}
			}
		},
		{
			"from": [7, 6.5, -16],
			"to": [9, 8.5, -12],
			"rotation": {"angle": 0, "axis": "z", "origin": [8, 7.5, 8]},
			"faces": {
				"north": {"uv": [6, 5, 8, 7], "rotation": 90, "texture": "#1"},
				"east": {"uv": [6, 5, 10, 7], "texture": "#1"},
				"south": {"uv": [6, 5, 8, 7], "rotation": 270, "texture": "#1"},
				"west": {"uv": [6, 5, 10, 7], "texture": "#1"},
				"up": {"uv": [6, 5, 10, 7], "rotation": 90, "texture": "#1"},
				"down": {"uv": [6, 5, 10, 7], "rotation": 90, "texture": "#1"}
			}
		},
		{
			"from": [6.5, 6, -12],
			"to": [9.5, 9, -11],
			"rotation": {"angle": 0, "axis": "z", "origin": [8, 7.5, 8]},
			"faces": {
				"north": {"uv": [6, 5, 9, 8], "rotation": 90, "texture": "#1"},
				"east": {"uv": [6, 5, 9, 6], "rotation": 270, "texture": "#1"},
				"south": {"uv": [6, 5, 9, 8], "rotation": 270, "texture": "#1"},
				"west": {"uv": [6, 5, 9, 6], "rotation": 270, "texture": "#1"},
				"up": {"uv": [6, 5, 7, 8], "rotation": 90, "texture": "#1"},
				"down": {"uv": [6, 5, 7, 8], "rotation": 90, "texture": "#1"}
			}
		},
		{
			"from": [1.25, 7.5, 16.998],
			"to": [6.25, 8.5, 17.998],
			"rotation": {"angle": 22.5, "axis": "z", "origin": [3.75, 8, 14]},
			"faces": {
				"north": {"uv": [4, 7, 9, 8], "texture": "#0"},
				"east": {"uv": [4, 7, 5, 8], "texture": "#0"},
				"south": {"uv": [4, 8, 9, 9], "texture": "#0"},
				"west": {"uv": [4, 7, 5, 8], "texture": "#0"},
				"up": {"uv": [4, 7, 9, 8], "texture": "#0"},
				"down": {"uv": [4, 7, 9, 8], "texture": "#0"}
			}
		},
		{
			"from": [3.25, 5.5, 16.997],
			"to": [4.25, 10.5, 17.997],
			"rotation": {"angle": -22.5, "axis": "z", "origin": [3.75, 8, 14]},
			"faces": {
				"north": {"uv": [4, 7, 9, 8], "rotation": 90, "texture": "#0"},
				"east": {"uv": [4, 7, 9, 8], "rotation": 270, "texture": "#0"},
				"south": {"uv": [4, 8, 9, 9], "rotation": 270, "texture": "#0"},
				"west": {"uv": [4, 7, 9, 8], "rotation": 270, "texture": "#0"},
				"up": {"uv": [4, 7, 5, 8], "rotation": 270, "texture": "#0"},
				"down": {"uv": [4, 7, 5, 8], "rotation": 270, "texture": "#0"}
			}
		},
		{
			"from": [3.25, 5.5, 17],
			"to": [4.25, 10.5, 18],
			"rotation": {"angle": 0, "axis": "y", "origin": [3.75, 8, 14]},
			"faces": {
				"north": {"uv": [4, 7, 9, 8], "rotation": 90, "texture": "#0"},
				"east": {"uv": [4, 7, 9, 8], "rotation": 270, "texture": "#0"},
				"south": {"uv": [9, 3, 14, 4], "rotation": 270, "texture": "#0"},
				"west": {"uv": [4, 7, 9, 8], "rotation": 270, "texture": "#0"},
				"up": {"uv": [4, 7, 5, 8], "rotation": 270, "texture": "#0"},
				"down": {"uv": [4, 7, 5, 8], "rotation": 270, "texture": "#0"}
			}
		},
		{
			"from": [1.25, 7.5, 17],
			"to": [6.25, 8.5, 18],
			"rotation": {"angle": 0, "axis": "y", "origin": [3.75, 8, 14]},
			"faces": {
				"north": {"uv": [4, 7, 9, 8], "texture": "#0"},
				"east": {"uv": [4, 7, 5, 8], "texture": "#0"},
				"south": {"uv": [3, 8, 8, 9], "texture": "#0"},
				"west": {"uv": [4, 7, 5, 8], "texture": "#0"},
				"up": {"uv": [4, 7, 9, 8], "texture": "#0"},
				"down": {"uv": [4, 7, 9, 8], "texture": "#0"}
			}
		},
		{
			"from": [3.25, 5.5, 16.998],
			"to": [4.25, 10.5, 17.998],
			"rotation": {"angle": 22.5, "axis": "z", "origin": [3.75, 8, 14]},
			"faces": {
				"north": {"uv": [4, 7, 9, 8], "rotation": 90, "texture": "#0"},
				"east": {"uv": [4, 7, 9, 8], "rotation": 270, "texture": "#0"},
				"south": {"uv": [4, 8, 9, 9], "rotation": 270, "texture": "#0"},
				"west": {"uv": [4, 7, 9, 8], "rotation": 270, "texture": "#0"},
				"up": {"uv": [4, 7, 5, 8], "rotation": 270, "texture": "#0"},
				"down": {"uv": [4, 7, 5, 8], "rotation": 270, "texture": "#0"}
			}
		},
		{
			"from": [1.25, 7.5, 16.999],
			"to": [6.25, 8.5, 17.999],
			"rotation": {"angle": -45, "axis": "z", "origin": [3.75, 8, 14]},
			"faces": {
				"north": {"uv": [4, 7, 9, 8], "rotation": 180, "texture": "#0"},
				"east": {"uv": [4, 7, 5, 8], "rotation": 180, "texture": "#0"},
				"south": {"uv": [4, 8, 9, 9], "rotation": 180, "texture": "#0"},
				"west": {"uv": [4, 7, 5, 8], "rotation": 180, "texture": "#0"},
				"up": {"uv": [4, 7, 9, 8], "rotation": 180, "texture": "#0"},
				"down": {"uv": [4, 7, 9, 8], "rotation": 180, "texture": "#0"}
			}
		},
		{
			"from": [1.25, 7.5, 16.999],
			"to": [6.25, 8.5, 17.999],
			"rotation": {"angle": 45, "axis": "z", "origin": [3.75, 8, 14]},
			"faces": {
				"north": {"uv": [4, 7, 9, 8], "texture": "#0"},
				"east": {"uv": [4, 7, 5, 8], "texture": "#0"},
				"south": {"uv": [5, 9, 10, 10], "texture": "#0"},
				"west": {"uv": [4, 7, 5, 8], "texture": "#0"},
				"up": {"uv": [4, 7, 9, 8], "texture": "#0"},
				"down": {"uv": [4, 7, 9, 8], "texture": "#0"}
			}
		},
		{
			"from": [1.25, 7.5, 16.997],
			"to": [6.25, 8.5, 17.997],
			"rotation": {"angle": -22.5, "axis": "z", "origin": [3.75, 8, 14]},
			"faces": {
				"north": {"uv": [4, 7, 9, 8], "rotation": 180, "texture": "#0"},
				"east": {"uv": [4, 7, 5, 8], "rotation": 180, "texture": "#0"},
				"south": {"uv": [4, 9, 9, 10], "rotation": 180, "texture": "#0"},
				"west": {"uv": [4, 7, 5, 8], "rotation": 180, "texture": "#0"},
				"up": {"uv": [4, 7, 9, 8], "rotation": 180, "texture": "#0"},
				"down": {"uv": [4, 7, 9, 8], "rotation": 180, "texture": "#0"}
			}
		},
		{
			"from": [1.35, 7.5, 16],
			"to": [6.15, 8.5, 17],
			"rotation": {"angle": -22.5, "axis": "z", "origin": [3.75, 8, 13]},
			"faces": {
				"north": {"uv": [7, 8, 12, 9], "rotation": 180, "texture": "#0"},
				"east": {"uv": [7, 8, 8, 9], "rotation": 180, "texture": "#0"},
				"south": {"uv": [7, 8, 12, 9], "rotation": 180, "texture": "#0"},
				"west": {"uv": [7, 8, 8, 9], "rotation": 180, "texture": "#0"},
				"up": {"uv": [7, 8, 12, 9], "rotation": 180, "texture": "#0"},
				"down": {"uv": [7, 8, 12, 9], "rotation": 180, "texture": "#0"}
			}
		},
		{
			"from": [1.35, 7.5, 16],
			"to": [6.15, 8.5, 17],
			"rotation": {"angle": 45, "axis": "z", "origin": [3.75, 8, 13]},
			"faces": {
				"north": {"uv": [8, 4, 13, 5], "texture": "#0"},
				"east": {"uv": [8, 4, 9, 5], "texture": "#0"},
				"south": {"uv": [8, 4, 13, 5], "texture": "#0"},
				"west": {"uv": [8, 4, 9, 5], "texture": "#0"},
				"up": {"uv": [8, 4, 13, 5], "texture": "#0"},
				"down": {"uv": [8, 4, 13, 5], "texture": "#0"}
			}
		},
		{
			"from": [1.35, 7.5, 16],
			"to": [6.15, 8.5, 17],
			"rotation": {"angle": -45, "axis": "z", "origin": [3.75, 8, 13]},
			"faces": {
				"north": {"uv": [8, 4, 13, 5], "rotation": 180, "texture": "#0"},
				"east": {"uv": [8, 4, 9, 5], "rotation": 180, "texture": "#0"},
				"south": {"uv": [8, 4, 13, 5], "rotation": 180, "texture": "#0"},
				"west": {"uv": [8, 4, 9, 5], "rotation": 180, "texture": "#0"},
				"up": {"uv": [8, 4, 13, 5], "rotation": 180, "texture": "#0"},
				"down": {"uv": [8, 4, 13, 5], "rotation": 180, "texture": "#0"}
			}
		},
		{
			"from": [3.275, 5.6, 16],
			"to": [4.25, 10.4, 17],
			"rotation": {"angle": 22.5, "axis": "z", "origin": [3.75, 8, 13]},
			"faces": {
				"north": {"uv": [9, 7, 14, 8], "rotation": 90, "texture": "#0"},
				"east": {"uv": [9, 7, 14, 8], "rotation": 270, "texture": "#0"},
				"south": {"uv": [9, 7, 14, 8], "rotation": 270, "texture": "#0"},
				"west": {"uv": [9, 7, 14, 8], "rotation": 270, "texture": "#0"},
				"up": {"uv": [9, 7, 10, 8], "rotation": 270, "texture": "#0"},
				"down": {"uv": [9, 7, 10, 8], "rotation": 270, "texture": "#0"}
			}
		},
		{
			"from": [1.35, 7.5, 16],
			"to": [6.15, 8.5, 17],
			"rotation": {"angle": 0, "axis": "y", "origin": [3.75, 8, 13]},
			"faces": {
				"north": {"uv": [3, 10, 8, 11], "texture": "#0"},
				"east": {"uv": [3, 10, 4, 11], "texture": "#0"},
				"south": {"uv": [3, 10, 8, 11], "texture": "#0"},
				"west": {"uv": [3, 10, 4, 11], "texture": "#0"},
				"up": {"uv": [3, 10, 8, 11], "texture": "#0"},
				"down": {"uv": [3, 10, 8, 11], "texture": "#0"}
			}
		},
		{
			"from": [3.275, 5.6, 16],
			"to": [4.25, 10.4, 17],
			"rotation": {"angle": 0, "axis": "y", "origin": [3.75, 8, 13]},
			"faces": {
				"north": {"uv": [4, 2, 9, 3], "rotation": 90, "texture": "#0"},
				"east": {"uv": [4, 2, 9, 3], "rotation": 270, "texture": "#0"},
				"south": {"uv": [4, 2, 9, 3], "rotation": 270, "texture": "#0"},
				"west": {"uv": [4, 2, 9, 3], "rotation": 270, "texture": "#0"},
				"up": {"uv": [4, 2, 5, 3], "rotation": 270, "texture": "#0"},
				"down": {"uv": [4, 2, 5, 3], "rotation": 270, "texture": "#0"}
			}
		},
		{
			"from": [3.275, 5.6, 16],
			"to": [4.25, 10.4, 17],
			"rotation": {"angle": -22.5, "axis": "z", "origin": [3.75, 8, 13]},
			"faces": {
				"north": {"uv": [2, 4, 7, 5], "rotation": 90, "texture": "#0"},
				"east": {"uv": [2, 4, 7, 5], "rotation": 270, "texture": "#0"},
				"south": {"uv": [2, 4, 7, 5], "rotation": 270, "texture": "#0"},
				"west": {"uv": [2, 4, 7, 5], "rotation": 270, "texture": "#0"},
				"up": {"uv": [2, 4, 3, 5], "rotation": 270, "texture": "#0"},
				"down": {"uv": [2, 4, 3, 5], "rotation": 270, "texture": "#0"}
			}
		},
		{
			"from": [1.35, 7.5, 16],
			"to": [6.15, 8.5, 17],
			"rotation": {"angle": 22.5, "axis": "z", "origin": [3.75, 8, 13]},
			"faces": {
				"north": {"uv": [5, 5, 10, 6], "texture": "#0"},
				"east": {"uv": [5, 5, 6, 6], "texture": "#0"},
				"south": {"uv": [5, 5, 10, 6], "texture": "#0"},
				"west": {"uv": [5, 5, 6, 6], "texture": "#0"},
				"up": {"uv": [5, 5, 10, 6], "texture": "#0"},
				"down": {"uv": [5, 5, 10, 6], "texture": "#0"}
			}
		},
		{
			"from": [1.45, 7.55, 15],
			"to": [6.05, 8.475, 16],
			"rotation": {"angle": -22.5, "axis": "z", "origin": [3.75, 8, 12]},
			"faces": {
				"north": {"uv": [7, 9, 12, 10], "rotation": 180, "texture": "#0"},
				"east": {"uv": [7, 9, 8, 10], "rotation": 180, "texture": "#0"},
				"south": {"uv": [7, 9, 12, 10], "rotation": 180, "texture": "#0"},
				"west": {"uv": [7, 9, 8, 10], "rotation": 180, "texture": "#0"},
				"up": {"uv": [7, 9, 12, 10], "rotation": 180, "texture": "#0"},
				"down": {"uv": [7, 9, 12, 10], "rotation": 180, "texture": "#0"}
			}
		},
		{
			"from": [1.45, 7.55, 15],
			"to": [6.05, 8.475, 16],
			"rotation": {"angle": 45, "axis": "z", "origin": [3.75, 8, 12]},
			"faces": {
				"north": {"uv": [8, 5, 13, 6], "texture": "#0"},
				"east": {"uv": [8, 5, 9, 6], "texture": "#0"},
				"south": {"uv": [8, 5, 13, 6], "texture": "#0"},
				"west": {"uv": [8, 5, 9, 6], "texture": "#0"},
				"up": {"uv": [8, 5, 13, 6], "texture": "#0"},
				"down": {"uv": [8, 5, 13, 6], "texture": "#0"}
			}
		},
		{
			"from": [1.45, 7.55, 15],
			"to": [6.05, 8.475, 16],
			"rotation": {"angle": -45, "axis": "z", "origin": [3.75, 8, 12]},
			"faces": {
				"north": {"uv": [8, 5, 13, 6], "rotation": 180, "texture": "#0"},
				"east": {"uv": [8, 5, 9, 6], "rotation": 180, "texture": "#0"},
				"south": {"uv": [8, 5, 13, 6], "rotation": 180, "texture": "#0"},
				"west": {"uv": [8, 5, 9, 6], "rotation": 180, "texture": "#0"},
				"up": {"uv": [8, 5, 13, 6], "rotation": 180, "texture": "#0"},
				"down": {"uv": [8, 5, 13, 6], "rotation": 180, "texture": "#0"}
			}
		},
		{
			"from": [3.3, 5.7, 15],
			"to": [4.225, 10.3, 16],
			"rotation": {"angle": 22.5, "axis": "z", "origin": [3.75, 8, 12]},
			"faces": {
				"north": {"uv": [9, 8, 14, 9], "rotation": 90, "texture": "#0"},
				"east": {"uv": [9, 8, 14, 9], "rotation": 270, "texture": "#0"},
				"south": {"uv": [9, 8, 14, 9], "rotation": 270, "texture": "#0"},
				"west": {"uv": [9, 8, 14, 9], "rotation": 270, "texture": "#0"},
				"up": {"uv": [9, 8, 10, 9], "rotation": 270, "texture": "#0"},
				"down": {"uv": [9, 8, 10, 9], "rotation": 270, "texture": "#0"}
			}
		},
		{
			"from": [1.45, 7.55, 15],
			"to": [6.05, 8.475, 16],
			"rotation": {"angle": 0, "axis": "y", "origin": [3.75, 8, 12]},
			"faces": {
				"north": {"uv": [3, 11, 8, 12], "texture": "#0"},
				"east": {"uv": [3, 11, 4, 12], "texture": "#0"},
				"south": {"uv": [3, 11, 8, 12], "texture": "#0"},
				"west": {"uv": [3, 11, 4, 12], "texture": "#0"},
				"up": {"uv": [3, 11, 8, 12], "texture": "#0"},
				"down": {"uv": [3, 11, 8, 12], "texture": "#0"}
			}
		},
		{
			"from": [3.3, 5.7, 15],
			"to": [4.225, 10.3, 16],
			"rotation": {"angle": -22.5, "axis": "z", "origin": [3.75, 8, 12]},
			"faces": {
				"north": {"uv": [2, 5, 7, 6], "rotation": 90, "texture": "#0"},
				"east": {"uv": [2, 5, 7, 6], "rotation": 270, "texture": "#0"},
				"south": {"uv": [2, 5, 7, 6], "rotation": 270, "texture": "#0"},
				"west": {"uv": [2, 5, 7, 6], "rotation": 270, "texture": "#0"},
				"up": {"uv": [2, 5, 3, 6], "rotation": 270, "texture": "#0"},
				"down": {"uv": [2, 5, 3, 6], "rotation": 270, "texture": "#0"}
			}
		},
		{
			"from": [1.45, 7.55, 15],
			"to": [6.05, 8.475, 16],
			"rotation": {"angle": 22.5, "axis": "z", "origin": [3.75, 8, 12]},
			"faces": {
				"north": {"uv": [5, 6, 10, 7], "texture": "#0"},
				"east": {"uv": [5, 6, 6, 7], "texture": "#0"},
				"south": {"uv": [5, 6, 10, 7], "texture": "#0"},
				"west": {"uv": [5, 6, 6, 7], "texture": "#0"},
				"up": {"uv": [5, 6, 10, 7], "texture": "#0"},
				"down": {"uv": [5, 6, 10, 7], "texture": "#0"}
			}
		},
		{
			"from": [1.55, 7.55, 14],
			"to": [5.95, 8.45, 15],
			"rotation": {"angle": -22.5, "axis": "z", "origin": [3.75, 8, 11]},
			"faces": {
				"north": {"uv": [7, 11, 12, 12], "rotation": 180, "texture": "#0"},
				"east": {"uv": [7, 11, 8, 12], "rotation": 180, "texture": "#0"},
				"south": {"uv": [7, 11, 12, 12], "rotation": 180, "texture": "#0"},
				"west": {"uv": [7, 11, 8, 12], "rotation": 180, "texture": "#0"},
				"up": {"uv": [7, 11, 12, 12], "rotation": 180, "texture": "#0"},
				"down": {"uv": [7, 11, 12, 12], "rotation": 180, "texture": "#0"}
			}
		},
		{
			"from": [1.55, 7.55, 14],
			"to": [5.95, 8.45, 15],
			"rotation": {"angle": 45, "axis": "z", "origin": [3.75, 8, 11]},
			"faces": {
				"north": {"uv": [8, 7, 13, 8], "texture": "#0"},
				"east": {"uv": [8, 7, 9, 8], "texture": "#0"},
				"south": {"uv": [8, 7, 13, 8], "texture": "#0"},
				"west": {"uv": [8, 7, 9, 8], "texture": "#0"},
				"up": {"uv": [8, 7, 13, 8], "texture": "#0"},
				"down": {"uv": [8, 7, 13, 8], "texture": "#0"}
			}
		},
		{
			"from": [1.55, 7.55, 14],
			"to": [5.95, 8.45, 15],
			"rotation": {"angle": -45, "axis": "z", "origin": [3.75, 8, 11]},
			"faces": {
				"north": {"uv": [8, 7, 13, 8], "rotation": 180, "texture": "#0"},
				"east": {"uv": [8, 7, 9, 8], "rotation": 180, "texture": "#0"},
				"south": {"uv": [8, 7, 13, 8], "rotation": 180, "texture": "#0"},
				"west": {"uv": [8, 7, 9, 8], "rotation": 180, "texture": "#0"},
				"up": {"uv": [8, 7, 13, 8], "rotation": 180, "texture": "#0"},
				"down": {"uv": [8, 7, 13, 8], "rotation": 180, "texture": "#0"}
			}
		},
		{
			"from": [3.325, 5.8, 14],
			"to": [4.2, 10.2, 15],
			"rotation": {"angle": 22.5, "axis": "z", "origin": [3.75, 8, 11]},
			"faces": {
				"north": {"uv": [9, 10, 14, 11], "rotation": 90, "texture": "#0"},
				"east": {"uv": [9, 10, 14, 11], "rotation": 270, "texture": "#0"},
				"south": {"uv": [9, 10, 14, 11], "rotation": 270, "texture": "#0"},
				"west": {"uv": [9, 10, 14, 11], "rotation": 270, "texture": "#0"},
				"up": {"uv": [9, 10, 10, 11], "rotation": 270, "texture": "#0"},
				"down": {"uv": [9, 10, 10, 11], "rotation": 270, "texture": "#0"}
			}
		},
		{
			"from": [1.55, 7.55, 14],
			"to": [5.95, 8.45, 15],
			"rotation": {"angle": 0, "axis": "y", "origin": [3.75, 8, 11]},
			"faces": {
				"north": {"uv": [3, 13, 8, 14], "texture": "#0"},
				"east": {"uv": [3, 13, 4, 14], "texture": "#0"},
				"south": {"uv": [3, 13, 8, 14], "texture": "#0"},
				"west": {"uv": [3, 13, 4, 14], "texture": "#0"},
				"up": {"uv": [3, 13, 8, 14], "texture": "#0"},
				"down": {"uv": [3, 13, 8, 14], "texture": "#0"}
			}
		},
		{
			"from": [3.325, 5.8, 14],
			"to": [4.2, 10.2, 15],
			"rotation": {"angle": -22.5, "axis": "z", "origin": [3.75, 8, 11]},
			"faces": {
				"north": {"uv": [2, 7, 7, 8], "rotation": 90, "texture": "#0"},
				"east": {"uv": [2, 7, 7, 8], "rotation": 270, "texture": "#0"},
				"south": {"uv": [2, 7, 7, 8], "rotation": 270, "texture": "#0"},
				"west": {"uv": [2, 7, 7, 8], "rotation": 270, "texture": "#0"},
				"up": {"uv": [2, 7, 3, 8], "rotation": 270, "texture": "#0"},
				"down": {"uv": [2, 7, 3, 8], "rotation": 270, "texture": "#0"}
			}
		},
		{
			"from": [1.55, 7.55, 14],
			"to": [5.95, 8.45, 15],
			"rotation": {"angle": 22.5, "axis": "z", "origin": [3.75, 8, 11]},
			"faces": {
				"north": {"uv": [5, 8, 10, 9], "texture": "#0"},
				"east": {"uv": [5, 8, 6, 9], "texture": "#0"},
				"south": {"uv": [5, 8, 10, 9], "texture": "#0"},
				"west": {"uv": [5, 8, 6, 9], "texture": "#0"},
				"up": {"uv": [5, 8, 10, 9], "texture": "#0"},
				"down": {"uv": [5, 8, 10, 9], "texture": "#0"}
			}
		},
		{
			"from": [1.65, 7.575, 13],
			"to": [5.85, 8.425, 14],
			"rotation": {"angle": -22.5, "axis": "z", "origin": [3.75, 8, 10]},
			"faces": {
				"north": {"uv": [7, 12, 12, 13], "rotation": 180, "texture": "#0"},
				"east": {"uv": [7, 12, 8, 13], "rotation": 180, "texture": "#0"},
				"south": {"uv": [7, 12, 12, 13], "rotation": 180, "texture": "#0"},
				"west": {"uv": [7, 12, 8, 13], "rotation": 180, "texture": "#0"},
				"up": {"uv": [7, 12, 12, 13], "rotation": 180, "texture": "#0"},
				"down": {"uv": [7, 12, 12, 13], "rotation": 180, "texture": "#0"}
			}
		},
		{
			"from": [1.65, 7.575, 13],
			"to": [5.85, 8.425, 14],
			"rotation": {"angle": 45, "axis": "z", "origin": [3.75, 8, 10]},
			"faces": {
				"north": {"uv": [8, 8, 13, 9], "texture": "#0"},
				"east": {"uv": [8, 8, 9, 9], "texture": "#0"},
				"south": {"uv": [8, 8, 13, 9], "texture": "#0"},
				"west": {"uv": [8, 8, 9, 9], "texture": "#0"},
				"up": {"uv": [8, 8, 13, 9], "texture": "#0"},
				"down": {"uv": [8, 8, 13, 9], "texture": "#0"}
			}
		},
		{
			"from": [1.65, 7.575, 13],
			"to": [5.85, 8.425, 14],
			"rotation": {"angle": -45, "axis": "z", "origin": [3.75, 8, 10]},
			"faces": {
				"north": {"uv": [8, 8, 13, 9], "rotation": 180, "texture": "#0"},
				"east": {"uv": [8, 8, 9, 9], "rotation": 180, "texture": "#0"},
				"south": {"uv": [8, 8, 13, 9], "rotation": 180, "texture": "#0"},
				"west": {"uv": [8, 8, 9, 9], "rotation": 180, "texture": "#0"},
				"up": {"uv": [8, 8, 13, 9], "rotation": 180, "texture": "#0"},
				"down": {"uv": [8, 8, 13, 9], "rotation": 180, "texture": "#0"}
			}
		},
		{
			"from": [3.325, 5.9, 13],
			"to": [4.175, 10.1, 14],
			"rotation": {"angle": 22.5, "axis": "z", "origin": [3.75, 8, 10]},
			"faces": {
				"north": {"uv": [9, 11, 14, 12], "rotation": 90, "texture": "#0"},
				"east": {"uv": [9, 11, 14, 12], "rotation": 270, "texture": "#0"},
				"south": {"uv": [9, 11, 14, 12], "rotation": 270, "texture": "#0"},
				"west": {"uv": [9, 11, 14, 12], "rotation": 270, "texture": "#0"},
				"up": {"uv": [9, 11, 10, 12], "rotation": 270, "texture": "#0"},
				"down": {"uv": [9, 11, 10, 12], "rotation": 270, "texture": "#0"}
			}
		},
		{
			"from": [1.65, 7.575, 13],
			"to": [5.85, 8.425, 14],
			"rotation": {"angle": 0, "axis": "y", "origin": [3.75, 8, 10]},
			"faces": {
				"north": {"uv": [3, 14, 8, 15], "texture": "#0"},
				"east": {"uv": [3, 14, 4, 15], "texture": "#0"},
				"south": {"uv": [3, 14, 8, 15], "texture": "#0"},
				"west": {"uv": [3, 14, 4, 15], "texture": "#0"},
				"up": {"uv": [3, 14, 8, 15], "texture": "#0"},
				"down": {"uv": [3, 14, 8, 15], "texture": "#0"}
			}
		},
		{
			"from": [3.325, 5.9, 13],
			"to": [4.175, 10.1, 14],
			"rotation": {"angle": -22.5, "axis": "z", "origin": [3.75, 8, 10]},
			"faces": {
				"north": {"uv": [2, 8, 7, 9], "rotation": 90, "texture": "#0"},
				"east": {"uv": [2, 8, 7, 9], "rotation": 270, "texture": "#0"},
				"south": {"uv": [2, 8, 7, 9], "rotation": 270, "texture": "#0"},
				"west": {"uv": [2, 8, 7, 9], "rotation": 270, "texture": "#0"},
				"up": {"uv": [2, 8, 3, 9], "rotation": 270, "texture": "#0"},
				"down": {"uv": [2, 8, 3, 9], "rotation": 270, "texture": "#0"}
			}
		},
		{
			"from": [1.65, 7.575, 13],
			"to": [5.85, 8.425, 14],
			"rotation": {"angle": 22.5, "axis": "z", "origin": [3.75, 8, 10]},
			"faces": {
				"north": {"uv": [5, 9, 10, 10], "texture": "#0"},
				"east": {"uv": [5, 9, 6, 10], "texture": "#0"},
				"south": {"uv": [5, 9, 10, 10], "texture": "#0"},
				"west": {"uv": [5, 9, 6, 10], "texture": "#0"},
				"up": {"uv": [5, 9, 10, 10], "texture": "#0"},
				"down": {"uv": [5, 9, 10, 10], "texture": "#0"}
			}
		},
		{
			"from": [1.75, 7.6, 12.02],
			"to": [5.75, 8.4, 13.02],
			"rotation": {"angle": -22.5, "axis": "z", "origin": [3.75, 8, 9]},
			"faces": {
				"north": {"uv": [2, 8, 6, 8.8], "rotation": 180, "texture": "#0"},
				"east": {"uv": [2, 8, 3, 8.8], "rotation": 180, "texture": "#0"},
				"south": {"uv": [2, 8, 6, 8.8], "rotation": 180, "texture": "#0"},
				"west": {"uv": [2, 8, 3, 8.8], "rotation": 180, "texture": "#0"},
				"up": {"uv": [2, 8, 6, 9], "rotation": 180, "texture": "#0"},
				"down": {"uv": [6, 8, 10, 9], "rotation": 180, "texture": "#0"}
			}
		},
		{
			"from": [1.75, 7.6, 12.001],
			"to": [5.75, 8.4, 13.001],
			"rotation": {"angle": 45, "axis": "z", "origin": [3.75, 8, 9]},
			"faces": {
				"north": {"uv": [6, 6, 10, 6.8], "texture": "#0"},
				"east": {"uv": [2, 8, 3, 8.8], "texture": "#0"},
				"south": {"uv": [2, 8, 6, 8.8], "texture": "#0"},
				"west": {"uv": [2, 8, 3, 8.8], "texture": "#0"},
				"up": {"uv": [12, 9, 16, 10], "texture": "#0"},
				"down": {"uv": [2, 11, 6, 12], "texture": "#0"}
			}
		},
		{
			"from": [1.75, 7.6, 12.001],
			"to": [5.75, 8.4, 13.001],
			"rotation": {"angle": -45, "axis": "z", "origin": [3.75, 8, 9]},
			"faces": {
				"north": {"uv": [8, 8, 12, 8.8], "rotation": 180, "texture": "#0"},
				"east": {"uv": [2, 8, 3, 8.8], "rotation": 180, "texture": "#0"},
				"south": {"uv": [2, 8, 6, 8.8], "rotation": 180, "texture": "#0"},
				"west": {"uv": [2, 8, 3, 8.8], "rotation": 180, "texture": "#0"},
				"up": {"uv": [2, 8, 6, 9], "rotation": 180, "texture": "#0"},
				"down": {"uv": [2, 8, 6, 9], "rotation": 180, "texture": "#0"}
			}
		},
		{
			"from": [3.35, 6, 12.003],
			"to": [4.15, 10, 13.003],
			"rotation": {"angle": 22.5, "axis": "z", "origin": [3.75, 8, 9]},
			"faces": {
				"north": {"uv": [2, 8, 6, 8.8], "rotation": 90, "texture": "#0"},
				"east": {"uv": [2, 8, 6, 9], "rotation": 270, "texture": "#0"},
				"south": {"uv": [2, 8, 6, 8.8], "rotation": 270, "texture": "#0"},
				"west": {"uv": [2, 8, 6, 9], "rotation": 270, "texture": "#0"},
				"up": {"uv": [2, 8, 3, 8.8], "rotation": 270, "texture": "#0"},
				"down": {"uv": [2, 8, 3, 8.8], "rotation": 270, "texture": "#0"}
			}
		},
		{
			"from": [1.75, 7.6, 12],
			"to": [5.75, 8.4, 13],
			"rotation": {"angle": 0, "axis": "y", "origin": [3.75, 8, 9]},
			"faces": {
				"north": {"uv": [7, 0, 11, 0.8], "texture": "#0"},
				"east": {"uv": [2, 8, 3, 8.8], "texture": "#0"},
				"south": {"uv": [2, 8, 6, 8.8], "texture": "#0"},
				"west": {"uv": [2, 8, 3, 8.8], "texture": "#0"},
				"up": {"uv": [2, 8, 6, 9], "texture": "#0"},
				"down": {"uv": [2, 8, 6, 9], "texture": "#0"}
			}
		},
		{
			"from": [3.35, 6, 12.02],
			"to": [4.15, 10, 13.02],
			"rotation": {"angle": -22.5, "axis": "z", "origin": [3.75, 8, 9]},
			"faces": {
				"north": {"uv": [2, 8, 6, 8.8], "rotation": 90, "texture": "#0"},
				"east": {"uv": [2, 8, 6, 9], "rotation": 270, "texture": "#0"},
				"south": {"uv": [2, 8, 6, 8.8], "rotation": 270, "texture": "#0"},
				"west": {"uv": [2, 8, 6, 9], "rotation": 270, "texture": "#0"},
				"up": {"uv": [2, 8, 3, 8.8], "rotation": 270, "texture": "#0"},
				"down": {"uv": [2, 8, 3, 8.8], "rotation": 270, "texture": "#0"}
			}
		},
		{
			"from": [1.75, 7.6, 12.003],
			"to": [5.75, 8.4, 13.003],
			"rotation": {"angle": 22.5, "axis": "z", "origin": [3.75, 8, 9]},
			"faces": {
				"north": {"uv": [6, 9, 10, 9.8], "texture": "#0"},
				"east": {"uv": [2, 8, 3, 8.8], "texture": "#0"},
				"south": {"uv": [2, 8, 6, 8.8], "texture": "#0"},
				"west": {"uv": [2, 8, 3, 8.8], "texture": "#0"},
				"up": {"uv": [2, 8, 6, 9], "texture": "#0"},
				"down": {"uv": [2, 8, 6, 9], "texture": "#0"}
			}
		},
		{
			"from": [3.35, 6, 12],
			"to": [4.15, 10, 13],
			"rotation": {"angle": 0, "axis": "y", "origin": [3.75, 8, 9]},
			"faces": {
				"north": {"uv": [2, 8, 6, 8.8], "rotation": 90, "texture": "#0"},
				"east": {"uv": [2, 8, 6, 9], "rotation": 270, "texture": "#0"},
				"south": {"uv": [2, 8, 6, 8.8], "rotation": 270, "texture": "#0"},
				"west": {"uv": [2, 8, 6, 9], "rotation": 270, "texture": "#0"},
				"up": {"uv": [2, 8, 3, 8.8], "rotation": 270, "texture": "#0"},
				"down": {"uv": [2, 8, 3, 8.8], "rotation": 270, "texture": "#0"}
			}
		},
		{
			"from": [3.3, 5.7, 15],
			"to": [4.225, 10.3, 16],
			"rotation": {"angle": 0, "axis": "y", "origin": [3.75, 8, 12]},
			"faces": {
				"north": {"uv": [4, 3, 9, 4], "rotation": 90, "texture": "#0"},
				"east": {"uv": [4, 3, 9, 4], "rotation": 270, "texture": "#0"},
				"south": {"uv": [4, 3, 9, 4], "rotation": 270, "texture": "#0"},
				"west": {"uv": [4, 3, 9, 4], "rotation": 270, "texture": "#0"},
				"up": {"uv": [4, 3, 5, 4], "rotation": 270, "texture": "#0"},
				"down": {"uv": [4, 3, 5, 4], "rotation": 270, "texture": "#0"}
			}
		},
		{
			"from": [3.325, 5.8, 14],
			"to": [4.2, 10.2, 15],
			"rotation": {"angle": 0, "axis": "y", "origin": [3.75, 8, 11]},
			"faces": {
				"north": {"uv": [4, 5, 9, 6], "rotation": 90, "texture": "#0"},
				"east": {"uv": [4, 5, 9, 6], "rotation": 270, "texture": "#0"},
				"south": {"uv": [4, 5, 9, 6], "rotation": 270, "texture": "#0"},
				"west": {"uv": [4, 5, 9, 6], "rotation": 270, "texture": "#0"},
				"up": {"uv": [4, 5, 5, 6], "rotation": 270, "texture": "#0"},
				"down": {"uv": [4, 5, 5, 6], "rotation": 270, "texture": "#0"}
			}
		},
		{
			"from": [3.325, 5.9, 13],
			"to": [4.175, 10.1, 14],
			"rotation": {"angle": 0, "axis": "y", "origin": [3.75, 8, 10]},
			"faces": {
				"north": {"uv": [4, 6, 9, 7], "rotation": 90, "texture": "#0"},
				"east": {"uv": [4, 6, 9, 7], "rotation": 270, "texture": "#0"},
				"south": {"uv": [4, 6, 9, 7], "rotation": 270, "texture": "#0"},
				"west": {"uv": [4, 6, 9, 7], "rotation": 270, "texture": "#0"},
				"up": {"uv": [4, 6, 5, 7], "rotation": 270, "texture": "#0"},
				"down": {"uv": [4, 6, 5, 7], "rotation": 270, "texture": "#0"}
			}
		},
		{
			"from": [4, 7.5, 17.075],
			"to": [7, 8.5, 18.075],
			"rotation": {"angle": 0, "axis": "y", "origin": [3.75, 8, 14]},
			"faces": {
				"north": {"uv": [4, 12, 7, 13], "texture": "#0"},
				"east": {"uv": [4, 12, 5, 13], "texture": "#0"},
				"south": {"uv": [3, 13, 6, 14], "texture": "#0"},
				"west": {"uv": [4, 12, 5, 13], "texture": "#0"},
				"up": {"uv": [4, 12, 7, 13], "texture": "#0"},
				"down": {"uv": [4, 12, 7, 13], "texture": "#0"}
			}
		},
		{
			"from": [7, 1.86471, 19.31984],
			"to": [9, 4.86471, 21.31984],
			"rotation": {"angle": -22.5, "axis": "x", "origin": [8, 1.61471, 18.31984]},
			"faces": {
				"north": {"uv": [0, 0, 2, 3], "texture": "#2"},
				"east": {"uv": [0, 0, 2, 3], "texture": "#2"},
				"south": {"uv": [0, 0, 2, 3], "texture": "#2"},
				"west": {"uv": [0, 0, 2, 3], "texture": "#2"},
				"up": {"uv": [0, 0, 2, 2], "texture": "#2"},
				"down": {"uv": [0, 0, 2, 2], "texture": "#2"}
			}
		},
		{
			"from": [6.99, 5, 18],
			"to": [8.99, 7, 20],
			"rotation": {"angle": 0, "axis": "y", "origin": [0, -0.25, 1]},
			"faces": {
				"north": {"uv": [0, 0, 2, 2], "texture": "#2"},
				"east": {"uv": [0, 0, 2, 2], "texture": "#2"},
				"south": {"uv": [0, 0, 2, 2], "texture": "#2"},
				"west": {"uv": [0, 0, 2, 2], "texture": "#2"},
				"up": {"uv": [0, 0, 2, 2], "texture": "#2"},
				"down": {"uv": [0, 0, 2, 2], "texture": "#2"}
			}
		},
		{
			"from": [6.99, 1.99373, 18.99581],
			"to": [8.99, 2.99373, 20.99581],
			"rotation": {"angle": 0, "axis": "y", "origin": [0, -4.25627, 1.99581]},
			"faces": {
				"north": {"uv": [0, 0, 2, 1], "texture": "#2"},
				"east": {"uv": [0, 0, 2, 1], "texture": "#2"},
				"south": {"uv": [0, 0, 2, 1], "texture": "#2"},
				"west": {"uv": [0, 0, 2, 1], "texture": "#2"},
				"up": {"uv": [0, 0, 2, 2], "texture": "#2"},
				"down": {"uv": [0, 0, 2, 2], "texture": "#2"}
			}
		},
		{
			"from": [7, 5, 16],
			"to": [9, 5, 18],
			"rotation": {"angle": 0, "axis": "y", "origin": [0, 0, 1]},
			"faces": {
				"north": {"uv": [4, 5, 6, 5], "texture": "#1"},
				"east": {"uv": [4, 5, 6, 5], "texture": "#1"},
				"south": {"uv": [4, 5, 6, 5], "texture": "#1"},
				"west": {"uv": [4, 5, 6, 5], "texture": "#1"},
				"up": {"uv": [4, 5, 6, 7], "texture": "#1"},
				"down": {"uv": [4, 5, 6, 7], "texture": "#1"}
			}
		},
		{
			"from": [7, 5, 15],
			"to": [9, 7, 16],
			"rotation": {"angle": 0, "axis": "y", "origin": [0, 0, 1]},
			"faces": {
				"north": {"uv": [4, 5, 6, 7], "texture": "#1"},
				"east": {"uv": [4, 5, 5, 7], "texture": "#1"},
				"south": {"uv": [4, 5, 6, 7], "texture": "#1"},
				"west": {"uv": [4, 5, 5, 7], "texture": "#1"},
				"up": {"uv": [4, 5, 6, 6], "texture": "#1"},
				"down": {"uv": [4, 5, 6, 6], "texture": "#1"}
			}
		}
	],
	"gui_light": "front",
	"display": {
		"thirdperson_righthand": {
			"scale": [0.55, 0.55, 0.55]
		},
		"thirdperson_lefthand": {
			"translation": [0, 1.75, -2.5],
			"scale": [0.55, 0.55, 0.55]
		},
		"firstperson_righthand": {
			"rotation": [24.98, -5, 40],
			"translation": [-6, 7.75, 0.5],
			"scale": [0.55, 0.55, 0.55]
		},
		"firstperson_lefthand": {
			"rotation": [1, -9.99, 0.5],
			"translation": [0.22, 16.2, 6.25],
			"scale": [0.55, 0.55, 0.55]
		},
		"ground": {
			"translation": [0, -1, 0],
			"scale": [0.55, 0.55, 0.55]
		},
		"gui": {
			"rotation": [90, 45, -90],
			"scale": [0.55, 0.55, 0.55]
		}
	},
	"groups": [
		{
			"name": "body",
			"origin": [8, 6.86079, 27.90343],
			"color": 0,
			"nbt": "{}",
			"children": [
				0,
				1,
				2,
				3,
				4,
				5,
				{
					"name": "cover",
					"origin": [8, 9.5, 12],
					"color": 0,
					"nbt": "{}",
					"children": [
						{
							"name": "reload_1@state",
							"origin": [8, 9.5, 12],
							"color": 0,
							"nbt": "{}",
							"children": [6, 7]
						}
					]
				}
			]
		},
		{
			"name": "sight@attach",
			"origin": [0, -0.5, 0],
			"color": 0,
			"nbt": "{}",
			"children": [
				{
					"name": "default@name",
					"origin": [0, -0.5, 0],
					"color": 0,
					"nbt": "{}",
					"children": [
						{
							"name": "peep@state",
							"origin": [0, -0.5, 0],
							"color": 0,
							"nbt": "{}",
							"children": [8, 9, 10, 11]
						}
					]
				}
			]
		},
		{
			"name": "stock@attach",
			"origin": [0, 0, 1],
			"color": 0,
			"nbt": "{}",
			"children": [
				{
					"name": "default@name",
					"origin": [0, 0, 1],
					"color": 0,
					"nbt": "{}",
					"children": [12, 13, 14, 15, 16, 17, 18, 19, 20, 21, 22, 23, 24, 25, 26]
				}
			]
		},
		{
			"name": "barrel@attach",
			"origin": [8, 7.5, 8],
			"color": 0,
			"nbt": "{}",
			"children": [
				{
					"name": "default@name",
					"origin": [8, 7.5, 8],
					"color": 0,
					"nbt": "{}",
					"children": [
						{
							"name": "peep@state",
							"origin": [0, -0.5, 0],
							"color": 0,
							"nbt": "{}",
							"children": [27, 28, 29, 30, 31, 32, 33]
						},
						34,
						35,
						36,
						37,
						38,
						39
					]
				}
			]
		},
		{
			"name": "underbarrel@attach",
			"origin": [8, 8, 8],
			"color": 0,
			"nbt": "{}",
			"children": [
				{
					"name": "default@name",
					"origin": [8, 8, 8],
					"color": 0,
					"nbt": "{}",
					"children": []
				}
			]
		},
		{
			"name": "magazine@attach",
			"origin": [3.75, 8, 14],
			"color": 0,
			"nbt": "{}",
			"children": [
				{
					"name": "default@name",
					"origin": [3.75, 8, 14],
					"color": 0,
					"nbt": "{}",
					"children": [
						40,
						41,
						42,
						43,
						44,
						45,
						46,
						47,
						48,
						49,
						50,
						51,
						52,
						53,
						54,
						55,
						56,
						57,
						58,
						59,
						60,
						61,
						62,
						63,
						64,
						65,
						66,
						67,
						68,
						69,
						70,
						71,
						72,
						73,
						74,
						75,
						76,
						77,
						78,
						79,
						80,
						81,
						82,
						83,
						84,
						85,
						86,
						87,
						88,
						{
							"name": "reload_3@state",
							"origin": [3.75, 8, 14],
							"color": 0,
							"nbt": "{}",
							"children": []
						}
					]
				}
			]
		},
		{
			"name": "grip@attach",
			"origin": [0, 0, 1],
			"color": 0,
			"nbt": "{}",
			"children": [
				{
					"name": "default@name",
					"origin": [0, 0, 1],
					"color": 0,
					"nbt": "{}",
					"children": [89, 90, 91, 92, 93]
				}
			]
		}
	]
}