{
	"credit": "Made with Blockbench",
	"textures": {
		"0": "item/barriers/cartridge",
		"particle": "item/barriers/cartridge"
	},
	"elements": [
		{
			"from": [6, 0, 7],
			"to": [10, 2, 9],
			"faces": {
				"north": {"uv": [0, 0, 4, 2], "texture": "#0"},
				"east": {"uv": [4, 2, 6, 4], "texture": "#0"},
				"south": {"uv": [0, 2, 4, 4], "texture": "#0"},
				"west": {"uv": [4, 4, 6, 6], "texture": "#0"},
				"up": {"uv": [4, 6, 0, 4], "texture": "#0"},
				"down": {"uv": [8, 0, 4, 2], "texture": "#0"}
			}
		}
	],
	"gui_light": "front",
	"display": {
		"thirdperson_righthand": {
			"scale": [0, 0, 0]
		},
		"thirdperson_lefthand": {
			"scale": [0, 0, 0]
		},
		"firstperson_righthand": {
			"scale": [0, 0, 0]
		},
		"firstperson_lefthand": {
			"scale": [0, 0, 0]
		},
		"ground": {
			"rotation": [136.65, 37.45, 159.53],
			"translation": [-1.5, 3.25, -5.5]
		},
		"gui": {
			"rotation": [39, -55.5, 0],
			"translation": [0, 5.75, 0]
		},
		"head": {
			"scale": [0, 0, 0]
		},
		"fixed": {
			"scale": [0, 0, 0]
		}
	}
}