{
	"credit": "Made with Blockbench",
	"textures": {
		"0": "item/crossbow/gunsmith_table/bottom",
		"2": "item/crossbow/gunsmith_table/side",
		"3": "item/crossbow/gunsmith_table/top",
		"particle": "item/crossbow/gunsmith_table/bottom"
	},
	"elements": [
		{
			"from": [-0.01, -0.01, -0.01],
			"to": [16.01, 16.01, 16.01],
			"faces": {
				"north": {"uv": [0, 0, 16, 16], "texture": "#2"},
				"east": {"uv": [0, 0, 16, 16], "texture": "#2"},
				"south": {"uv": [0, 0, 16, 16], "texture": "#2"},
				"west": {"uv": [0, 0, 16, 16], "texture": "#2"},
				"up": {"uv": [0, 0, 16, 16], "texture": "#3"},
				"down": {"uv": [0, 0, 16, 16], "texture": "#0"}
			}
		}
	],
	"display": {
		"fixed": {
			"rotation": [-90, 0, 0],
			"translation": [0, 0, 16],
			"scale": [2, 2, 2]
		}
	}
}