{
	"credit": "Made with Blockbench",
	"texture_size": [8, 8],
	"textures": {
		"0": "block/oak_log",
		"particle": "block/oak_log"
	},
	"elements": [
		{
			"from": [20, 7, 7.02],
			"to": [26, 9, 9.02],
			"rotation": {"angle": -45, "axis": "z", "origin": [8, 8, 7]},
			"faces": {
				"north": {"uv": [0, 0, 12, 4], "texture": "#0"},
				"east": {"uv": [0, 0, 4, 4], "rotation": 270, "texture": "#0"},
				"south": {"uv": [0, 0, 12, 4], "texture": "#0"},
				"west": {"uv": [0, 0, 4, 4], "rotation": 270, "texture": "#0"},
				"up": {"uv": [0, 0, 12, 4], "texture": "#0"},
				"down": {"uv": [0, 0, 12, 4], "texture": "#0"}
			}
		},
		{
			"from": [26, 7, 7.02],
			"to": [32, 9, 9.02],
			"rotation": {"angle": -45, "axis": "z", "origin": [8, 8, 7]},
			"faces": {
				"north": {"uv": [0, 0, 12, 4], "texture": "#0"},
				"east": {"uv": [0, 0, 4, 4], "rotation": 270, "texture": "#0"},
				"south": {"uv": [0, 0, 12, 4], "texture": "#0"},
				"west": {"uv": [0, 0, 4, 4], "rotation": 270, "texture": "#0"},
				"up": {"uv": [0, 0, 12, 4], "texture": "#0"},
				"down": {"uv": [0, 0, 12, 4], "texture": "#0"}
			}
		},
		{
			"from": [8, 7, 7.02],
			"to": [14, 9, 9.02],
			"rotation": {"angle": -45, "axis": "z", "origin": [8, 8, 7]},
			"faces": {
				"north": {"uv": [0, 0, 12, 4], "texture": "#0"},
				"east": {"uv": [0, 0, 4, 4], "rotation": 270, "texture": "#0"},
				"south": {"uv": [0, 0, 12, 4], "texture": "#0"},
				"west": {"uv": [0, 0, 4, 4], "rotation": 270, "texture": "#0"},
				"up": {"uv": [0, 0, 12, 4], "texture": "#0"},
				"down": {"uv": [0, 0, 12, 4], "texture": "#0"}
			}
		},
		{
			"from": [14, 7, 7.02],
			"to": [20, 9, 9.02],
			"rotation": {"angle": -45, "axis": "z", "origin": [8, 8, 7]},
			"faces": {
				"north": {"uv": [0, 0, 12, 4], "texture": "#0"},
				"east": {"uv": [0, 0, 4, 4], "rotation": 270, "texture": "#0"},
				"south": {"uv": [0, 0, 12, 4], "texture": "#0"},
				"west": {"uv": [0, 0, 4, 4], "rotation": 270, "texture": "#0"},
				"up": {"uv": [0, 0, 12, 4], "texture": "#0"},
				"down": {"uv": [0, 0, 12, 4], "texture": "#0"}
			}
		},
		{
			"from": [-4, 7, 7.02],
			"to": [2, 9, 9.02],
			"rotation": {"angle": -45, "axis": "z", "origin": [8, 8, 7]},
			"faces": {
				"north": {"uv": [0, 0, 12, 4], "texture": "#0"},
				"east": {"uv": [0, 0, 4, 4], "rotation": 270, "texture": "#0"},
				"south": {"uv": [0, 0, 12, 4], "texture": "#0"},
				"west": {"uv": [0, 0, 4, 4], "rotation": 270, "texture": "#0"},
				"up": {"uv": [0, 0, 12, 4], "texture": "#0"},
				"down": {"uv": [0, 0, 12, 4], "texture": "#0"}
			}
		},
		{
			"from": [2, 7, 7.02],
			"to": [8, 9, 9.02],
			"rotation": {"angle": -45, "axis": "z", "origin": [8, 8, 7]},
			"faces": {
				"north": {"uv": [0, 0, 12, 4], "texture": "#0"},
				"east": {"uv": [0, 0, 4, 4], "rotation": 270, "texture": "#0"},
				"south": {"uv": [0, 0, 12, 4], "texture": "#0"},
				"west": {"uv": [0, 0, 4, 4], "rotation": 270, "texture": "#0"},
				"up": {"uv": [0, 0, 12, 4], "texture": "#0"},
				"down": {"uv": [0, 0, 12, 4], "texture": "#0"}
			}
		},
		{
			"from": [-16, 7, 7.02],
			"to": [-10, 9, 9.02],
			"rotation": {"angle": -45, "axis": "z", "origin": [8, 8, 7]},
			"faces": {
				"north": {"uv": [0, 0, 12, 4], "texture": "#0"},
				"east": {"uv": [0, 0, 4, 4], "rotation": 270, "texture": "#0"},
				"south": {"uv": [0, 0, 12, 4], "texture": "#0"},
				"west": {"uv": [0, 0, 4, 4], "rotation": 270, "texture": "#0"},
				"up": {"uv": [0, 0, 12, 4], "texture": "#0"},
				"down": {"uv": [0, 0, 12, 4], "texture": "#0"}
			}
		},
		{
			"from": [-10, 7, 7.02],
			"to": [-4, 9, 9.02],
			"rotation": {"angle": -45, "axis": "z", "origin": [8, 8, 7]},
			"faces": {
				"north": {"uv": [0, 0, 12, 4], "texture": "#0"},
				"east": {"uv": [0, 0, 4, 4], "rotation": 270, "texture": "#0"},
				"south": {"uv": [0, 0, 12, 4], "texture": "#0"},
				"west": {"uv": [0, 0, 4, 4], "rotation": 270, "texture": "#0"},
				"up": {"uv": [0, 0, 12, 4], "texture": "#0"},
				"down": {"uv": [0, 0, 12, 4], "texture": "#0"}
			}
		},
		{
			"from": [7, 26, 7.01],
			"to": [9, 32, 9.01],
			"rotation": {"angle": -45, "axis": "z", "origin": [8, 8, 7]},
			"faces": {
				"north": {"uv": [5, 0, 17, 4], "rotation": 90, "texture": "#0"},
				"east": {"uv": [0, 0, 12, 4], "rotation": 90, "texture": "#0"},
				"south": {"uv": [4, 0, 16, 4], "rotation": 90, "texture": "#0"},
				"west": {"uv": [0, 0, 12, 4], "rotation": 90, "texture": "#0"},
				"up": {"uv": [0, 0, 4, 4], "texture": "#0"},
				"down": {"uv": [0, 0, 4, 4], "texture": "#0"}
			}
		},
		{
			"from": [7, 20, 7.01],
			"to": [9, 26, 9.01],
			"rotation": {"angle": -45, "axis": "z", "origin": [8, 8, 7]},
			"faces": {
				"north": {"uv": [5, 0, 17, 4], "rotation": 90, "texture": "#0"},
				"east": {"uv": [0, 0, 12, 4], "rotation": 90, "texture": "#0"},
				"south": {"uv": [4, 0, 16, 4], "rotation": 90, "texture": "#0"},
				"west": {"uv": [0, 0, 12, 4], "rotation": 90, "texture": "#0"},
				"up": {"uv": [0, 0, 4, 4], "texture": "#0"},
				"down": {"uv": [0, 0, 4, 4], "texture": "#0"}
			}
		},
		{
			"from": [7, 8, 7.01],
			"to": [9, 14, 9.01],
			"rotation": {"angle": -45, "axis": "z", "origin": [8, 8, 7]},
			"faces": {
				"north": {"uv": [5, 0, 17, 4], "rotation": 90, "texture": "#0"},
				"east": {"uv": [0, 0, 12, 4], "rotation": 90, "texture": "#0"},
				"south": {"uv": [4, 0, 16, 4], "rotation": 90, "texture": "#0"},
				"west": {"uv": [0, 0, 12, 4], "rotation": 90, "texture": "#0"},
				"up": {"uv": [0, 0, 4, 4], "texture": "#0"},
				"down": {"uv": [0, 0, 4, 4], "texture": "#0"}
			}
		},
		{
			"from": [7, 14, 7.01],
			"to": [9, 20, 9.01],
			"rotation": {"angle": -45, "axis": "z", "origin": [8, 8, 7]},
			"faces": {
				"north": {"uv": [5, 0, 17, 4], "rotation": 90, "texture": "#0"},
				"east": {"uv": [0, 0, 12, 4], "rotation": 90, "texture": "#0"},
				"south": {"uv": [4, 0, 16, 4], "rotation": 90, "texture": "#0"},
				"west": {"uv": [0, 0, 12, 4], "rotation": 90, "texture": "#0"},
				"up": {"uv": [0, 0, 4, 4], "texture": "#0"},
				"down": {"uv": [0, 0, 4, 4], "texture": "#0"}
			}
		},
		{
			"from": [7, -16, 7.01],
			"to": [9, -10, 9.01],
			"rotation": {"angle": -45, "axis": "z", "origin": [8, 8, 7]},
			"faces": {
				"north": {"uv": [5, 0, 17, 4], "rotation": 90, "texture": "#0"},
				"east": {"uv": [0, 0, 12, 4], "rotation": 90, "texture": "#0"},
				"south": {"uv": [4, 0, 16, 4], "rotation": 90, "texture": "#0"},
				"west": {"uv": [0, 0, 12, 4], "rotation": 90, "texture": "#0"},
				"up": {"uv": [0, 0, 4, 4], "texture": "#0"},
				"down": {"uv": [0, 0, 4, 4], "texture": "#0"}
			}
		},
		{
			"from": [7, -10, 7.01],
			"to": [9, -4, 9.01],
			"rotation": {"angle": -45, "axis": "z", "origin": [8, 8, 7]},
			"faces": {
				"north": {"uv": [5, 0, 17, 4], "rotation": 90, "texture": "#0"},
				"east": {"uv": [0, 0, 12, 4], "rotation": 90, "texture": "#0"},
				"south": {"uv": [4, 0, 16, 4], "rotation": 90, "texture": "#0"},
				"west": {"uv": [0, 0, 12, 4], "rotation": 90, "texture": "#0"},
				"up": {"uv": [0, 0, 4, 4], "texture": "#0"},
				"down": {"uv": [0, 0, 4, 4], "texture": "#0"}
			}
		},
		{
			"from": [7, -4, 7.01],
			"to": [9, 2, 9.01],
			"rotation": {"angle": -45, "axis": "z", "origin": [8, 8, 7]},
			"faces": {
				"north": {"uv": [5, 0, 17, 4], "rotation": 90, "texture": "#0"},
				"east": {"uv": [0, 0, 12, 4], "rotation": 90, "texture": "#0"},
				"south": {"uv": [4, 0, 16, 4], "rotation": 90, "texture": "#0"},
				"west": {"uv": [0, 0, 12, 4], "rotation": 90, "texture": "#0"},
				"up": {"uv": [0, 0, 4, 4], "texture": "#0"},
				"down": {"uv": [0, 0, 4, 4], "texture": "#0"}
			}
		},
		{
			"from": [7, 2, 7.01],
			"to": [9, 8, 9.01],
			"rotation": {"angle": -45, "axis": "z", "origin": [8, 8, 7]},
			"faces": {
				"north": {"uv": [5, 0, 17, 4], "rotation": 90, "texture": "#0"},
				"east": {"uv": [0, 0, 12, 4], "rotation": 90, "texture": "#0"},
				"south": {"uv": [4, 0, 16, 4], "rotation": 90, "texture": "#0"},
				"west": {"uv": [0, 0, 12, 4], "rotation": 90, "texture": "#0"},
				"up": {"uv": [0, 0, 4, 4], "texture": "#0"},
				"down": {"uv": [0, 0, 4, 4], "texture": "#0"}
			}
		},
		{
			"from": [24, 17, 7],
			"to": [26, 26, 9],
			"rotation": {"angle": 0, "axis": "z", "origin": [8, 8, 7]},
			"faces": {
				"north": {"uv": [0, 0, 16, 4], "rotation": 90, "texture": "#0"},
				"east": {"uv": [0, 0, 16, 4], "rotation": 90, "texture": "#0"},
				"south": {"uv": [0, 0, 16, 4], "rotation": 90, "texture": "#0"},
				"west": {"uv": [0, 0, 16, 4], "rotation": 90, "texture": "#0"},
				"up": {"uv": [0, 0, 4, 4], "rotation": 90, "texture": "#0"},
				"down": {"uv": [0, 0, 4, 4], "rotation": 90, "texture": "#0"}
			}
		},
		{
			"from": [24, 8, 7],
			"to": [26, 17, 9],
			"rotation": {"angle": 0, "axis": "z", "origin": [8, 8, 7]},
			"faces": {
				"north": {"uv": [0, 0, 16, 4], "rotation": 90, "texture": "#0"},
				"east": {"uv": [0, 0, 16, 4], "rotation": 90, "texture": "#0"},
				"south": {"uv": [0, 0, 16, 4], "rotation": 90, "texture": "#0"},
				"west": {"uv": [0, 0, 16, 4], "rotation": 90, "texture": "#0"},
				"up": {"uv": [0, 0, 4, 4], "rotation": 90, "texture": "#0"},
				"down": {"uv": [0, 0, 4, 4], "rotation": 90, "texture": "#0"}
			}
		},
		{
			"from": [24, -10, 7],
			"to": [26, -1, 9],
			"rotation": {"angle": 0, "axis": "z", "origin": [8, 8, 7]},
			"faces": {
				"north": {"uv": [0, 0, 16, 4], "rotation": 90, "texture": "#0"},
				"east": {"uv": [0, 0, 16, 4], "rotation": 90, "texture": "#0"},
				"south": {"uv": [0, 0, 16, 4], "rotation": 90, "texture": "#0"},
				"west": {"uv": [0, 0, 16, 4], "rotation": 90, "texture": "#0"},
				"up": {"uv": [0, 0, 4, 4], "rotation": 90, "texture": "#0"},
				"down": {"uv": [0, 0, 4, 4], "rotation": 90, "texture": "#0"}
			}
		},
		{
			"from": [24, -1, 7],
			"to": [26, 8, 9],
			"rotation": {"angle": 0, "axis": "z", "origin": [8, 8, 7]},
			"faces": {
				"north": {"uv": [0, 0, 16, 4], "rotation": 90, "texture": "#0"},
				"east": {"uv": [0, 0, 16, 4], "rotation": 90, "texture": "#0"},
				"south": {"uv": [0, 0, 16, 4], "rotation": 90, "texture": "#0"},
				"west": {"uv": [0, 0, 16, 4], "rotation": 90, "texture": "#0"},
				"up": {"uv": [0, 0, 4, 4], "rotation": 90, "texture": "#0"},
				"down": {"uv": [0, 0, 4, 4], "rotation": 90, "texture": "#0"}
			}
		},
		{
			"from": [-10, 17, 7],
			"to": [-8, 26, 9],
			"rotation": {"angle": 0, "axis": "z", "origin": [8, 8, 7]},
			"faces": {
				"north": {"uv": [0, 0, 16, 4], "rotation": 90, "texture": "#0"},
				"east": {"uv": [0, 0, 16, 4], "rotation": 90, "texture": "#0"},
				"south": {"uv": [0, 0, 16, 4], "rotation": 90, "texture": "#0"},
				"west": {"uv": [0, 0, 16, 4], "rotation": 90, "texture": "#0"},
				"up": {"uv": [0, 0, 4, 4], "rotation": 90, "texture": "#0"},
				"down": {"uv": [0, 0, 4, 4], "rotation": 90, "texture": "#0"}
			}
		},
		{
			"from": [-10, 8, 7],
			"to": [-8, 17, 9],
			"rotation": {"angle": 0, "axis": "z", "origin": [8, 8, 7]},
			"faces": {
				"north": {"uv": [0, 0, 16, 4], "rotation": 90, "texture": "#0"},
				"east": {"uv": [0, 0, 16, 4], "rotation": 90, "texture": "#0"},
				"south": {"uv": [0, 0, 16, 4], "rotation": 90, "texture": "#0"},
				"west": {"uv": [0, 0, 16, 4], "rotation": 90, "texture": "#0"},
				"up": {"uv": [0, 0, 4, 4], "rotation": 90, "texture": "#0"},
				"down": {"uv": [0, 0, 4, 4], "rotation": 90, "texture": "#0"}
			}
		},
		{
			"from": [-10, -1, 7],
			"to": [-8, 8, 9],
			"rotation": {"angle": 0, "axis": "z", "origin": [8, 8, 7]},
			"faces": {
				"north": {"uv": [0, 0, 16, 4], "rotation": 90, "texture": "#0"},
				"east": {"uv": [0, 0, 16, 4], "rotation": 90, "texture": "#0"},
				"south": {"uv": [0, 0, 16, 4], "rotation": 90, "texture": "#0"},
				"west": {"uv": [0, 0, 16, 4], "rotation": 90, "texture": "#0"},
				"up": {"uv": [0, 0, 4, 4], "rotation": 90, "texture": "#0"},
				"down": {"uv": [0, 0, 4, 4], "rotation": 90, "texture": "#0"}
			}
		},
		{
			"from": [-10, -10, 7],
			"to": [-8, -1, 9],
			"rotation": {"angle": 0, "axis": "z", "origin": [8, 8, 7]},
			"faces": {
				"north": {"uv": [0, 0, 16, 4], "rotation": 90, "texture": "#0"},
				"east": {"uv": [0, 0, 16, 4], "rotation": 90, "texture": "#0"},
				"south": {"uv": [0, 0, 16, 4], "rotation": 90, "texture": "#0"},
				"west": {"uv": [0, 0, 16, 4], "rotation": 90, "texture": "#0"},
				"up": {"uv": [0, 0, 4, 4], "rotation": 90, "texture": "#0"},
				"down": {"uv": [0, 0, 4, 4], "rotation": 90, "texture": "#0"}
			}
		},
		{
			"from": [16, -10, 7],
			"to": [24, -8, 9],
			"rotation": {"angle": 0, "axis": "z", "origin": [8, 8, 7]},
			"faces": {
				"north": {"uv": [0, 0, 16, 4], "texture": "#0"},
				"east": {"uv": [0, 0, 4, 4], "texture": "#0"},
				"south": {"uv": [0, 0, 16, 4], "texture": "#0"},
				"west": {"uv": [0, 0, 4, 4], "texture": "#0"},
				"up": {"uv": [0, 0, 16, 4], "texture": "#0"},
				"down": {"uv": [0, 0, 16, 4], "texture": "#0"}
			}
		},
		{
			"from": [8, -10, 7],
			"to": [16, -8, 9],
			"rotation": {"angle": 0, "axis": "z", "origin": [8, 8, 7]},
			"faces": {
				"north": {"uv": [0, 0, 16, 4], "texture": "#0"},
				"east": {"uv": [0, 0, 4, 4], "texture": "#0"},
				"south": {"uv": [0, 0, 16, 4], "texture": "#0"},
				"west": {"uv": [0, 0, 4, 4], "texture": "#0"},
				"up": {"uv": [0, 0, 16, 4], "texture": "#0"},
				"down": {"uv": [0, 0, 16, 4], "texture": "#0"}
			}
		},
		{
			"from": [0, -10, 7],
			"to": [8, -8, 9],
			"rotation": {"angle": 0, "axis": "z", "origin": [8, 8, 7]},
			"faces": {
				"north": {"uv": [0, 0, 16, 4], "texture": "#0"},
				"east": {"uv": [0, 0, 4, 4], "texture": "#0"},
				"south": {"uv": [0, 0, 16, 4], "texture": "#0"},
				"west": {"uv": [0, 0, 4, 4], "texture": "#0"},
				"up": {"uv": [0, 0, 16, 4], "texture": "#0"},
				"down": {"uv": [0, 0, 16, 4], "texture": "#0"}
			}
		},
		{
			"from": [-8, -10, 7],
			"to": [0, -8, 9],
			"rotation": {"angle": 0, "axis": "z", "origin": [8, 8, 7]},
			"faces": {
				"north": {"uv": [0, 0, 16, 4], "texture": "#0"},
				"east": {"uv": [0, 0, 4, 4], "texture": "#0"},
				"south": {"uv": [0, 0, 16, 4], "texture": "#0"},
				"west": {"uv": [0, 0, 4, 4], "texture": "#0"},
				"up": {"uv": [0, 0, 16, 4], "texture": "#0"},
				"down": {"uv": [0, 0, 16, 4], "texture": "#0"}
			}
		},
		{
			"from": [16, 24, 7],
			"to": [24, 26, 9],
			"rotation": {"angle": 0, "axis": "z", "origin": [8, 8, 7]},
			"faces": {
				"north": {"uv": [0, 0, 16, 4], "texture": "#0"},
				"east": {"uv": [0, 0, 4, 4], "texture": "#0"},
				"south": {"uv": [0, 0, 16, 4], "texture": "#0"},
				"west": {"uv": [0, 0, 4, 4], "texture": "#0"},
				"up": {"uv": [0, 0, 16, 4], "texture": "#0"},
				"down": {"uv": [0, 0, 16, 4], "texture": "#0"}
			}
		},
		{
			"from": [8, 24, 7],
			"to": [16, 26, 9],
			"rotation": {"angle": 0, "axis": "z", "origin": [8, 8, 7]},
			"faces": {
				"north": {"uv": [0, 0, 16, 4], "texture": "#0"},
				"east": {"uv": [0, 0, 4, 4], "texture": "#0"},
				"south": {"uv": [0, 0, 16, 4], "texture": "#0"},
				"west": {"uv": [0, 0, 4, 4], "texture": "#0"},
				"up": {"uv": [0, 0, 16, 4], "texture": "#0"},
				"down": {"uv": [0, 0, 16, 4], "texture": "#0"}
			}
		},
		{
			"from": [0, 24, 7],
			"to": [8, 26, 9],
			"rotation": {"angle": 0, "axis": "z", "origin": [8, 8, 7]},
			"faces": {
				"north": {"uv": [0, 0, 16, 4], "texture": "#0"},
				"east": {"uv": [0, 0, 4, 4], "texture": "#0"},
				"south": {"uv": [0, 0, 16, 4], "texture": "#0"},
				"west": {"uv": [0, 0, 4, 4], "texture": "#0"},
				"up": {"uv": [0, 0, 16, 4], "texture": "#0"},
				"down": {"uv": [0, 0, 16, 4], "texture": "#0"}
			}
		},
		{
			"from": [-8, 24, 7],
			"to": [0, 26, 9],
			"rotation": {"angle": 0, "axis": "z", "origin": [8, 8, 7]},
			"faces": {
				"north": {"uv": [0, 0, 16, 4], "texture": "#0"},
				"east": {"uv": [0, 0, 4, 4], "texture": "#0"},
				"south": {"uv": [0, 0, 16, 4], "texture": "#0"},
				"west": {"uv": [0, 0, 4, 4], "texture": "#0"},
				"up": {"uv": [0, 0, 16, 4], "texture": "#0"},
				"down": {"uv": [0, 0, 16, 4], "texture": "#0"}
			}
		}
	],
	"display": {
		"thirdperson_righthand": {
			"translation": [0, 3, 0],
			"scale": [0.2, 0.2, 0.2]
		},
		"thirdperson_lefthand": {
			"translation": [0, 3, 0],
			"scale": [0.2, 0.2, 0.2]
		},
		"firstperson_righthand": {
			"translation": [1.25, 2, 0],
			"scale": [0.2, 0.2, 0.2]
		},
		"firstperson_lefthand": {
			"translation": [1.25, 2, 0],
			"scale": [0.2, 0.2, 0.2]
		},
		"ground": {
			"scale": [0.2, 0.2, 0.2]
		},
		"gui": {
			"rotation": [30, 45, 0],
			"scale": [0.3, 0.3, 0.3]
		},
		"fixed": {
			"translation": [0, 0, -0.25],
			"scale": [2.7, 2.7, 2.7]
		}
	}
}