{
	"credit": "Made with Blockbench",
	"textures": {
		"0": "item/crossbow/smoke/1",
		"1": "item/crossbow/smoke/2",
		"3": "item/crossbow/smoke/4",
		"4": "item/crossbow/smoke/5",
		"5": "item/crossbow/smoke/6",
		"particle": "item/crossbow/smoke/1"
	},
	"elements": [
		{
			"from": [0, 0, 8],
			"to": [16, 16, 8],
			"rotation": {"angle": 0, "axis": "y", "origin": [8, 8, 8]},
			"faces": {
				"north": {"uv": [0, 0, 16, 16], "texture": "#0"},
				"east": {"uv": [0, 0, 0, 16], "texture": "#0"},
				"south": {"uv": [0, 0, 16, 16], "texture": "#0"},
				"west": {"uv": [0, 0, 0, 16], "texture": "#0"},
				"up": {"uv": [0, 0, 16, 0], "texture": "#0"},
				"down": {"uv": [0, 0, 16, 0], "texture": "#0"}
			}
		},
		{
			"from": [8, 0, 0],
			"to": [8, 16, 16],
			"rotation": {"angle": 0, "axis": "y", "origin": [8, 8, 8]},
			"faces": {
				"north": {"uv": [0, 0, 0, 16], "texture": "#1"},
				"east": {"uv": [0, 0, 16, 16], "texture": "#1"},
				"south": {"uv": [0, 0, 0, 16], "texture": "#1"},
				"west": {"uv": [0, 0, 16, 16], "texture": "#1"},
				"up": {"uv": [0, 0, 16, 0], "rotation": 90, "texture": "#1"},
				"down": {"uv": [0, 0, 16, 0], "rotation": 270, "texture": "#1"}
			}
		},
		{
			"from": [0, 8, 0],
			"to": [16, 8, 16],
			"rotation": {"angle": 45, "axis": "x", "origin": [8, 8, 8]},
			"faces": {
				"north": {"uv": [0, 0, 16, 0], "texture": "#4"},
				"east": {"uv": [0, 0, 0, 16], "rotation": 90, "texture": "#4"},
				"south": {"uv": [0, 0, 16, 0], "rotation": 180, "texture": "#4"},
				"west": {"uv": [0, 0, 0, 16], "rotation": 270, "texture": "#4"},
				"up": {"uv": [0, 0, 16, 16], "texture": "#4"},
				"down": {"uv": [0, 0, 16, 16], "rotation": 180, "texture": "#4"}
			}
		},
		{
			"from": [0, 8, 0],
			"to": [16, 8, 16],
			"rotation": {"angle": -45, "axis": "z", "origin": [8, 8, 8]},
			"faces": {
				"north": {"uv": [0, 0, 16, 0], "texture": "#3"},
				"east": {"uv": [0, 0, 0, 16], "rotation": 90, "texture": "#3"},
				"south": {"uv": [0, 0, 16, 0], "rotation": 180, "texture": "#3"},
				"west": {"uv": [0, 0, 0, 16], "rotation": 270, "texture": "#3"},
				"up": {"uv": [0, 0, 16, 16], "texture": "#3"},
				"down": {"uv": [0, 0, 16, 16], "rotation": 270, "texture": "#3"}
			}
		},
		{
			"from": [8, 0, 0],
			"to": [8, 16, 16],
			"rotation": {"angle": -45, "axis": "z", "origin": [8, 8, 8]},
			"faces": {
				"north": {"uv": [0, 0, 16, 0], "rotation": 270, "texture": "#5"},
				"east": {"uv": [0, 0, 16, 16], "texture": "#5"},
				"south": {"uv": [0, 0, 16, 0], "rotation": 270, "texture": "#5"},
				"west": {"uv": [0, 0, 16, 16], "rotation": 270, "texture": "#5"},
				"up": {"uv": [0, 0, 0, 16], "texture": "#5"},
				"down": {"uv": [0, 0, 0, 16], "rotation": 180, "texture": "#5"}
			}
		},
		{
			"from": [0, 0, 8],
			"to": [16, 16, 8],
			"rotation": {"angle": 45, "axis": "x", "origin": [8, 8, 8]},
			"faces": {
				"north": {"uv": [0, 0, 16, 16], "texture": "#3"},
				"east": {"uv": [0, 0, 0, 16], "texture": "#3"},
				"south": {"uv": [0, 0, 16, 16], "texture": "#3"},
				"west": {"uv": [0, 0, 0, 16], "texture": "#3"},
				"up": {"uv": [0, 0, 16, 0], "rotation": 180, "texture": "#3"},
				"down": {"uv": [0, 0, 16, 0], "rotation": 180, "texture": "#3"}
			}
		}
	],
	"gui_light": "front",
	"display": {
		"firstperson_righthand": {
			"rotation": [11.09, 50.51, 8.86],
			"translation": [-8.75, 8.25, 0.25],
			"scale": [2, 2, 2]
		},
		"firstperson_lefthand": {
			"rotation": [11.09, 50.51, 8.86],
			"translation": [-8.75, 8.25, 0.25],
			"scale": [2, 2, 2]
		},
		"ground": {
			"translation": [0, -5.25, 0],
			"scale": [4, 4, 4]
		},
		"gui": {
			"rotation": [3.39, 41.86, -35.01]
		},
		"head": {
			"rotation": [8.17, -41.77, 10.83],
			"scale": [4, 4, 4]
		},
		"fixed": {
			"rotation": [0.96, -26.64, 19.37]
		}
	}
}