{
	"credit": "Made with Blockbench",
	"textures": {
		"0": "item/gun/brass",
		"particle": "item/gun/brass"
	},
	"elements": [
		{
			"from": [7, 0, 4],
			"to": [9, 2, 12],
			"faces": {
				"north": {"uv": [8, 6, 10, 8], "texture": "#0"},
				"east": {"uv": [4, 1, 6, 9], "rotation": 270, "texture": "#0"},
				"south": {"uv": [8, 6, 10, 8], "texture": "#0"},
				"west": {"uv": [4, 1, 6, 9], "rotation": 270, "texture": "#0"},
				"up": {"uv": [4, 1, 6, 9], "texture": "#0"},
				"down": {"uv": [4, 1, 6, 9], "texture": "#0"}
			}
		}
	],
	"gui_light": "front",
	"display": {
		"thirdperson_righthand": {
			"translation": [0, 4.5, 1],
			"scale": [0.55, 0.55, 0.55]
		},
		"thirdperson_lefthand": {
			"translation": [0, 4.5, 1],
			"scale": [0.55, 0.55, 0.55]
		},
		"firstperson_righthand": {
			"rotation": [28, 0, 0],
			"translation": [0, 6, 3]
		},
		"firstperson_lefthand": {
			"rotation": [28, 0, 0],
			"translation": [0, 6, 3]
		},
		"ground": {
			"translation": [0, -0.5, 0],
			"scale": [0.25, 0.25, 0.25]
		},
		"gui": {
			"rotation": [-90, -45, 0]
		}
	}
}