{
	"credit": "Made with Blockbench",
	"textures": {
		"0": "item/gun/gray_plastic",
		"1": "item/gun/metal",
		"2": "item/gun/red",
		"3": "item/gun/lime",
		"particle": "item/gun/gray_plastic"
	},
	"elements": [
		{
			"from": [6.5, 7, 0],
			"to": [9.5, 9, 7],
			"rotation": {"angle": 0, "axis": "y", "origin": [0, 0, -7]},
			"faces": {
				"north": {"uv": [9, 8, 12, 10], "texture": "#1"},
				"east": {"uv": [3, 9, 10, 11], "texture": "#1"},
				"south": {"uv": [8, 9, 11, 11], "texture": "#1"},
				"west": {"uv": [3, 9, 10, 11], "texture": "#1"},
				"up": {"uv": [2, 8, 9, 11], "rotation": 90, "texture": "#1"},
				"down": {"uv": [3, 9, 10, 12], "rotation": 90, "texture": "#1"}
			}
		},
		{
			"from": [6.5, 7, 7],
			"to": [9.5, 9, 15],
			"rotation": {"angle": 0, "axis": "y", "origin": [0, 0, -7]},
			"faces": {
				"north": {"uv": [9, 7, 12, 9], "texture": "#1"},
				"east": {"uv": [3, 8, 11, 10], "texture": "#1"},
				"south": {"uv": [8, 7, 11, 9], "texture": "#1"},
				"west": {"uv": [4, 8, 12, 10], "texture": "#1"},
				"up": {"uv": [2, 7, 10, 10], "rotation": 90, "texture": "#1"},
				"down": {"uv": [3, 8, 11, 11], "rotation": 90, "texture": "#1"}
			}
		},
		{
			"from": [7, 6, 3],
			"to": [9, 8, 15],
			"rotation": {"angle": 0, "axis": "y", "origin": [0, 0, -7]},
			"faces": {
				"north": {"uv": [5, 11, 7, 13], "texture": "#1"},
				"east": {"uv": [2, 11, 14, 13], "texture": "#1"},
				"south": {"uv": [4, 12, 6, 14], "texture": "#1"},
				"west": {"uv": [1, 11, 13, 13], "texture": "#1"},
				"up": {"uv": [0, 11, 12, 13], "rotation": 90, "texture": "#1"},
				"down": {"uv": [1, 11, 13, 13], "rotation": 90, "texture": "#1"}
			}
		},
		{
			"from": [7, 7.5, -1],
			"to": [9, 10.5, 15],
			"rotation": {"angle": 0, "axis": "y", "origin": [0, 0, -7]},
			"faces": {
				"north": {"uv": [3, 7, 5, 10], "texture": "#1"},
				"east": {"uv": [0, 7, 16, 10], "texture": "#1"},
				"south": {"uv": [2, 8, 4, 11], "texture": "#1"},
				"west": {"uv": [0, 7, 16, 10], "texture": "#1"},
				"up": {"uv": [0, 7, 16, 9], "rotation": 90, "texture": "#1"},
				"down": {"uv": [0, 7, 16, 9], "rotation": 90, "texture": "#1"}
			}
		},
		{
			"from": [7, 7, 9],
			"to": [9, 8, 12],
			"rotation": {"angle": 0, "axis": "y", "origin": [0, 0, -7]},
			"faces": {
				"north": {"uv": [2, 3, 4, 4], "texture": "#0"},
				"east": {"uv": [2, 3, 5, 4], "texture": "#0"},
				"south": {"uv": [2, 3, 4, 4], "texture": "#0"},
				"west": {"uv": [2, 3, 5, 4], "texture": "#0"},
				"up": {"uv": [2, 3, 4, 6], "texture": "#0"},
				"down": {"uv": [2, 3, 4, 6], "texture": "#0"}
			}
		},
		{
			"from": [6.5, 9, 15],
			"to": [9.5, 11, 16],
			"rotation": {"angle": 0, "axis": "x", "origin": [0, 0, -7]},
			"faces": {
				"north": {"uv": [3, 5, 6, 7], "texture": "#0"},
				"east": {"uv": [3, 5, 4, 7], "texture": "#0"},
				"south": {"uv": [3, 5, 6, 7], "texture": "#0"},
				"west": {"uv": [4, 6, 5, 8], "texture": "#0"},
				"up": {"uv": [3, 5, 6, 6], "texture": "#0"},
				"down": {"uv": [3, 5, 6, 6], "texture": "#0"}
			}
		},
		{
			"from": [6, 6, 15],
			"to": [10, 9, 16],
			"rotation": {"angle": 0, "axis": "x", "origin": [0, 0, -7]},
			"faces": {
				"north": {"uv": [3, 5, 7, 8], "texture": "#0"},
				"east": {"uv": [3, 5, 4, 8], "texture": "#0"},
				"south": {"uv": [3, 5, 7, 8], "texture": "#0"},
				"west": {"uv": [4, 6, 5, 9], "texture": "#0"},
				"up": {"uv": [3, 5, 7, 6], "texture": "#0"},
				"down": {"uv": [3, 5, 7, 6], "texture": "#0"}
			}
		},
		{
			"from": [7, 10.5, -0.25],
			"to": [9, 11.3, 1.75],
			"rotation": {"angle": 0, "axis": "y", "origin": [0, 0, -7]},
			"faces": {
				"north": {"uv": [8, 5, 10, 6], "texture": "#0"},
				"east": {"uv": [1, 6, 3, 7], "texture": "#0"},
				"south": {"uv": [5, 5, 7, 6], "texture": "#0"},
				"west": {"uv": [1, 6, 3, 7], "texture": "#0"},
				"up": {"uv": [1, 6, 3, 8], "rotation": 90, "texture": "#0"},
				"down": {"uv": [1, 6, 3, 8], "rotation": 90, "texture": "#0"}
			}
		},
		{
			"from": [7.9, 11.86, 1.36681],
			"to": [8.1, 11.86, 1.61681],
			"rotation": {"angle": 45, "axis": "x", "origin": [7.9, 12.10714, 1.36681]},
			"faces": {
				"north": {"uv": [1, 6, 3, 7], "rotation": 270, "texture": "#0"},
				"east": {"uv": [1, 6, 3, 8], "rotation": 270, "texture": "#0"},
				"south": {"uv": [1, 6, 3, 7], "rotation": 90, "texture": "#0"},
				"west": {"uv": [1, 6, 3, 8], "rotation": 90, "texture": "#0"},
				"up": {"uv": [5, 5, 7, 6], "rotation": 90, "texture": "#2"},
				"down": {"uv": [8, 5, 10, 6], "rotation": 90, "texture": "#0"}
			}
		},
		{
			"from": [7, 10.5, 12.75],
			"to": [9, 11.3, 14.75],
			"rotation": {"angle": 0, "axis": "y", "origin": [0, 0, -7]},
			"faces": {
				"north": {"uv": [8, 5, 10, 6], "texture": "#0"},
				"east": {"uv": [1, 6, 3, 7], "texture": "#0"},
				"south": {"uv": [5, 5, 7, 6], "texture": "#0"},
				"west": {"uv": [1, 6, 3, 7], "texture": "#0"},
				"up": {"uv": [1, 6, 3, 8], "rotation": 90, "texture": "#0"},
				"down": {"uv": [1, 6, 3, 8], "rotation": 90, "texture": "#0"}
			}
		},
		{
			"from": [7.55, 11.5, 14.24],
			"to": [7.85, 12, 14.49],
			"rotation": {"angle": 0, "axis": "y", "origin": [0, 0, -7.25]},
			"faces": {
				"north": {"uv": [8, 5, 8.3, 5.5], "texture": "#0"},
				"east": {"uv": [1, 6, 1.25, 6.5], "texture": "#0"},
				"south": {"uv": [5, 5, 5.3, 5.5], "texture": "#0"},
				"west": {"uv": [1, 6, 1.25, 6.5], "texture": "#0"},
				"up": {"uv": [1, 6, 1.25, 6.3], "rotation": 90, "texture": "#0"},
				"down": {"uv": [1, 6, 1.25, 6.3], "rotation": 90, "texture": "#0"}
			}
		},
		{
			"from": [8.15, 11.5, 14.24],
			"to": [8.45, 12, 14.49],
			"rotation": {"angle": 0, "axis": "y", "origin": [0, 0, -7.25]},
			"faces": {
				"north": {"uv": [8, 5, 8.3, 5.5], "texture": "#0"},
				"east": {"uv": [1, 6, 1.25, 6.5], "texture": "#0"},
				"south": {"uv": [5, 5, 5.3, 5.5], "texture": "#0"},
				"west": {"uv": [1, 6, 1.25, 6.5], "texture": "#0"},
				"up": {"uv": [1, 6, 1.25, 6.3], "rotation": 90, "texture": "#0"},
				"down": {"uv": [1, 6, 1.25, 6.3], "rotation": 90, "texture": "#0"}
			}
		},
		{
			"from": [7.8, 11.55, 0.89],
			"to": [8.2, 12.3, 1.39],
			"rotation": {"angle": -45, "axis": "x", "origin": [8, 11.825, 1.615]},
			"faces": {
				"north": {"uv": [8, 5, 10, 6], "texture": "#0"},
				"east": {"uv": [1, 6, 3, 7], "texture": "#0"},
				"south": {"uv": [5, 5, 7, 6], "texture": "#0"},
				"west": {"uv": [1, 6, 3, 7], "texture": "#0"},
				"up": {"uv": [1, 6, 3, 8], "rotation": 90, "texture": "#0"},
				"down": {"uv": [1, 6, 3, 8], "rotation": 90, "texture": "#0"}
			}
		},
		{
			"from": [7.85, 11.5, 14.24],
			"to": [8.15, 11.8, 14.465],
			"rotation": {"angle": 0, "axis": "y", "origin": [0, 0, -7.25]},
			"faces": {
				"north": {"uv": [8, 5, 8.3, 5.3], "texture": "#0"},
				"east": {"uv": [1, 6, 1.225, 6.3], "texture": "#0"},
				"south": {"uv": [5, 5, 5.3, 5.3], "texture": "#0"},
				"west": {"uv": [1, 6, 1.225, 6.3], "texture": "#0"},
				"up": {"uv": [1, 6, 1.225, 6.3], "rotation": 90, "texture": "#0"},
				"down": {"uv": [1, 6, 1.225, 6.3], "rotation": 90, "texture": "#0"}
			}
		},
		{
			"from": [7.39393, 11.77322, 14.24],
			"to": [7.59393, 12.02322, 14.49],
			"rotation": {"angle": -45, "axis": "z", "origin": [7.44393, 11.82322, 14.365]},
			"faces": {
				"north": {"uv": [8, 5, 8.2, 5.25], "texture": "#0"},
				"east": {"uv": [1, 6, 1.25, 6.25], "texture": "#0"},
				"south": {"uv": [5, 5, 5.2, 5.25], "texture": "#0"},
				"west": {"uv": [1, 6, 1.25, 6.25], "texture": "#0"},
				"up": {"uv": [1, 6, 1.25, 6.2], "rotation": 90, "texture": "#0"},
				"down": {"uv": [1, 6, 1.25, 6.2], "rotation": 90, "texture": "#0"}
			}
		},
		{
			"from": [7.37322, 11.52322, 14.24],
			"to": [7.67322, 11.82322, 14.49],
			"rotation": {"angle": 0, "axis": "y", "origin": [-0.17678, -0.17678, -7.25]},
			"faces": {
				"north": {"uv": [8, 5, 8.3, 5.3], "texture": "#0"},
				"east": {"uv": [1, 6, 1.25, 6.3], "texture": "#0"},
				"south": {"uv": [5, 5, 5.3, 5.3], "texture": "#0"},
				"west": {"uv": [1, 6, 1.25, 6.3], "texture": "#0"},
				"up": {"uv": [1, 6, 1.25, 6.3], "rotation": 90, "texture": "#0"},
				"down": {"uv": [1, 6, 1.25, 6.3], "rotation": 90, "texture": "#0"}
			}
		},
		{
			"from": [8.32678, 11.52322, 14.24],
			"to": [8.62678, 11.82322, 14.49],
			"rotation": {"angle": 0, "axis": "y", "origin": [-0.12322, -0.17678, -7.25]},
			"faces": {
				"north": {"uv": [8, 5, 8.3, 5.3], "texture": "#0"},
				"east": {"uv": [1, 6, 1.25, 6.3], "texture": "#0"},
				"south": {"uv": [5, 5, 5.3, 5.3], "texture": "#0"},
				"west": {"uv": [1, 6, 1.25, 6.3], "texture": "#0"},
				"up": {"uv": [1, 6, 1.25, 6.3], "rotation": 90, "texture": "#0"},
				"down": {"uv": [1, 6, 1.25, 6.3], "rotation": 90, "texture": "#0"}
			}
		},
		{
			"from": [8.29393, 11.87322, 14.24],
			"to": [8.54393, 12.02322, 14.49],
			"rotation": {"angle": -45, "axis": "z", "origin": [8.34393, 11.82322, 14.365]},
			"faces": {
				"north": {"uv": [8, 5, 8.25, 5.15], "texture": "#0"},
				"east": {"uv": [1, 6, 1.25, 6.15], "texture": "#0"},
				"south": {"uv": [5, 5, 5.25, 5.15], "texture": "#0"},
				"west": {"uv": [1, 6, 1.25, 6.15], "texture": "#0"},
				"up": {"uv": [1, 6, 1.25, 6.25], "rotation": 90, "texture": "#0"},
				"down": {"uv": [1, 6, 1.25, 6.25], "rotation": 90, "texture": "#0"}
			}
		},
		{
			"from": [7.8, 11.10616, 0.65209],
			"to": [8.2, 11.85616, 0.90209],
			"rotation": {"angle": 22.5, "axis": "x", "origin": [8, 11.38116, 1.12709]},
			"faces": {
				"north": {"uv": [8, 5, 10, 6], "texture": "#0"},
				"east": {"uv": [1, 6, 3, 7], "texture": "#0"},
				"south": {"uv": [5, 5, 7, 6], "texture": "#0"},
				"west": {"uv": [1, 6, 3, 7], "texture": "#0"},
				"up": {"uv": [1, 6, 3, 8], "rotation": 90, "texture": "#0"},
				"down": {"uv": [1, 6, 3, 8], "rotation": 90, "texture": "#0"}
			}
		},
		{
			"from": [7.8, 11.25178, 0.87003],
			"to": [8.2, 12.00178, 1.12003],
			"rotation": {"angle": 0, "axis": "x", "origin": [8, 11.52678, 0.64503]},
			"faces": {
				"north": {"uv": [1, 6, 3, 8], "rotation": 270, "texture": "#0"},
				"east": {"uv": [1, 6, 3, 7], "rotation": 270, "texture": "#0"},
				"south": {"uv": [1, 6, 3, 8], "rotation": 90, "texture": "#0"},
				"west": {"uv": [1, 6, 3, 7], "rotation": 90, "texture": "#0"},
				"up": {"uv": [8, 5, 10, 6], "rotation": 180, "texture": "#0"},
				"down": {"uv": [5, 5, 7, 6], "texture": "#0"}
			}
		},
		{
			"from": [7.2, 11.3, 12.75],
			"to": [8.8, 11.5, 14.75],
			"rotation": {"angle": 0, "axis": "y", "origin": [0, 0, -7]},
			"faces": {
				"north": {"uv": [8, 5, 10, 6], "texture": "#0"},
				"east": {"uv": [1, 6, 3, 7], "texture": "#0"},
				"south": {"uv": [5, 5, 7, 6], "texture": "#0"},
				"west": {"uv": [1, 6, 3, 7], "texture": "#0"},
				"up": {"uv": [1, 6, 3, 8], "rotation": 90, "texture": "#0"},
				"down": {"uv": [1, 6, 3, 8], "rotation": 90, "texture": "#0"}
			}
		},
		{
			"from": [7.2, 11.3, -0.25],
			"to": [8.8, 11.5, 1.75],
			"rotation": {"angle": 0, "axis": "y", "origin": [0, 0, -7]},
			"faces": {
				"north": {"uv": [8, 5, 10, 6], "texture": "#0"},
				"east": {"uv": [1, 6, 3, 7], "texture": "#0"},
				"south": {"uv": [5, 5, 7, 6], "texture": "#0"},
				"west": {"uv": [1, 6, 3, 7], "texture": "#0"},
				"up": {"uv": [1, 6, 3, 8], "rotation": 90, "texture": "#0"},
				"down": {"uv": [1, 6, 3, 8], "rotation": 90, "texture": "#0"}
			}
		},
		{
			"from": [8.22426, 10.76005, -0.25],
			"to": [8.39926, 10.91005, 1.75],
			"rotation": {"angle": -45, "axis": "z", "origin": [9.22426, 10.51005, 0.75]},
			"faces": {
				"north": {"uv": [8, 5, 8.175, 5.15], "texture": "#0"},
				"east": {"uv": [1, 6, 3, 6.15], "texture": "#0"},
				"south": {"uv": [5, 5, 5.175, 5.15], "texture": "#0"},
				"west": {"uv": [1, 6, 3, 6.15], "texture": "#0"},
				"up": {"uv": [1, 6, 3, 6.175], "rotation": 90, "texture": "#0"},
				"down": {"uv": [1, 6, 3, 6.175], "rotation": 90, "texture": "#0"}
			}
		},
		{
			"from": [8.30052, 10.68379, -0.25],
			"to": [8.47552, 10.83379, 1.75],
			"rotation": {"angle": -45, "axis": "z", "origin": [9.30052, 10.43379, 0.75]},
			"faces": {
				"north": {"uv": [8, 5, 8.175, 5.15], "texture": "#0"},
				"east": {"uv": [1, 6, 3, 6.15], "texture": "#0"},
				"south": {"uv": [5, 5, 5.175, 5.15], "texture": "#0"},
				"west": {"uv": [1, 6, 3, 6.15], "texture": "#0"},
				"up": {"uv": [1, 6, 3, 6.175], "rotation": 90, "texture": "#0"},
				"down": {"uv": [1, 6, 3, 6.175], "rotation": 90, "texture": "#0"}
			}
		},
		{
			"from": [7.81077, 11.0172, -0.25],
			"to": [7.98577, 11.1672, 1.75],
			"rotation": {"angle": 45, "axis": "z", "origin": [7.19116, 10.3851, 0.75]},
			"faces": {
				"north": {"uv": [8, 5, 8.175, 5.15], "texture": "#0"},
				"east": {"uv": [1, 6, 3, 6.15], "texture": "#0"},
				"south": {"uv": [5, 5, 5.175, 5.15], "texture": "#0"},
				"west": {"uv": [1, 6, 3, 6.15], "texture": "#0"},
				"up": {"uv": [1, 6, 3, 6.175], "rotation": 90, "texture": "#0"},
				"down": {"uv": [1, 6, 3, 6.175], "rotation": 90, "texture": "#0"}
			}
		},
		{
			"from": [7.73451, 10.94095, -0.25],
			"to": [7.90951, 11.09095, 1.75],
			"rotation": {"angle": 45, "axis": "z", "origin": [7.1149, 10.30884, 0.75]},
			"faces": {
				"north": {"uv": [8, 5, 8.175, 5.15], "texture": "#0"},
				"east": {"uv": [1, 6, 3, 6.15], "texture": "#0"},
				"south": {"uv": [5, 5, 5.175, 5.15], "texture": "#0"},
				"west": {"uv": [1, 6, 3, 6.15], "texture": "#0"},
				"up": {"uv": [1, 6, 3, 6.175], "rotation": 90, "texture": "#0"},
				"down": {"uv": [1, 6, 3, 6.175], "rotation": 90, "texture": "#0"}
			}
		},
		{
			"from": [8.30052, 10.68379, 12.75],
			"to": [8.47552, 10.83379, 14.75],
			"rotation": {"angle": -45, "axis": "z", "origin": [9.30052, 10.43379, 13.75]},
			"faces": {
				"north": {"uv": [8, 5, 8.175, 5.15], "texture": "#0"},
				"east": {"uv": [1, 6, 3, 6.15], "texture": "#0"},
				"south": {"uv": [5, 5, 5.175, 5.15], "texture": "#0"},
				"west": {"uv": [1, 6, 3, 6.15], "texture": "#0"},
				"up": {"uv": [1, 6, 3, 6.175], "rotation": 90, "texture": "#0"},
				"down": {"uv": [1, 6, 3, 6.175], "rotation": 90, "texture": "#0"}
			}
		},
		{
			"from": [8.22426, 10.76005, 12.75],
			"to": [8.39926, 10.91005, 14.75],
			"rotation": {"angle": -45, "axis": "z", "origin": [9.22426, 10.51005, 13.75]},
			"faces": {
				"north": {"uv": [8, 5, 8.175, 5.15], "texture": "#0"},
				"east": {"uv": [1, 6, 3, 6.15], "texture": "#0"},
				"south": {"uv": [5, 5, 5.175, 5.15], "texture": "#0"},
				"west": {"uv": [1, 6, 3, 6.15], "texture": "#0"},
				"up": {"uv": [1, 6, 3, 6.175], "rotation": 90, "texture": "#0"},
				"down": {"uv": [1, 6, 3, 6.175], "rotation": 90, "texture": "#0"}
			}
		},
		{
			"from": [7.73451, 10.94095, 12.75],
			"to": [7.90951, 11.09095, 14.75],
			"rotation": {"angle": 45, "axis": "z", "origin": [7.1149, 10.30884, 13.75]},
			"faces": {
				"north": {"uv": [8, 5, 8.175, 5.15], "texture": "#0"},
				"east": {"uv": [1, 6, 3, 6.15], "texture": "#0"},
				"south": {"uv": [5, 5, 5.175, 5.15], "texture": "#0"},
				"west": {"uv": [1, 6, 3, 6.15], "texture": "#0"},
				"up": {"uv": [1, 6, 3, 6.175], "rotation": 90, "texture": "#0"},
				"down": {"uv": [1, 6, 3, 6.175], "rotation": 90, "texture": "#0"}
			}
		},
		{
			"from": [7.81077, 11.0172, 12.75],
			"to": [7.98577, 11.1672, 14.75],
			"rotation": {"angle": 45, "axis": "z", "origin": [7.19116, 10.3851, 13.75]},
			"faces": {
				"north": {"uv": [8, 5, 8.175, 5.15], "texture": "#0"},
				"east": {"uv": [1, 6, 3, 6.15], "texture": "#0"},
				"south": {"uv": [5, 5, 5.175, 5.15], "texture": "#0"},
				"west": {"uv": [1, 6, 3, 6.15], "texture": "#0"},
				"up": {"uv": [1, 6, 3, 6.175], "rotation": 90, "texture": "#0"},
				"down": {"uv": [1, 6, 3, 6.175], "rotation": 90, "texture": "#0"}
			}
		},
		{
			"from": [8.2, 11.8, 14.49],
			"to": [8.35, 11.95, 14.49],
			"rotation": {"angle": 0, "axis": "y", "origin": [0, 0, -7.25]},
			"faces": {
				"north": {"uv": [8, 5, 8.3, 5.5], "texture": "#3"},
				"east": {"uv": [1, 6, 1.25, 6.5], "texture": "#3"},
				"south": {"uv": [5, 5, 5.3, 5.5], "texture": "#3"},
				"west": {"uv": [1, 6, 1.25, 6.5], "texture": "#3"},
				"up": {"uv": [1, 6, 1.25, 6.3], "rotation": 90, "texture": "#3"},
				"down": {"uv": [1, 6, 1.25, 6.3], "rotation": 90, "texture": "#3"}
			}
		},
		{
			"from": [7.65, 11.8, 14.49],
			"to": [7.8, 11.95, 14.49],
			"rotation": {"angle": 0, "axis": "y", "origin": [0, 0, -7.25]},
			"faces": {
				"north": {"uv": [8, 5, 8.3, 5.5], "texture": "#3"},
				"east": {"uv": [1, 6, 1.25, 6.5], "texture": "#3"},
				"south": {"uv": [5, 5, 5.3, 5.5], "texture": "#3"},
				"west": {"uv": [1, 6, 1.25, 6.5], "texture": "#3"},
				"up": {"uv": [1, 6, 1.25, 6.3], "rotation": 90, "texture": "#3"},
				"down": {"uv": [1, 6, 1.25, 6.3], "rotation": 90, "texture": "#3"}
			}
		},
		{
			"from": [7, 10.5, 12.75],
			"to": [9, 11.5, 14.75],
			"rotation": {"angle": 0, "axis": "y", "origin": [0, 0, -7]},
			"faces": {
				"north": {"uv": [8, 5, 10, 6], "texture": "#0"},
				"east": {"uv": [1, 6, 3, 7], "texture": "#0"},
				"south": {"uv": [5, 5, 7, 6], "texture": "#0"},
				"west": {"uv": [1, 6, 3, 7], "texture": "#0"},
				"up": {"uv": [1, 6, 3, 8], "rotation": 90, "texture": "#0"},
				"down": {"uv": [1, 6, 3, 8], "rotation": 90, "texture": "#0"}
			}
		},
		{
			"from": [7, 10.5, -0.25],
			"to": [9, 11.5, 1.75],
			"rotation": {"angle": 0, "axis": "y", "origin": [0, 0, -7]},
			"faces": {
				"north": {"uv": [8, 5, 10, 6], "texture": "#0"},
				"east": {"uv": [1, 6, 3, 7], "texture": "#0"},
				"south": {"uv": [5, 5, 7, 6], "texture": "#0"},
				"west": {"uv": [1, 6, 3, 7], "texture": "#0"},
				"up": {"uv": [1, 6, 3, 8], "rotation": 90, "texture": "#0"},
				"down": {"uv": [1, 6, 3, 8], "rotation": 90, "texture": "#0"}
			}
		},
		{
			"from": [7.5, 6.75, 16],
			"to": [8.5, 7.75, 20],
			"rotation": {"angle": 0, "axis": "y", "origin": [0, 0, -7]},
			"faces": {
				"north": {"uv": [10, 11, 11, 12], "texture": "#1"},
				"east": {"uv": [4, 12, 8, 13], "texture": "#1"},
				"south": {"uv": [9, 11, 10, 12], "texture": "#1"},
				"west": {"uv": [5, 12, 9, 13], "texture": "#1"},
				"up": {"uv": [3, 11, 7, 12], "rotation": 90, "texture": "#1"},
				"down": {"uv": [4, 12, 8, 13], "rotation": 90, "texture": "#1"}
			}
		},
		{
			"from": [7.5, 6.75, 20],
			"to": [8.5, 7.75, 24],
			"rotation": {"angle": 0, "axis": "y", "origin": [0, 0, -7]},
			"faces": {
				"north": {"uv": [10, 11, 11, 12], "texture": "#1"},
				"east": {"uv": [4, 12, 8, 13], "texture": "#1"},
				"south": {"uv": [9, 11, 10, 12], "texture": "#1"},
				"west": {"uv": [5, 12, 9, 13], "texture": "#1"},
				"up": {"uv": [3, 11, 7, 12], "rotation": 90, "texture": "#1"},
				"down": {"uv": [4, 12, 8, 13], "rotation": 90, "texture": "#1"}
			}
		},
		{
			"from": [6.5, 5.75, 24],
			"to": [9.5, 8.75, 25],
			"rotation": {"angle": 0, "axis": "y", "origin": [0, 0, -7]},
			"faces": {
				"north": {"uv": [0, 0, 3, 3], "texture": "#0"},
				"east": {"uv": [0, 0, 1, 3], "texture": "#0"},
				"south": {"uv": [0, 0, 3, 3], "texture": "#0"},
				"west": {"uv": [0, 0, 1, 3], "texture": "#0"},
				"up": {"uv": [0, 0, 3, 1], "texture": "#0"},
				"down": {"uv": [0, 0, 3, 1], "texture": "#0"}
			}
		},
		{
			"from": [7, 1.75, 24],
			"to": [9, 5.75, 25],
			"rotation": {"angle": 0, "axis": "y", "origin": [0, 0, -7]},
			"faces": {
				"north": {"uv": [0, 0, 2, 4], "texture": "#0"},
				"east": {"uv": [0, 0, 1, 4], "texture": "#0"},
				"south": {"uv": [0, 0, 2, 4], "texture": "#0"},
				"west": {"uv": [0, 0, 1, 4], "texture": "#0"},
				"up": {"uv": [0, 0, 2, 1], "texture": "#0"},
				"down": {"uv": [0, 0, 2, 1], "texture": "#0"}
			}
		},
		{
			"from": [7, 7.5, -2],
			"to": [9, 10.5, -1],
			"rotation": {"angle": 0, "axis": "x", "origin": [8, 9, -1]},
			"faces": {
				"north": {"uv": [8, 5, 10, 6], "texture": "#0"},
				"east": {"uv": [1, 6, 3, 7], "texture": "#0"},
				"south": {"uv": [5, 5, 7, 6], "texture": "#0"},
				"west": {"uv": [1, 6, 3, 7], "texture": "#0"},
				"up": {"uv": [1, 6, 3, 8], "rotation": 90, "texture": "#0"},
				"down": {"uv": [1, 6, 3, 8], "rotation": 90, "texture": "#0"}
			}
		},
		{
			"from": [7.5, 8.75, -6],
			"to": [8.5, 9.75, -2],
			"rotation": {"angle": 0, "axis": "y", "origin": [0, 0, -7]},
			"faces": {
				"north": {"uv": [9, 7, 10, 8], "texture": "#1"},
				"east": {"uv": [3, 8, 7, 9], "texture": "#1"},
				"south": {"uv": [8, 7, 9, 8], "texture": "#1"},
				"west": {"uv": [4, 8, 8, 9], "texture": "#1"},
				"up": {"uv": [2, 7, 6, 8], "rotation": 90, "texture": "#1"},
				"down": {"uv": [3, 8, 7, 9], "rotation": 90, "texture": "#1"}
			}
		},
		{
			"from": [7.5, 1.5, 2.9],
			"to": [8.5, 3.5, 3.9],
			"rotation": {"angle": -22.5, "axis": "x", "origin": [0, 0, -7]},
			"faces": {
				"north": {"uv": [1, 2, 2, 4], "texture": "#0"},
				"east": {"uv": [1, 2, 2, 4], "texture": "#0"},
				"south": {"uv": [1, 2, 2, 4], "texture": "#0"},
				"west": {"uv": [1, 2, 2, 4], "texture": "#0"},
				"up": {"uv": [1, 2, 2, 3], "texture": "#0"},
				"down": {"uv": [1, 2, 2, 3], "texture": "#0"}
			}
		},
		{
			"from": [7.5, 4.25, 1.4],
			"to": [8.5, 6.25, 5.4],
			"rotation": {"angle": 0, "axis": "y", "origin": [0, 0, -7]},
			"faces": {
				"north": {"uv": [1, 2, 2, 4], "texture": "#0"},
				"east": {"uv": [1, 2, 5, 4], "texture": "#0"},
				"south": {"uv": [1, 2, 2, 4], "texture": "#0"},
				"west": {"uv": [1, 2, 5, 4], "texture": "#0"},
				"up": {"uv": [1, 2, 2, 6], "texture": "#0"},
				"down": {"uv": [1, 2, 2, 6], "texture": "#0"}
			}
		},
		{
			"from": [7.5, 1.3952, 9.41218],
			"to": [8.5, 6.3952, 11.41218],
			"rotation": {"angle": 0, "axis": "x", "origin": [0, -3.2548, 4.46218]},
			"faces": {
				"north": {"uv": [1, 7, 2, 12], "texture": "#1"},
				"east": {"uv": [0, 7, 2, 12], "texture": "#1"},
				"south": {"uv": [2, 7, 3, 12], "texture": "#1"},
				"west": {"uv": [0, 7, 2, 12], "texture": "#1"},
				"up": {"uv": [5, 10, 7, 11], "rotation": 90, "texture": "#1"},
				"down": {"uv": [5, 12, 7, 13], "rotation": 90, "texture": "#1"}
			}
		},
		{
			"from": [7.5, 2.40881, 8.16174],
			"to": [8.5, 4.40881, 10.16174],
			"rotation": {"angle": 22.5, "axis": "x", "origin": [0, -0.24119, 3.21174]},
			"faces": {
				"north": {"uv": [1, 12, 2, 14], "texture": "#1"},
				"east": {"uv": [3, 12, 5, 14], "texture": "#1"},
				"south": {"uv": [2, 12, 3, 14], "texture": "#1"},
				"west": {"uv": [0, 12, 2, 14], "texture": "#1"},
				"up": {"uv": [5, 11, 7, 12], "rotation": 90, "texture": "#1"},
				"down": {"uv": [5, 13, 7, 14], "rotation": 90, "texture": "#1"}
			}
		},
		{
			"from": [7.5, 4.25, 5.675],
			"to": [8.5, 6.25, 5.675],
			"rotation": {"angle": 0, "axis": "y", "origin": [0, 0, -7]},
			"faces": {
				"north": {"uv": [1, 1, 2, 3], "texture": "#0"},
				"east": {"uv": [1, 1, 1, 3], "texture": "#0"},
				"south": {"uv": [1, 1, 2, 3], "texture": "#0"},
				"west": {"uv": [1, 1, 1, 3], "texture": "#0"},
				"up": {"uv": [1, 1, 2, 1], "texture": "#0"},
				"down": {"uv": [1, 1, 2, 1], "texture": "#0"}
			}
		},
		{
			"from": [7.5, 4.25, 5.675],
			"to": [8.5, 4.25, 8.675],
			"rotation": {"angle": 0, "axis": "y", "origin": [0, 0, -7]},
			"faces": {
				"north": {"uv": [1, 1, 2, 1], "texture": "#0"},
				"east": {"uv": [1, 1, 4, 1], "texture": "#0"},
				"south": {"uv": [1, 1, 2, 1], "texture": "#0"},
				"west": {"uv": [1, 1, 4, 1], "texture": "#0"},
				"up": {"uv": [1, 1, 2, 4], "texture": "#0"},
				"down": {"uv": [1, 1, 2, 4], "texture": "#0"}
			}
		},
		{
			"from": [7.01, 1, 8.65],
			"to": [9.01, 7, 11.65],
			"rotation": {"angle": 0, "axis": "x", "origin": [0, 0, -7]},
			"faces": {
				"north": {"uv": [0, 0, 2, 6], "texture": "#0"},
				"east": {"uv": [0, 0, 3, 6], "texture": "#0"},
				"south": {"uv": [0, 0, 2, 6], "texture": "#0"},
				"west": {"uv": [1, 1, 4, 7], "texture": "#0"},
				"up": {"uv": [0, 0, 2, 3], "texture": "#0"},
				"down": {"uv": [0, 0, 2, 3], "texture": "#0"}
			}
		}
	],
	"gui_light": "front",
	"display": {
		"thirdperson_righthand": {
			"translation": [0, 1.5, 0.5],
			"scale": [0.35, 0.35, 0.35]
		},
		"thirdperson_lefthand": {
			"translation": [0, 1.5, 0.5],
			"scale": [0.35, 0.35, 0.35]
		},
		"firstperson_righthand": {
			"rotation": [0, -10, 0],
			"translation": [0.9, 15.5, 2.25],
			"scale": [0.6, 0.6, 0.6]
		},
		"firstperson_lefthand": {
			"rotation": [0, -10, 0],
			"translation": [0.95, 15.5, 2.25],
			"scale": [0.6, 0.6, 0.6]
		},
		"ground": {
			"scale": [0.4, 0.4, 0.4]
		},
		"gui": {
			"rotation": [90, 45, -90],
			"translation": [-1, 1.25, 0],
			"scale": [0.45, 0.45, 0.45]
		},
		"fixed": {
			"scale": [0.6, 0.6, 0.6]
		}
	},
	"groups": [
		{
			"name": "body",
			"origin": [0, 0, -7.25],
			"color": 0,
			"nbt": "{}",
			"children": [0, 1, 2, 3, 4, 5, 6]
		},
		{
			"name": "sight@attach",
			"origin": [0, 0, -7.25],
			"color": 0,
			"nbt": "{}",
			"children": [
				{
					"name": "default@name",
					"origin": [0, 0, -7.25],
					"color": 0,
					"nbt": "{}",
					"children": [
						{
							"name": "peep@state",
							"origin": [0, 0, -7.25],
							"color": 0,
							"nbt": "{}",
							"children": [7, 8, 9, 10, 11, 12, 13, 14, 15, 16, 17, 18, 19, 20, 21, 22, 23, 24, 25, 26, 27, 28, 29, 30, 31]
						},
						32,
						33
					]
				}
			]
		},
		{
			"name": "stock@attach",
			"origin": [0, 0, -7],
			"color": 0,
			"nbt": "{}",
			"children": [
				{
					"name": "default@name",
					"origin": [0, 0, -7],
					"color": 0,
					"nbt": "{}",
					"children": [34, 35, 36, 37]
				}
			]
		},
		{
			"name": "barrel@attach",
			"origin": [8, 8, 8],
			"color": 0,
			"nbt": "{}",
			"children": [
				{
					"name": "default@name",
					"origin": [0, 0, -7],
					"color": 0,
					"nbt": "{}",
					"children": [38, 39]
				}
			]
		},
		{
			"name": "underbarrel@attach",
			"origin": [8, 8, 8],
			"color": 0,
			"nbt": "{}",
			"children": [
				{
					"name": "default@name",
					"origin": [0, 0, -7],
					"color": 0,
					"nbt": "{}",
					"children": [40, 41]
				}
			]
		},
		{
			"name": "magazine@attach",
			"origin": [8, 8, 8],
			"color": 0,
			"nbt": "{}",
			"children": [
				{
					"name": "default@name",
					"origin": [0, -0.24119, 3.21174],
					"color": 0,
					"nbt": "{}",
					"children": [42, 43]
				}
			]
		},
		{
			"name": "grip@attach",
			"origin": [0, 0, -7],
			"color": 0,
			"nbt": "{}",
			"children": [
				{
					"name": "default@name",
					"origin": [0, 0, -7],
					"color": 0,
					"nbt": "{}",
					"children": [44, 45, 46]
				}
			]
		}
	]
}