{
	"credit": "Made with Blockbench",
	"textures": {
		"0": "item/gun/gray_plastic",
		"1": "item/gun/metal",
		"particle": "item/gun/gray_plastic"
	},
	"elements": [
		{
			"from": [6.5, 8, 7],
			"to": [9.5, 10, 18],
			"faces": {
				"north": {"uv": [9, 6, 12, 8], "texture": "#1"},
				"east": {"uv": [3, 7, 14, 9], "texture": "#1"},
				"south": {"uv": [8, 7, 11, 9], "texture": "#1"},
				"west": {"uv": [3, 7, 14, 9], "texture": "#1"},
				"up": {"uv": [2, 6, 13, 9], "rotation": 90, "texture": "#1"},
				"down": {"uv": [3, 7, 14, 10], "rotation": 90, "texture": "#1"}
			}
		},
		{
			"from": [6.5, 7.25, 21],
			"to": [9.5, 10.25, 22],
			"faces": {
				"north": {"uv": [9, 1, 12, 4], "texture": "#1"},
				"east": {"uv": [3, 2, 4, 5], "texture": "#1"},
				"south": {"uv": [8, 1, 11, 4], "texture": "#1"},
				"west": {"uv": [4, 2, 5, 5], "texture": "#1"},
				"up": {"uv": [2, 1, 3, 4], "rotation": 90, "texture": "#1"},
				"down": {"uv": [3, 2, 4, 5], "rotation": 90, "texture": "#1"}
			}
		},
		{
			"from": [7, 10.25, 21],
			"to": [9, 11.25, 22],
			"faces": {
				"north": {"uv": [3, 3, 5, 4], "texture": "#1"},
				"east": {"uv": [3, 2, 4, 3], "texture": "#1"},
				"south": {"uv": [2, 3, 4, 4], "texture": "#1"},
				"west": {"uv": [3, 2, 4, 3], "texture": "#1"},
				"up": {"uv": [3, 0, 4, 2], "rotation": 90, "texture": "#1"},
				"down": {"uv": [3, 4, 4, 6], "rotation": 90, "texture": "#1"}
			}
		},
		{
			"from": [7, 8.5, -1],
			"to": [9, 10.5, 7],
			"faces": {
				"north": {"uv": [0, 0, 2, 2], "texture": "#0"},
				"east": {"uv": [0, 0, 8, 2], "texture": "#0"},
				"south": {"uv": [0, 0, 2, 2], "texture": "#0"},
				"west": {"uv": [0, 0, 8, 2], "texture": "#0"},
				"up": {"uv": [0, 0, 2, 8], "texture": "#0"},
				"down": {"uv": [0, 0, 2, 8], "texture": "#0"}
			}
		},
		{
			"from": [7, 7.5, 3],
			"to": [9, 8.5, 7],
			"faces": {
				"north": {"uv": [2, 2, 4, 3], "texture": "#0"},
				"east": {"uv": [2, 2, 6, 3], "texture": "#0"},
				"south": {"uv": [2, 2, 4, 3], "texture": "#0"},
				"west": {"uv": [2, 2, 6, 3], "texture": "#0"},
				"up": {"uv": [2, 2, 4, 6], "texture": "#0"},
				"down": {"uv": [2, 2, 4, 6], "texture": "#0"}
			}
		},
		{
			"from": [7, 6, 10],
			"to": [9, 8, 16],
			"faces": {
				"north": {"uv": [0, 0, 2, 2], "texture": "#0"},
				"east": {"uv": [0, 0, 6, 2], "texture": "#0"},
				"south": {"uv": [0, 0, 2, 2], "texture": "#0"},
				"west": {"uv": [0, 0, 6, 2], "texture": "#0"},
				"up": {"uv": [0, 0, 2, 6], "texture": "#0"},
				"down": {"uv": [0, 0, 2, 6], "texture": "#0"}
			}
		},
		{
			"from": [7, 7, 16],
			"to": [9, 8, 18],
			"faces": {
				"north": {"uv": [0, 0, 2, 1], "texture": "#0"},
				"east": {"uv": [0, 0, 2, 1], "texture": "#0"},
				"south": {"uv": [0, 0, 2, 1], "texture": "#0"},
				"west": {"uv": [0, 0, 2, 1], "texture": "#0"},
				"up": {"uv": [0, 0, 2, 2], "texture": "#0"},
				"down": {"uv": [0, 0, 2, 2], "texture": "#0"}
			}
		},
		{
			"from": [7.5, 8.17912, 4.60167],
			"to": [8.5, 10.17912, 7.60167],
			"rotation": {"angle": 22.5, "axis": "x", "origin": [-1, -0.32088, 3.70167]},
			"faces": {
				"north": {"uv": [1, 5, 2, 7], "texture": "#1"},
				"east": {"uv": [3, 6, 6, 8], "texture": "#1"},
				"south": {"uv": [2, 5, 3, 7], "texture": "#1"},
				"west": {"uv": [0, 5, 3, 7], "texture": "#1"},
				"up": {"uv": [5, 5, 7, 7], "rotation": 90, "texture": "#1"},
				"down": {"uv": [5, 7, 7, 9], "rotation": 90, "texture": "#1"}
			}
		},
		{
			"from": [7.5, 10, 7],
			"to": [8.5, 11, 19],
			"faces": {
				"north": {"uv": [8, 5, 9, 6], "texture": "#1"},
				"east": {"uv": [2, 5, 14, 6], "texture": "#1"},
				"south": {"uv": [5, 5, 6, 6], "texture": "#1"},
				"west": {"uv": [4, 5, 16, 6], "texture": "#1"},
				"up": {"uv": [1, 3, 13, 4], "rotation": 90, "texture": "#1"},
				"down": {"uv": [3, 6, 15, 7], "rotation": 90, "texture": "#1"}
			}
		},
		{
			"from": [7.5, 10, -2],
			"to": [8.5, 11, 7],
			"faces": {
				"north": {"uv": [11, 4, 12, 5], "texture": "#1"},
				"east": {"uv": [5, 4, 14, 5], "texture": "#1"},
				"south": {"uv": [5, 4, 6, 5], "texture": "#1"},
				"west": {"uv": [3, 4, 12, 5], "texture": "#1"},
				"up": {"uv": [3, 3, 12, 4], "rotation": 90, "texture": "#1"},
				"down": {"uv": [4, 5, 13, 6], "rotation": 90, "texture": "#1"}
			}
		},
		{
			"from": [7.5, 8.75, -2],
			"to": [8.5, 9.75, -1],
			"faces": {
				"north": {"uv": [12, 5, 13, 6], "texture": "#1"},
				"east": {"uv": [6, 6, 7, 7], "texture": "#1"},
				"south": {"uv": [11, 5, 12, 6], "texture": "#1"},
				"west": {"uv": [7, 6, 8, 7], "texture": "#1"},
				"up": {"uv": [5, 5, 6, 6], "rotation": 90, "texture": "#1"},
				"down": {"uv": [6, 6, 7, 7], "rotation": 90, "texture": "#1"}
			}
		},
		{
			"from": [7, 10.25, 18],
			"to": [9, 11.25, 21],
			"faces": {
				"north": {"uv": [3, 7, 5, 8], "texture": "#1"},
				"east": {"uv": [3, 6, 6, 7], "texture": "#1"},
				"south": {"uv": [2, 7, 4, 8], "texture": "#1"},
				"west": {"uv": [3, 6, 6, 7], "texture": "#1"},
				"up": {"uv": [3, 4, 6, 6], "rotation": 90, "texture": "#1"},
				"down": {"uv": [3, 8, 6, 10], "rotation": 90, "texture": "#1"}
			}
		},
		{
			"from": [6.5, 7.25, 18],
			"to": [9.5, 10.25, 21],
			"faces": {
				"north": {"uv": [9, 5, 12, 8], "texture": "#1"},
				"east": {"uv": [3, 6, 6, 9], "texture": "#1"},
				"south": {"uv": [8, 5, 11, 8], "texture": "#1"},
				"west": {"uv": [4, 6, 7, 9], "texture": "#1"},
				"up": {"uv": [2, 5, 5, 8], "rotation": 90, "texture": "#1"},
				"down": {"uv": [3, 6, 6, 9], "rotation": 90, "texture": "#1"}
			}
		},
		{
			"from": [7.01, 11.17074, 15.61522],
			"to": [7.21, 12.17074, 17.31522],
			"rotation": {"angle": -22.5, "axis": "x", "origin": [8, 11.67074, 16.61522]},
			"faces": {
				"north": {"uv": [3, 9, 3.2, 10], "texture": "#1"},
				"east": {"uv": [3, 8, 4.7, 9], "texture": "#1"},
				"south": {"uv": [2, 9, 2.2, 10], "texture": "#1"},
				"west": {"uv": [3, 8, 4.7, 9], "texture": "#1"},
				"up": {"uv": [3, 6, 4.7, 6.2], "rotation": 90, "texture": "#1"},
				"down": {"uv": [3, 10, 4.7, 10.2], "rotation": 90, "texture": "#1"}
			}
		},
		{
			"from": [7.4, 11.75, 15.9],
			"to": [7.6, 12.35, 16.5],
			"rotation": {"angle": 0, "axis": "y", "origin": [0, 0.5, 0]},
			"faces": {
				"north": {"uv": [8, 8, 8.2, 8.6], "texture": "#1"},
				"east": {"uv": [8, 7, 8.6, 7.6], "texture": "#1"},
				"south": {"uv": [7, 8, 7.2, 8.6], "texture": "#1"},
				"west": {"uv": [8, 7, 8.6, 7.6], "texture": "#1"},
				"up": {"uv": [8, 5, 8.6, 5.2], "rotation": 90, "texture": "#1"},
				"down": {"uv": [8, 9, 8.6, 9.2], "rotation": 90, "texture": "#1"}
			}
		},
		{
			"from": [8.79, 11.17074, 15.61522],
			"to": [8.99, 12.17074, 17.31522],
			"rotation": {"angle": -22.5, "axis": "x", "origin": [8, 11.67074, 16.61522]},
			"faces": {
				"north": {"uv": [3, 9, 3.2, 10], "texture": "#1"},
				"east": {"uv": [3, 8, 4.7, 9], "texture": "#1"},
				"south": {"uv": [2, 9, 2.2, 10], "texture": "#1"},
				"west": {"uv": [3, 8, 4.7, 9], "texture": "#1"},
				"up": {"uv": [3, 6, 4.7, 6.2], "rotation": 90, "texture": "#1"},
				"down": {"uv": [3, 10, 4.7, 10.2], "rotation": 90, "texture": "#1"}
			}
		},
		{
			"from": [8.4, 11.75, 15.9],
			"to": [8.6, 12.35, 16.5],
			"rotation": {"angle": 0, "axis": "y", "origin": [0, 0.5, 0]},
			"faces": {
				"north": {"uv": [8, 8, 8.2, 8.6], "texture": "#1"},
				"east": {"uv": [8, 7, 8.6, 7.6], "texture": "#1"},
				"south": {"uv": [7, 8, 7.2, 8.6], "texture": "#1"},
				"west": {"uv": [8, 7, 8.6, 7.6], "texture": "#1"},
				"up": {"uv": [8, 5, 8.6, 5.2], "rotation": 90, "texture": "#1"},
				"down": {"uv": [8, 9, 8.6, 9.2], "rotation": 90, "texture": "#1"}
			}
		},
		{
			"from": [7.6, 11.75, 16.9],
			"to": [7.9, 12.45, 17.1],
			"rotation": {"angle": 0, "axis": "y", "origin": [0, 0.5, 0]},
			"faces": {
				"north": {"uv": [8, 8, 8.3, 8.7], "texture": "#1"},
				"east": {"uv": [8, 7, 8.2, 7.7], "texture": "#1"},
				"south": {"uv": [7, 8, 7.3, 8.7], "texture": "#1"},
				"west": {"uv": [8, 7, 8.2, 7.7], "texture": "#1"},
				"up": {"uv": [8, 5, 8.2, 5.3], "rotation": 90, "texture": "#1"},
				"down": {"uv": [8, 9, 8.2, 9.3], "rotation": 90, "texture": "#1"}
			}
		},
		{
			"from": [7.6, 11.75, 15.9],
			"to": [8.4, 12.25, 16.1],
			"rotation": {"angle": 0, "axis": "y", "origin": [0, 0.5, 0]},
			"faces": {
				"north": {"uv": [8, 8, 8.8, 8.5], "texture": "#1"},
				"east": {"uv": [8, 7, 8.2, 7.5], "texture": "#1"},
				"south": {"uv": [7, 8, 7.8, 8.5], "texture": "#1"},
				"west": {"uv": [8, 7, 8.2, 7.5], "texture": "#1"},
				"up": {"uv": [8, 5, 8.2, 5.8], "rotation": 90, "texture": "#1"},
				"down": {"uv": [8, 9, 8.2, 9.8], "rotation": 90, "texture": "#1"}
			}
		},
		{
			"from": [8.4, 11.75, 16.5],
			"to": [8.6, 12.45, 17.1],
			"rotation": {"angle": 0, "axis": "y", "origin": [0, 0.5, 0]},
			"faces": {
				"north": {"uv": [8, 8, 8.2, 8.7], "texture": "#1"},
				"east": {"uv": [8, 7, 8.6, 7.7], "texture": "#1"},
				"south": {"uv": [7, 8, 7.2, 8.7], "texture": "#1"},
				"west": {"uv": [8, 7, 8.6, 7.7], "texture": "#1"},
				"up": {"uv": [8, 5, 8.6, 5.2], "rotation": 90, "texture": "#1"},
				"down": {"uv": [8, 9, 8.6, 9.2], "rotation": 90, "texture": "#1"}
			}
		},
		{
			"from": [7.4, 11.75, 16.5],
			"to": [7.6, 12.45, 17.1],
			"rotation": {"angle": 0, "axis": "y", "origin": [0, 0.5, 0]},
			"faces": {
				"north": {"uv": [8, 8, 8.2, 8.7], "texture": "#1"},
				"east": {"uv": [8, 7, 8.6, 7.7], "texture": "#1"},
				"south": {"uv": [7, 8, 7.2, 8.7], "texture": "#1"},
				"west": {"uv": [8, 7, 8.6, 7.7], "texture": "#1"},
				"up": {"uv": [8, 5, 8.6, 5.2], "rotation": 90, "texture": "#1"},
				"down": {"uv": [8, 9, 8.6, 9.2], "rotation": 90, "texture": "#1"}
			}
		},
		{
			"from": [8.1, 11.75, 16.9],
			"to": [8.4, 12.45, 17.1],
			"rotation": {"angle": 0, "axis": "y", "origin": [0, 0.5, 0]},
			"faces": {
				"north": {"uv": [8, 8, 8.3, 8.7], "texture": "#1"},
				"east": {"uv": [8, 7, 8.2, 7.7], "texture": "#1"},
				"south": {"uv": [7, 8, 7.3, 8.7], "texture": "#1"},
				"west": {"uv": [8, 7, 8.2, 7.7], "texture": "#1"},
				"up": {"uv": [8, 5, 8.2, 5.3], "rotation": 90, "texture": "#1"},
				"down": {"uv": [8, 9, 8.2, 9.3], "rotation": 90, "texture": "#1"}
			}
		},
		{
			"from": [7.9, 11.75, 16.9],
			"to": [8.1, 12.25, 17.1],
			"rotation": {"angle": 0, "axis": "y", "origin": [0, 0.5, 0]},
			"faces": {
				"north": {"uv": [8, 8, 8.2, 8.5], "texture": "#1"},
				"east": {"uv": [8, 7, 8.2, 7.5], "texture": "#1"},
				"south": {"uv": [7, 8, 7.2, 8.5], "texture": "#1"},
				"west": {"uv": [8, 7, 8.2, 7.5], "texture": "#1"},
				"up": {"uv": [8, 5, 8.2, 5.2], "rotation": 90, "texture": "#1"},
				"down": {"uv": [8, 9, 8.2, 9.2], "rotation": 90, "texture": "#1"}
			}
		},
		{
			"from": [7, 10.75, 15.5],
			"to": [9, 11.75, 17.5],
			"faces": {
				"north": {"uv": [5, 9, 7, 10], "texture": "#1"},
				"east": {"uv": [5, 8, 7, 9], "texture": "#1"},
				"south": {"uv": [4, 9, 6, 10], "texture": "#1"},
				"west": {"uv": [5, 8, 7, 9], "texture": "#1"},
				"up": {"uv": [5, 6, 7, 8], "rotation": 90, "texture": "#1"},
				"down": {"uv": [5, 10, 7, 12], "rotation": 90, "texture": "#1"}
			}
		},
		{
			"from": [7, 10.25, 15.5],
			"to": [9, 11.25, 17.5],
			"faces": {
				"north": {"uv": [5, 9, 7, 10], "texture": "#1"},
				"east": {"uv": [5, 8, 7, 9], "texture": "#1"},
				"south": {"uv": [4, 9, 6, 10], "texture": "#1"},
				"west": {"uv": [5, 8, 7, 9], "texture": "#1"},
				"up": {"uv": [5, 6, 7, 8], "rotation": 90, "texture": "#1"},
				"down": {"uv": [5, 10, 7, 12], "rotation": 90, "texture": "#1"}
			}
		},
		{
			"from": [7, 4.25, 12.675],
			"to": [9, 6.25, 12.675],
			"faces": {
				"north": {"uv": [0, 0, 2, 2], "texture": "#0"},
				"east": {"uv": [0, 0, 0, 2], "texture": "#0"},
				"south": {"uv": [0, 0, 2, 2], "texture": "#0"},
				"west": {"uv": [0, 0, 0, 2], "texture": "#0"},
				"up": {"uv": [0, 0, 2, 0], "texture": "#0"},
				"down": {"uv": [0, 0, 2, 0], "texture": "#0"}
			}
		},
		{
			"from": [7, 4.25, 12.675],
			"to": [9, 4.25, 15.675],
			"faces": {
				"north": {"uv": [0, 0, 2, 0], "texture": "#0"},
				"east": {"uv": [0, 0, 3, 0], "texture": "#0"},
				"south": {"uv": [0, 0, 2, 0], "texture": "#0"},
				"west": {"uv": [0, 0, 3, 0], "texture": "#0"},
				"up": {"uv": [0, 0, 2, 3], "texture": "#0"},
				"down": {"uv": [0, 0, 2, 3], "texture": "#0"}
			}
		},
		{
			"from": [7.01, -5.25, 16],
			"to": [9.01, 0.75, 18],
			"rotation": {"angle": -22.5, "axis": "x", "origin": [0, 0, 0]},
			"faces": {
				"north": {"uv": [0, 0, 2, 6], "texture": "#0"},
				"east": {"uv": [0, 0, 2, 6], "texture": "#0"},
				"south": {"uv": [0, 0, 2, 6], "texture": "#0"},
				"west": {"uv": [0, 0, 2, 6], "texture": "#0"},
				"up": {"uv": [0, 0, 2, 2], "texture": "#0"},
				"down": {"uv": [0, 0, 2, 2], "texture": "#0"}
			}
		},
		{
			"from": [7.5, 8, 22],
			"to": [8.5, 9, 26],
			"faces": {
				"north": {"uv": [10, 9, 11, 10], "texture": "#1"},
				"east": {"uv": [4, 10, 8, 11], "texture": "#1"},
				"south": {"uv": [9, 9, 10, 10], "texture": "#1"},
				"west": {"uv": [5, 10, 9, 11], "texture": "#1"},
				"up": {"uv": [3, 9, 7, 10], "rotation": 90, "texture": "#1"},
				"down": {"uv": [4, 10, 8, 11], "rotation": 90, "texture": "#1"}
			}
		},
		{
			"from": [7.5, 8, 26],
			"to": [8.5, 9, 30],
			"faces": {
				"north": {"uv": [10, 9, 11, 10], "texture": "#1"},
				"east": {"uv": [4, 10, 8, 11], "texture": "#1"},
				"south": {"uv": [9, 9, 10, 10], "texture": "#1"},
				"west": {"uv": [5, 10, 9, 11], "texture": "#1"},
				"up": {"uv": [3, 9, 7, 10], "rotation": 90, "texture": "#1"},
				"down": {"uv": [4, 10, 8, 11], "rotation": 90, "texture": "#1"}
			}
		},
		{
			"from": [6.5, 7, 30],
			"to": [9.5, 10, 31],
			"faces": {
				"north": {"uv": [0, 0, 3, 3], "texture": "#0"},
				"east": {"uv": [0, 0, 1, 3], "texture": "#0"},
				"south": {"uv": [0, 0, 3, 3], "texture": "#0"},
				"west": {"uv": [0, 0, 1, 3], "texture": "#0"},
				"up": {"uv": [0, 0, 3, 1], "texture": "#0"},
				"down": {"uv": [0, 0, 3, 1], "texture": "#0"}
			}
		},
		{
			"from": [7, 3, 30],
			"to": [9, 7, 31],
			"faces": {
				"north": {"uv": [0, 0, 2, 4], "texture": "#0"},
				"east": {"uv": [0, 0, 1, 4], "texture": "#0"},
				"south": {"uv": [0, 0, 2, 4], "texture": "#0"},
				"west": {"uv": [0, 0, 1, 4], "texture": "#0"},
				"up": {"uv": [0, 0, 2, 1], "texture": "#0"},
				"down": {"uv": [0, 0, 2, 1], "texture": "#0"}
			}
		},
		{
			"from": [7.5, 4.64432, 4.88562],
			"to": [8.5, 9.64432, 6.88562],
			"rotation": {"angle": 22.5, "axis": "x", "origin": [0, -0.00568, -0.06438]},
			"faces": {
				"north": {"uv": [4, 8, 9, 9], "rotation": 90, "texture": "#1"},
				"east": {"uv": [3, 8, 8, 10], "rotation": 90, "texture": "#1"},
				"south": {"uv": [5, 8, 10, 9], "rotation": 90, "texture": "#1"},
				"west": {"uv": [3, 8, 8, 10], "rotation": 270, "texture": "#1"},
				"up": {"uv": [8, 8, 10, 9], "rotation": 90, "texture": "#1"},
				"down": {"uv": [8, 9, 10, 10], "rotation": 90, "texture": "#1"}
			}
		},
		{
			"from": [7.5, 4.90705, 4.88362],
			"to": [8.5, 7.90705, 6.88362],
			"rotation": {"angle": 45, "axis": "x", "origin": [0, 3.25705, -0.06638]},
			"faces": {
				"north": {"uv": [4, 8, 7, 9], "rotation": 90, "texture": "#1"},
				"east": {"uv": [6, 8, 9, 10], "rotation": 90, "texture": "#1"},
				"south": {"uv": [5, 8, 8, 9], "rotation": 90, "texture": "#1"},
				"west": {"uv": [3, 8, 6, 10], "rotation": 270, "texture": "#1"},
				"up": {"uv": [8, 8, 10, 9], "rotation": 90, "texture": "#1"},
				"down": {"uv": [8, 9, 10, 10], "rotation": 90, "texture": "#1"}
			}
		},
		{
			"from": [7.5, 8.75, -5],
			"to": [8.5, 9.75, -2],
			"faces": {
				"north": {"uv": [9, 5, 10, 6], "texture": "#1"},
				"east": {"uv": [3, 6, 6, 7], "texture": "#1"},
				"south": {"uv": [8, 5, 9, 6], "texture": "#1"},
				"west": {"uv": [4, 6, 7, 7], "texture": "#1"},
				"up": {"uv": [2, 5, 5, 6], "rotation": 90, "texture": "#1"},
				"down": {"uv": [3, 6, 6, 7], "rotation": 90, "texture": "#1"}
			}
		},
		{
			"from": [7, 8.25, -2.25],
			"to": [9, 11.25, -1.25],
			"rotation": {"angle": 0, "axis": "y", "origin": [0, 0, 0.75]},
			"faces": {
				"north": {"uv": [0, 4, 2, 7], "texture": "#1"},
				"east": {"uv": [1, 5, 2, 8], "texture": "#1"},
				"south": {"uv": [0, 4, 2, 7], "texture": "#1"},
				"west": {"uv": [0, 5, 1, 8], "texture": "#1"},
				"up": {"uv": [0, 5, 1, 7], "rotation": 90, "texture": "#1"},
				"down": {"uv": [0, 6, 1, 8], "rotation": 90, "texture": "#1"}
			}
		},
		{
			"from": [7.7, 11.25, -1.75],
			"to": [8.3, 11.65, -1.4],
			"rotation": {"angle": 0, "axis": "y", "origin": [0, 0, 0.75]},
			"faces": {
				"north": {"uv": [7, 6, 8, 6.4], "texture": "#1"},
				"east": {"uv": [8, 7, 8.35, 7.4], "texture": "#1"},
				"south": {"uv": [7, 6, 8, 6.4], "texture": "#1"},
				"west": {"uv": [7, 7, 7.35, 7.4], "texture": "#1"},
				"up": {"uv": [7, 7, 7.35, 8], "rotation": 90, "texture": "#1"},
				"down": {"uv": [7, 8, 7.35, 9], "rotation": 90, "texture": "#1"}
			}
		},
		{
			"from": [7.95, 11.65, -1.75],
			"to": [8.05, 12.05, -1.4],
			"rotation": {"angle": 0, "axis": "y", "origin": [0, 0, 0.75]},
			"faces": {
				"north": {"uv": [7, 6, 7.1, 6.3], "texture": "#1"},
				"east": {"uv": [8, 7, 8.35, 7.3], "texture": "#1"},
				"south": {"uv": [7, 6, 7.1, 6.3], "texture": "#1"},
				"west": {"uv": [7, 7, 7.35, 7.3], "texture": "#1"},
				"up": {"uv": [7, 7, 7.35, 7.1], "rotation": 90, "texture": "#1"},
				"down": {"uv": [7, 8, 7.35, 8.1], "rotation": 90, "texture": "#1"}
			}
		},
		{
			"from": [7.48787, 11.76213, -1.75],
			"to": [7.58787, 12.26213, -1.4],
			"rotation": {"angle": 0, "axis": "y", "origin": [0.23787, 0.11213, 0.75]},
			"faces": {
				"north": {"uv": [7, 6, 7.2, 6.6], "texture": "#1"},
				"east": {"uv": [8, 7, 8.35, 7.6], "texture": "#1"},
				"south": {"uv": [7, 6, 7.2, 6.6], "texture": "#1"},
				"west": {"uv": [7, 7, 7.35, 7.6], "texture": "#1"},
				"up": {"uv": [7, 7, 7.35, 7.2], "rotation": 90, "texture": "#1"},
				"down": {"uv": [7, 8, 7.35, 8.2], "rotation": 90, "texture": "#1"}
			}
		},
		{
			"from": [8.41213, 11.76213, -1.75],
			"to": [8.51213, 12.26213, -1.4],
			"rotation": {"angle": 0, "axis": "y", "origin": [-0.23787, 0.11213, 0.75]},
			"faces": {
				"north": {"uv": [7, 6, 7.2, 6.6], "texture": "#1"},
				"east": {"uv": [8, 7, 8.35, 7.6], "texture": "#1"},
				"south": {"uv": [7, 6, 7.2, 6.6], "texture": "#1"},
				"west": {"uv": [7, 7, 7.35, 7.6], "texture": "#1"},
				"up": {"uv": [7, 7, 7.35, 7.2], "rotation": 90, "texture": "#1"},
				"down": {"uv": [7, 8, 7.35, 8.2], "rotation": 90, "texture": "#1"}
			}
		},
		{
			"from": [7.58787, 11.80355, -1.75],
			"to": [7.88787, 11.90355, -1.4],
			"rotation": {"angle": -45, "axis": "z", "origin": [7.48787, 11.90355, -1.575]},
			"faces": {
				"north": {"uv": [7, 6, 7.2, 6.6], "rotation": 90, "texture": "#1"},
				"east": {"uv": [7, 8, 7.35, 8.2], "texture": "#1"},
				"south": {"uv": [7, 6, 7.2, 6.6], "rotation": 270, "texture": "#1"},
				"west": {"uv": [7, 7, 7.35, 7.2], "texture": "#1"},
				"up": {"uv": [8, 7, 8.35, 7.6], "rotation": 270, "texture": "#1"},
				"down": {"uv": [7, 7, 7.35, 7.6], "rotation": 270, "texture": "#1"}
			}
		},
		{
			"from": [8.25355, 11.86213, -1.75],
			"to": [8.55355, 11.96213, -1.4],
			"rotation": {"angle": 45, "axis": "z", "origin": [8.65355, 11.76213, -1.575]},
			"faces": {
				"north": {"uv": [7, 6, 7.2, 6.6], "rotation": 270, "texture": "#1"},
				"east": {"uv": [7, 7, 7.35, 7.2], "rotation": 180, "texture": "#1"},
				"south": {"uv": [7, 6, 7.2, 6.6], "rotation": 90, "texture": "#1"},
				"west": {"uv": [7, 8, 7.35, 8.2], "rotation": 180, "texture": "#1"},
				"up": {"uv": [7, 7, 7.35, 7.6], "rotation": 90, "texture": "#1"},
				"down": {"uv": [8, 7, 8.35, 7.6], "rotation": 90, "texture": "#1"}
			}
		},
		{
			"from": [7.51213, 12.50355, -1.75],
			"to": [7.81213, 12.60355, -1.4],
			"rotation": {"angle": 45, "axis": "z", "origin": [7.91213, 12.40355, -1.575]},
			"faces": {
				"north": {"uv": [7, 6, 7.2, 6.6], "rotation": 270, "texture": "#1"},
				"east": {"uv": [7, 7, 7.35, 7.2], "rotation": 180, "texture": "#1"},
				"south": {"uv": [7, 6, 7.2, 6.6], "rotation": 90, "texture": "#1"},
				"west": {"uv": [7, 8, 7.35, 8.2], "rotation": 180, "texture": "#1"},
				"up": {"uv": [7, 7, 7.35, 7.6], "rotation": 90, "texture": "#1"},
				"down": {"uv": [8, 7, 8.35, 7.6], "rotation": 90, "texture": "#1"}
			}
		},
		{
			"from": [8.32929, 12.44497, -1.75],
			"to": [8.62929, 12.54497, -1.4],
			"rotation": {"angle": -45, "axis": "z", "origin": [8.22929, 12.54497, -1.575]},
			"faces": {
				"north": {"uv": [7, 6, 7.2, 6.6], "rotation": 90, "texture": "#1"},
				"east": {"uv": [7, 8, 7.35, 8.2], "texture": "#1"},
				"south": {"uv": [7, 6, 7.2, 6.6], "rotation": 270, "texture": "#1"},
				"west": {"uv": [7, 7, 7.35, 7.2], "texture": "#1"},
				"up": {"uv": [8, 7, 8.35, 7.6], "rotation": 270, "texture": "#1"},
				"down": {"uv": [7, 7, 7.35, 7.6], "rotation": 270, "texture": "#1"}
			}
		}
	],
	"gui_light": "front",
	"display": {
		"thirdperson_righthand": {
			"translation": [0, 1.25, -1.25],
			"scale": [0.35, 0.35, 0.35]
		},
		"thirdperson_lefthand": {
			"translation": [0, 1.25, -1.25],
			"scale": [0.35, 0.35, 0.35]
		},
		"firstperson_righthand": {
			"rotation": [0, -10, 0],
			"translation": [1.45, 15.75, -0.75],
			"scale": [0.6, 0.6, 0.6]
		},
		"firstperson_lefthand": {
			"rotation": [0, -10, 0],
			"translation": [1.5, 15.75, -0.75],
			"scale": [0.6, 0.6, 0.6]
		},
		"ground": {
			"scale": [0.4, 0.4, 0.4]
		},
		"gui": {
			"rotation": [90, 45, -90],
			"translation": [-1.25, 1.25, 0],
			"scale": [0.45, 0.45, 0.45]
		},
		"fixed": {
			"scale": [0.6, 0.6, 0.6]
		}
	},
	"groups": [
		{
			"name": "body",
			"origin": [0, 0, 0],
			"color": 0,
			"nbt": "{}",
			"children": [0, 1, 2, 3, 4, 5, 6, 7, 8, 9, 10, 11, 12]
		},
		{
			"name": "sight@attach",
			"origin": [0, 0, 0],
			"color": 0,
			"nbt": "{}",
			"children": [
				{
					"name": "default@name",
					"origin": [0, 0, 0],
					"color": 0,
					"nbt": "{}",
					"children": [13, 14, 15, 16, 17, 18, 19, 20, 21, 22, 23, 24]
				}
			]
		},
		{
			"name": "grip@attach",
			"origin": [0, 0, 0],
			"color": 0,
			"nbt": "{}",
			"children": [
				{
					"name": "default@name",
					"origin": [0, 0, 0],
					"color": 0,
					"nbt": "{}",
					"children": [25, 26, 27]
				}
			]
		},
		{
			"name": "stock@attach",
			"origin": [0, 0, 0],
			"color": 0,
			"nbt": "{}",
			"children": [
				{
					"name": "default@name",
					"origin": [0, 0, 0],
					"color": 0,
					"nbt": "{}",
					"children": [28, 29, 30, 31]
				}
			]
		},
		{
			"name": "magazine@attach",
			"origin": [0, 3.25705, -0.06638],
			"color": 0,
			"nbt": "{}",
			"children": [
				{
					"name": "default@name",
					"origin": [0, 3.25705, -0.06638],
					"color": 0,
					"nbt": "{}",
					"children": [32, 33]
				}
			]
		},
		{
			"name": "barrel@attach",
			"origin": [8.22929, 12.54497, -1.575],
			"color": 0,
			"nbt": "{}",
			"children": [
				{
					"name": "default@name",
					"origin": [8.22929, 12.54497, -1.575],
					"color": 0,
					"nbt": "{}",
					"children": [34, 35, 36, 37, 38, 39, 40, 41, 42, 43]
				}
			]
		},
		{
			"name": "underbarrel@attach",
			"origin": [8, 8, 8],
			"color": 0,
			"nbt": "{}",
			"children": [
				{
					"name": "default@name",
					"origin": [8, 8, 8],
					"color": 0,
					"nbt": "{}",
					"children": []
				}
			]
		}
	]
}