{
	"credit": "Made with Blockbench",
	"textures": {
		"0": "item/gun/metal",
		"1": "item/gun/plastic_cream",
		"particle": "item/gun/metal"
	},
	"elements": [
		{
			"from": [6.49, 11, -8],
			"to": [9.51, 13, 5],
			"faces": {
				"north": {"uv": [4, 7, 7.02, 9], "texture": "#1"},
				"east": {"uv": [1, 7, 14, 9], "texture": "#1"},
				"south": {"uv": [9, 7, 12.02, 9], "texture": "#1"},
				"west": {"uv": [1, 7, 14, 9], "texture": "#1"},
				"up": {"uv": [0, 3, 3.02, 16], "texture": "#1"},
				"down": {"uv": [5, 3, 8.02, 16], "texture": "#1"}
			}
		},
		{
			"from": [6.5, 3, 3.25],
			"to": [9.5, 11, 6.25],
			"rotation": {"angle": -22.5, "axis": "x", "origin": [0, 0, 0]},
			"faces": {
				"north": {"uv": [5, 7, 8, 15], "texture": "#1"},
				"east": {"uv": [7, 7, 10, 15], "texture": "#1"},
				"south": {"uv": [11, 7, 14, 15], "texture": "#1"},
				"west": {"uv": [4, 7, 7, 15], "texture": "#1"},
				"up": {"uv": [1, 3, 4, 6], "texture": "#1"},
				"down": {"uv": [1, 11, 4, 14], "texture": "#1"}
			}
		},
		{
			"from": [6.5, 4, 0.25],
			"to": [9.5, 13, 1.25],
			"rotation": {"angle": -22.5, "axis": "x", "origin": [0, 0, 0]},
			"faces": {
				"north": {"uv": [5, 7, 8, 16], "texture": "#1"},
				"east": {"uv": [7, 7, 8, 16], "texture": "#1"},
				"south": {"uv": [11, 7, 14, 16], "texture": "#1"},
				"west": {"uv": [4, 7, 5, 16], "texture": "#1"},
				"up": {"uv": [1, 3, 4, 4], "texture": "#1"},
				"down": {"uv": [1, 11, 4, 12], "texture": "#1"}
			}
		},
		{
			"from": [6.5, 4, 1.25],
			"to": [9.5, 7, 3.25],
			"rotation": {"angle": -22.5, "axis": "x", "origin": [0, 0, 0]},
			"faces": {
				"north": {"uv": [5, 13, 8, 16], "texture": "#1"},
				"east": {"uv": [7, 13, 9, 16], "texture": "#1"},
				"south": {"uv": [11, 13, 14, 16], "texture": "#1"},
				"west": {"uv": [4, 13, 6, 16], "texture": "#1"},
				"up": {"uv": [1, 6, 4, 8], "texture": "#1"},
				"down": {"uv": [1, 14, 4, 16], "texture": "#1"}
			}
		},
		{
			"from": [6.5, 10, 1.25],
			"to": [9.5, 12, 3.25],
			"rotation": {"angle": -22.5, "axis": "x", "origin": [0, 0, 0]},
			"faces": {
				"north": {"uv": [5, 10, 8, 12], "texture": "#1"},
				"east": {"uv": [7, 10, 9, 12], "texture": "#1"},
				"south": {"uv": [11, 10, 14, 12], "texture": "#1"},
				"west": {"uv": [4, 10, 6, 12], "texture": "#1"},
				"up": {"uv": [1, 6, 4, 8], "texture": "#1"},
				"down": {"uv": [1, 14, 4, 16], "texture": "#1"}
			}
		},
		{
			"from": [6.5, 2, 6.25],
			"to": [9.5, 11, 7.25],
			"rotation": {"angle": -22.5, "axis": "x", "origin": [0, 0, 0]},
			"faces": {
				"north": {"uv": [5, 6, 8, 15], "texture": "#1"},
				"east": {"uv": [7, 6, 8, 15], "texture": "#1"},
				"south": {"uv": [11, 6, 14, 15], "texture": "#1"},
				"west": {"uv": [4, 6, 5, 15], "texture": "#1"},
				"up": {"uv": [1, 3, 4, 4], "texture": "#1"},
				"down": {"uv": [1, 11, 4, 12], "texture": "#1"}
			}
		},
		{
			"from": [6.5, 2, 7.25],
			"to": [9.5, 3, 8.25],
			"rotation": {"angle": -22.5, "axis": "x", "origin": [0, 0, 0]},
			"faces": {
				"north": {"uv": [3, 14, 6, 15], "texture": "#1"},
				"east": {"uv": [10, 14, 11, 15], "texture": "#1"},
				"south": {"uv": [7, 14, 10, 15], "texture": "#1"},
				"west": {"uv": [14, 15, 15, 16], "texture": "#1"},
				"up": {"uv": [7, 13, 10, 14], "texture": "#1"},
				"down": {"uv": [6, 11, 9, 12], "texture": "#1"}
			}
		},
		{
			"from": [6.5, 6, 7.25],
			"to": [9.5, 10, 8.25],
			"rotation": {"angle": -22.5, "axis": "x", "origin": [0, 0, 0]},
			"faces": {
				"north": {"uv": [5, 6, 8, 10], "texture": "#1"},
				"east": {"uv": [6, 6, 7, 10], "texture": "#1"},
				"south": {"uv": [9, 6, 12, 10], "texture": "#1"},
				"west": {"uv": [6, 6, 7, 10], "texture": "#1"},
				"up": {"uv": [7, 6, 10, 7], "texture": "#1"},
				"down": {"uv": [6, 11, 9, 12], "texture": "#1"}
			}
		},
		{
			"from": [6.5, 2, 8.25],
			"to": [9.5, 10, 9.25],
			"rotation": {"angle": -22.5, "axis": "x", "origin": [0, 0, 0]},
			"faces": {
				"north": {"uv": [9, 5, 12, 13], "texture": "#1"},
				"east": {"uv": [6, 6, 7, 14], "texture": "#1"},
				"south": {"uv": [7, 5, 10, 13], "texture": "#1"},
				"west": {"uv": [6, 6, 7, 14], "texture": "#1"},
				"up": {"uv": [5, 4, 8, 5], "texture": "#1"},
				"down": {"uv": [13, 11, 16, 12], "texture": "#1"}
			}
		},
		{
			"from": [6.5, 2, 9.25],
			"to": [9.5, 11, 10.25],
			"rotation": {"angle": -22.5, "axis": "x", "origin": [0, 0, 0]},
			"faces": {
				"north": {"uv": [0, 8, 9, 11], "rotation": 90, "texture": "#0"},
				"east": {"uv": [2, 8, 11, 9], "rotation": 90, "texture": "#0"},
				"south": {"uv": [3, 7, 12, 10], "rotation": 90, "texture": "#0"},
				"west": {"uv": [4, 7, 13, 8], "rotation": 90, "texture": "#0"},
				"up": {"uv": [2, 0, 5, 1], "texture": "#0"},
				"down": {"uv": [11, 3, 14, 4], "texture": "#0"}
			}
		},
		{
			"from": [8.25, 3, 7.25],
			"to": [9.25, 6, 8.25],
			"rotation": {"angle": -22.5, "axis": "x", "origin": [0, 0, 0]},
			"faces": {
				"north": {"uv": [0, 0, 1, 3], "texture": "#0"},
				"east": {"uv": [0, 0, 1, 3], "texture": "#0"},
				"south": {"uv": [0, 0, 1, 3], "texture": "#0"},
				"west": {"uv": [0, 0, 1, 3], "texture": "#0"},
				"up": {"uv": [0, 0, 1, 1], "texture": "#0"},
				"down": {"uv": [0, 0, 1, 1], "texture": "#0"}
			}
		},
		{
			"from": [6.75, 3, 7.25],
			"to": [7.75, 6, 8.25],
			"rotation": {"angle": -22.5, "axis": "x", "origin": [0, 0, 0]},
			"faces": {
				"north": {"uv": [0, 0, 1, 3], "texture": "#0"},
				"east": {"uv": [0, 0, 1, 3], "texture": "#0"},
				"south": {"uv": [0, 0, 1, 3], "texture": "#0"},
				"west": {"uv": [0, 0, 1, 3], "texture": "#0"},
				"up": {"uv": [0, 0, 1, 1], "texture": "#0"},
				"down": {"uv": [0, 0, 1, 1], "texture": "#0"}
			}
		},
		{
			"from": [6.75, 7, 1.25],
			"to": [7.75, 10, 3.25],
			"rotation": {"angle": -22.5, "axis": "x", "origin": [0, 0, 0]},
			"faces": {
				"north": {"uv": [0, 0, 1, 3], "texture": "#0"},
				"east": {"uv": [0, 0, 2, 3], "texture": "#0"},
				"south": {"uv": [0, 0, 1, 3], "texture": "#0"},
				"west": {"uv": [0, 0, 2, 3], "texture": "#0"},
				"up": {"uv": [0, 0, 1, 2], "texture": "#0"},
				"down": {"uv": [0, 0, 1, 2], "texture": "#0"}
			}
		},
		{
			"from": [8.25, 7, 1.25],
			"to": [9.25, 10, 3.25],
			"rotation": {"angle": -22.5, "axis": "x", "origin": [0, 0, 0]},
			"faces": {
				"north": {"uv": [0, 0, 1, 3], "texture": "#0"},
				"east": {"uv": [0, 0, 2, 3], "texture": "#0"},
				"south": {"uv": [0, 0, 1, 3], "texture": "#0"},
				"west": {"uv": [0, 0, 2, 3], "texture": "#0"},
				"up": {"uv": [0, 0, 1, 2], "texture": "#0"},
				"down": {"uv": [0, 0, 1, 2], "texture": "#0"}
			}
		},
		{
			"from": [7.5, 10.5, -7.95],
			"to": [8.5, 11.5, 0.05],
			"rotation": {"angle": 0, "axis": "y", "origin": [-0.5, 0, 0]},
			"faces": {
				"north": {"uv": [0, 4, 1, 5], "texture": "#0"},
				"east": {"uv": [0, 4, 8, 5], "texture": "#0"},
				"south": {"uv": [0, 4, 1, 5], "texture": "#0"},
				"west": {"uv": [0, 4, 8, 5], "texture": "#0"},
				"up": {"uv": [0, 4, 1, 12], "texture": "#0"},
				"down": {"uv": [0, 4, 1, 12], "texture": "#0"}
			}
		},
		{
			"from": [7, 14.5, -8],
			"to": [9, 15.5, 3],
			"faces": {
				"north": {"uv": [13, 8, 15, 9], "texture": "#0"},
				"east": {"uv": [0, 7, 11, 8], "texture": "#0"},
				"south": {"uv": [8, 7, 10, 8], "texture": "#0"},
				"west": {"uv": [2, 7, 13, 8], "texture": "#0"},
				"up": {"uv": [3, 9, 14, 11], "rotation": 90, "texture": "#0"},
				"down": {"uv": [3, 12, 14, 14], "rotation": 90, "texture": "#0"}
			}
		},
		{
			"from": [6.5, 13, -8.01],
			"to": [9.5, 15, 3.99],
			"faces": {
				"north": {"uv": [13, 6, 16, 8], "texture": "#0"},
				"east": {"uv": [2, 6, 14, 8], "texture": "#0"},
				"south": {"uv": [8, 4, 11, 6], "texture": "#0"},
				"west": {"uv": [2, 6, 14, 8], "texture": "#0"},
				"up": {"uv": [3, 9, 15, 12], "rotation": 90, "texture": "#0"},
				"down": {"uv": [3, 9, 15, 12], "rotation": 90, "texture": "#0"}
			}
		},
		{
			"from": [6, 11, -4.01],
			"to": [7, 12, -2.01],
			"faces": {
				"north": {"uv": [12, 6, 13, 7], "texture": "#0"},
				"east": {"uv": [2, 6, 4, 7], "texture": "#0"},
				"south": {"uv": [8, 4, 9, 5], "texture": "#0"},
				"west": {"uv": [2, 6, 4, 7], "texture": "#0"},
				"up": {"uv": [3, 9, 5, 10], "rotation": 90, "texture": "#0"},
				"down": {"uv": [3, 9, 5, 10], "rotation": 90, "texture": "#0"}
			}
		},
		{
			"from": [6, 12, -4.51],
			"to": [7, 13, -0.51],
			"faces": {
				"north": {"uv": [12, 6, 13, 7], "texture": "#0"},
				"east": {"uv": [2, 6, 6, 7], "texture": "#0"},
				"south": {"uv": [8, 4, 9, 5], "texture": "#0"},
				"west": {"uv": [2, 6, 6, 7], "texture": "#0"},
				"up": {"uv": [3, 9, 7, 10], "rotation": 90, "texture": "#0"},
				"down": {"uv": [3, 9, 7, 10], "rotation": 90, "texture": "#0"}
			}
		},
		{
			"from": [6.5, 13, 3.99],
			"to": [9.5, 15, 15.99],
			"faces": {
				"north": {"uv": [13, 7, 16, 9], "texture": "#0"},
				"east": {"uv": [2, 7, 14, 9], "texture": "#0"},
				"south": {"uv": [8, 5, 11, 7], "texture": "#0"},
				"west": {"uv": [2, 7, 14, 9], "texture": "#0"},
				"up": {"uv": [3, 10, 15, 13], "rotation": 90, "texture": "#0"},
				"down": {"uv": [3, 10, 15, 13], "rotation": 90, "texture": "#0"}
			}
		},
		{
			"from": [7, 14.5, 3],
			"to": [9, 15.5, 16],
			"faces": {
				"north": {"uv": [12, 7, 14, 8], "texture": "#0"},
				"east": {"uv": [2, 7, 15, 8], "texture": "#0"},
				"south": {"uv": [7, 6, 9, 7], "texture": "#0"},
				"west": {"uv": [2, 7, 15, 8], "texture": "#0"},
				"up": {"uv": [2, 8, 15, 10], "rotation": 90, "texture": "#0"},
				"down": {"uv": [1, 11, 14, 13], "rotation": 90, "texture": "#0"}
			}
		},
		{
			"from": [7.5, 16, -6.01],
			"to": [8.5, 17, -5.01],
			"rotation": {"angle": 0, "axis": "y", "origin": [-0.5, 0, 0]},
			"faces": {
				"north": {"uv": [0, 0, 1, 2], "texture": "#0"},
				"east": {"uv": [0, 0, 1, 2], "texture": "#0"},
				"south": {"uv": [0, 0, 1, 2], "texture": "#0"},
				"west": {"uv": [0, 0, 1, 2], "texture": "#0"},
				"up": {"uv": [0, 0, 1, 1], "texture": "#0"},
				"down": {"uv": [0, 0, 1, 1], "texture": "#0"}
			}
		},
		{
			"from": [7.25, 16.75, -6.01],
			"to": [7.5, 17.75, -5.01],
			"rotation": {"angle": 0, "axis": "y", "origin": [-0.5, 0, 0]},
			"faces": {
				"north": {"uv": [0, 0, 1, 2], "texture": "#0"},
				"east": {"uv": [0, 0, 1, 2], "texture": "#0"},
				"south": {"uv": [0, 0, 1, 2], "texture": "#0"},
				"west": {"uv": [0, 0, 1, 2], "texture": "#0"},
				"up": {"uv": [0, 0, 1, 1], "texture": "#0"},
				"down": {"uv": [0, 0, 1, 1], "texture": "#0"}
			}
		},
		{
			"from": [8.5, 16.75, -6.01],
			"to": [8.75, 17.75, -5.01],
			"rotation": {"angle": 0, "axis": "y", "origin": [-0.5, 0, 0]},
			"faces": {
				"north": {"uv": [0, 0, 1, 2], "texture": "#0"},
				"east": {"uv": [0, 0, 1, 2], "texture": "#0"},
				"south": {"uv": [0, 0, 1, 2], "texture": "#0"},
				"west": {"uv": [0, 0, 1, 2], "texture": "#0"},
				"up": {"uv": [0, 0, 1, 1], "texture": "#0"},
				"down": {"uv": [0, 0, 1, 1], "texture": "#0"}
			}
		},
		{
			"from": [7.95, 17, -6.01],
			"to": [8.05, 17.5, -5.01],
			"rotation": {"angle": 0, "axis": "y", "origin": [-0.5, 0, 0]},
			"faces": {
				"north": {"uv": [0, 0, 1, 2], "texture": "#0"},
				"east": {"uv": [0, 0, 1, 2], "texture": "#0"},
				"south": {"uv": [0, 0, 1, 2], "texture": "#0"},
				"west": {"uv": [0, 0, 1, 2], "texture": "#0"},
				"up": {"uv": [0, 0, 1, 1], "texture": "#0"},
				"down": {"uv": [0, 0, 1, 1], "texture": "#0"}
			}
		},
		{
			"from": [7.375, 16.25, 12.98],
			"to": [7.625, 17.65, 13.98],
			"rotation": {"angle": 0, "axis": "y", "origin": [-0.5, 0, 0]},
			"faces": {
				"north": {"uv": [0, 0, 0.25, 0.5], "texture": "#0"},
				"east": {"uv": [0, 0, 1, 0.5], "texture": "#0"},
				"south": {"uv": [0, 0, 0.25, 0.5], "texture": "#0"},
				"west": {"uv": [0, 0, 1, 0.5], "texture": "#0"},
				"up": {"uv": [0, 0, 0.25, 1], "texture": "#0"},
				"down": {"uv": [0, 0, 0.25, 1], "texture": "#0"}
			}
		},
		{
			"from": [7.625, 16, 12.98],
			"to": [8.375, 16.5, 13.98],
			"rotation": {"angle": 0, "axis": "y", "origin": [-0.5, 0, 0]},
			"faces": {
				"north": {"uv": [0, 0, 0.25, 0.5], "texture": "#0"},
				"east": {"uv": [0, 0, 1, 0.5], "texture": "#0"},
				"south": {"uv": [0, 0, 0.25, 0.5], "texture": "#0"},
				"west": {"uv": [0, 0, 1, 0.5], "texture": "#0"},
				"up": {"uv": [0, 0, 0.25, 1], "texture": "#0"},
				"down": {"uv": [0, 0, 0.25, 1], "texture": "#0"}
			}
		},
		{
			"from": [8.375, 16.25, 12.98],
			"to": [8.625, 17.65, 13.98],
			"rotation": {"angle": 0, "axis": "y", "origin": [-0.5, 0, 0]},
			"faces": {
				"north": {"uv": [0, 0, 0.25, 0.5], "texture": "#0"},
				"east": {"uv": [0, 0, 1, 0.5], "texture": "#0"},
				"south": {"uv": [0, 0, 0.25, 0.5], "texture": "#0"},
				"west": {"uv": [0, 0, 1, 0.5], "texture": "#0"},
				"up": {"uv": [0, 0, 0.25, 1], "texture": "#0"},
				"down": {"uv": [0, 0, 0.25, 1], "texture": "#0"}
			}
		},
		{
			"from": [7.525, 16.5, 13.105],
			"to": [8.525, 16.9, 13.855],
			"rotation": {"angle": 0, "axis": "y", "origin": [-0.5, 0, 0]},
			"faces": {
				"north": {"uv": [0, 0, 0.75, 0.5], "texture": "#0"},
				"east": {"uv": [0, 0, 0.75, 0.5], "texture": "#0"},
				"south": {"uv": [0, 0, 0.75, 0.5], "texture": "#0"},
				"west": {"uv": [0, 0, 0.75, 0.5], "texture": "#0"},
				"up": {"uv": [0, 0, 0.75, 0.75], "texture": "#0"},
				"down": {"uv": [0, 0, 0.75, 0.75], "texture": "#0"}
			}
		},
		{
			"from": [7.525, 16.75, 13.205],
			"to": [8.45, 17, 13.705],
			"rotation": {"angle": 0, "axis": "y", "origin": [-0.5, 0, 0]},
			"faces": {
				"north": {"uv": [0, 0, 0.75, 0.5], "texture": "#0"},
				"east": {"uv": [0, 0, 0.75, 0.5], "texture": "#0"},
				"south": {"uv": [0, 0, 0.75, 0.5], "texture": "#0"},
				"west": {"uv": [0, 0, 0.75, 0.5], "texture": "#0"},
				"up": {"uv": [0, 0, 0.75, 0.75], "texture": "#0"},
				"down": {"uv": [0, 0, 0.75, 0.75], "texture": "#0"}
			}
		},
		{
			"from": [7.85, 17.002, 13.205],
			"to": [8.15, 17.202, 13.705],
			"rotation": {"angle": 0, "axis": "y", "origin": [8, 17.4, 13.5]},
			"faces": {
				"north": {"uv": [0, 0, 0.75, 0.5], "texture": "#0"},
				"east": {"uv": [0, 0, 0.75, 0.5], "texture": "#0"},
				"south": {"uv": [0, 0, 0.75, 0.5], "texture": "#0"},
				"west": {"uv": [0, 0, 0.75, 0.5], "texture": "#0"},
				"up": {"uv": [0, 0, 0.75, 0.75], "texture": "#0"},
				"down": {"uv": [0, 0, 0.75, 0.75], "texture": "#0"}
			}
		},
		{
			"from": [7.9, 17.152, 13.205],
			"to": [8.1, 17.202, 13.705],
			"rotation": {"angle": -45, "axis": "z", "origin": [8, 17.4, 13.5]},
			"faces": {
				"north": {"uv": [0, 0, 0.75, 0.5], "texture": "#0"},
				"east": {"uv": [0, 0, 0.75, 0.5], "texture": "#0"},
				"south": {"uv": [0, 0, 0.75, 0.5], "texture": "#0"},
				"west": {"uv": [0, 0, 0.75, 0.5], "texture": "#0"},
				"up": {"uv": [0, 0, 0.75, 0.75], "texture": "#0"},
				"down": {"uv": [0, 0, 0.75, 0.75], "texture": "#0"}
			}
		},
		{
			"from": [7.752, 17.3, 13.205],
			"to": [7.802, 17.5, 13.705],
			"rotation": {"angle": 0, "axis": "z", "origin": [8, 17.4, 13.5]},
			"faces": {
				"north": {"uv": [0, 0, 0.75, 0.5], "rotation": 270, "texture": "#0"},
				"east": {"uv": [0, 0, 0.75, 0.75], "rotation": 90, "texture": "#0"},
				"south": {"uv": [0, 0, 0.75, 0.5], "rotation": 90, "texture": "#0"},
				"west": {"uv": [0, 0, 0.75, 0.75], "rotation": 90, "texture": "#0"},
				"up": {"uv": [0, 0, 0.75, 0.5], "rotation": 90, "texture": "#0"},
				"down": {"uv": [0, 0, 0.75, 0.5], "rotation": 90, "texture": "#0"}
			}
		},
		{
			"from": [7.752, 17.3, 13.205],
			"to": [7.802, 17.5, 13.705],
			"rotation": {"angle": -45, "axis": "z", "origin": [8, 17.4, 13.5]},
			"faces": {
				"north": {"uv": [0, 0, 0.75, 0.5], "rotation": 270, "texture": "#0"},
				"east": {"uv": [0, 0, 0.75, 0.75], "rotation": 90, "texture": "#0"},
				"south": {"uv": [0, 0, 0.75, 0.5], "rotation": 90, "texture": "#0"},
				"west": {"uv": [0, 0, 0.75, 0.75], "rotation": 90, "texture": "#0"},
				"up": {"uv": [0, 0, 0.75, 0.5], "rotation": 90, "texture": "#0"},
				"down": {"uv": [0, 0, 0.75, 0.5], "rotation": 90, "texture": "#0"}
			}
		},
		{
			"from": [7.9, 17.598, 13.205],
			"to": [8.1, 17.648, 13.705],
			"rotation": {"angle": 0, "axis": "z", "origin": [8, 17.4, 13.5]},
			"faces": {
				"north": {"uv": [0, 0, 0.75, 0.5], "rotation": 180, "texture": "#0"},
				"east": {"uv": [0, 0, 0.75, 0.5], "rotation": 180, "texture": "#0"},
				"south": {"uv": [0, 0, 0.75, 0.5], "rotation": 180, "texture": "#0"},
				"west": {"uv": [0, 0, 0.75, 0.5], "rotation": 180, "texture": "#0"},
				"up": {"uv": [0, 0, 0.75, 0.75], "rotation": 180, "texture": "#0"},
				"down": {"uv": [0, 0, 0.75, 0.75], "rotation": 180, "texture": "#0"}
			}
		},
		{
			"from": [7.9, 17.598, 13.205],
			"to": [8.1, 17.648, 13.705],
			"rotation": {"angle": -45, "axis": "z", "origin": [8, 17.4, 13.5]},
			"faces": {
				"north": {"uv": [0, 0, 0.75, 0.5], "rotation": 180, "texture": "#0"},
				"east": {"uv": [0, 0, 0.75, 0.5], "rotation": 180, "texture": "#0"},
				"south": {"uv": [0, 0, 0.75, 0.5], "rotation": 180, "texture": "#0"},
				"west": {"uv": [0, 0, 0.75, 0.5], "rotation": 180, "texture": "#0"},
				"up": {"uv": [0, 0, 0.75, 0.75], "rotation": 180, "texture": "#0"},
				"down": {"uv": [0, 0, 0.75, 0.75], "rotation": 180, "texture": "#0"}
			}
		},
		{
			"from": [8.2, 17.3, 13.205],
			"to": [8.25, 17.5, 13.705],
			"rotation": {"angle": 0, "axis": "z", "origin": [8, 17.4, 13.5]},
			"faces": {
				"north": {"uv": [0, 0, 0.75, 0.5], "rotation": 90, "texture": "#0"},
				"east": {"uv": [0, 0, 0.75, 0.75], "rotation": 270, "texture": "#0"},
				"south": {"uv": [0, 0, 0.75, 0.5], "rotation": 270, "texture": "#0"},
				"west": {"uv": [0, 0, 0.75, 0.75], "rotation": 270, "texture": "#0"},
				"up": {"uv": [0, 0, 0.75, 0.5], "rotation": 270, "texture": "#0"},
				"down": {"uv": [0, 0, 0.75, 0.5], "rotation": 270, "texture": "#0"}
			}
		},
		{
			"from": [8.2, 17.3, 13.205],
			"to": [8.25, 17.5, 13.705],
			"rotation": {"angle": -45, "axis": "z", "origin": [8, 17.4, 13.5]},
			"faces": {
				"north": {"uv": [0, 0, 0.75, 0.5], "rotation": 90, "texture": "#0"},
				"east": {"uv": [0, 0, 0.75, 0.75], "rotation": 270, "texture": "#0"},
				"south": {"uv": [0, 0, 0.75, 0.5], "rotation": 270, "texture": "#0"},
				"west": {"uv": [0, 0, 0.75, 0.75], "rotation": 270, "texture": "#0"},
				"up": {"uv": [0, 0, 0.75, 0.5], "rotation": 270, "texture": "#0"},
				"down": {"uv": [0, 0, 0.75, 0.5], "rotation": 270, "texture": "#0"}
			}
		},
		{
			"from": [7, 15.5, -7],
			"to": [9, 16, -5],
			"rotation": {"angle": 0, "axis": "y", "origin": [-0.5, 0, 0]},
			"faces": {
				"north": {"uv": [0, 0, 2, 0.5], "texture": "#0"},
				"east": {"uv": [0, 0, 2, 0.5], "texture": "#0"},
				"south": {"uv": [0, 0, 2, 0.5], "texture": "#0"},
				"west": {"uv": [0, 0, 2, 0.5], "texture": "#0"},
				"up": {"uv": [0, 0, 2, 2], "texture": "#0"},
				"down": {"uv": [0, 0, 2, 2], "texture": "#0"}
			}
		},
		{
			"from": [7, 15.5, 12],
			"to": [9, 16, 14],
			"rotation": {"angle": 0, "axis": "y", "origin": [-0.5, 0, 0]},
			"faces": {
				"north": {"uv": [0, 0, 2, 0.5], "texture": "#0"},
				"east": {"uv": [0, 0, 2, 0.5], "texture": "#0"},
				"south": {"uv": [0, 0, 2, 0.5], "texture": "#0"},
				"west": {"uv": [0, 0, 2, 0.5], "texture": "#0"},
				"up": {"uv": [0, 0, 2, 2], "texture": "#0"},
				"down": {"uv": [0, 0, 2, 2], "texture": "#0"}
			}
		},
		{
			"from": [7, 15.5, 12],
			"to": [9, 16.5, 14],
			"rotation": {"angle": 0, "axis": "y", "origin": [-0.5, 0, 0]},
			"faces": {
				"north": {"uv": [0, 5, 2, 6], "texture": "#0"},
				"east": {"uv": [0, 5, 2, 6], "texture": "#0"},
				"south": {"uv": [0, 5, 2, 6], "texture": "#0"},
				"west": {"uv": [0, 5, 2, 6], "texture": "#0"},
				"up": {"uv": [0, 5, 2, 7], "texture": "#0"},
				"down": {"uv": [0, 5, 2, 7], "texture": "#0"}
			}
		},
		{
			"from": [7, 15.5, -7],
			"to": [9, 16.5, -5],
			"rotation": {"angle": 0, "axis": "y", "origin": [-0.5, 0, 0]},
			"faces": {
				"north": {"uv": [0, 5, 2, 6], "texture": "#0"},
				"east": {"uv": [0, 5, 2, 6], "texture": "#0"},
				"south": {"uv": [0, 5, 2, 6], "texture": "#0"},
				"west": {"uv": [0, 5, 2, 6], "texture": "#0"},
				"up": {"uv": [0, 5, 2, 7], "texture": "#0"},
				"down": {"uv": [0, 5, 2, 7], "texture": "#0"}
			}
		},
		{
			"from": [7.01, 13.01, 14],
			"to": [9.01, 15.01, 23],
			"rotation": {"angle": 0, "axis": "y", "origin": [-0.5, -1, -4.5]},
			"faces": {
				"north": {"uv": [7, 7, 9, 9], "texture": "#0"},
				"east": {"uv": [7, 7, 16, 9], "texture": "#0"},
				"south": {"uv": [5, 7, 7, 9], "texture": "#0"},
				"west": {"uv": [4, 7, 13, 9], "texture": "#0"},
				"up": {"uv": [4, 2, 6, 11], "texture": "#0"},
				"down": {"uv": [3, 7, 5, 16], "texture": "#0"}
			}
		},
		{
			"from": [7.01, 10.30163, 23.85614],
			"to": [8.01, 12.30163, 28.85614],
			"rotation": {"angle": 0, "axis": "y", "origin": [-0.5, -0.69837, -0.14386]},
			"faces": {
				"north": {"uv": [2, 5, 4, 6], "texture": "#0"},
				"east": {"uv": [3, 7, 8, 9], "texture": "#0"},
				"south": {"uv": [10, 6, 12, 7], "texture": "#0"},
				"west": {"uv": [2, 8, 7, 10], "texture": "#0"},
				"up": {"uv": [6, 8, 11, 9], "rotation": 90, "texture": "#0"},
				"down": {"uv": [5, 10, 10, 11], "rotation": 90, "texture": "#0"}
			}
		},
		{
			"from": [7.99, 10.30163, 23.85614],
			"to": [8.99, 12.30163, 28.85614],
			"rotation": {"angle": 0, "axis": "y", "origin": [-0.5, -0.69837, -0.14386]},
			"faces": {
				"north": {"uv": [2, 4, 4, 5], "texture": "#0"},
				"east": {"uv": [3, 6, 8, 8], "texture": "#0"},
				"south": {"uv": [10, 5, 12, 6], "texture": "#0"},
				"west": {"uv": [2, 7, 7, 9], "texture": "#0"},
				"up": {"uv": [6, 7, 11, 8], "rotation": 90, "texture": "#0"},
				"down": {"uv": [5, 9, 10, 10], "rotation": 90, "texture": "#0"}
			}
		},
		{
			"from": [7.01, 4.55163, 24.85614],
			"to": [9.01, 6.55163, 28.85614],
			"rotation": {"angle": 0, "axis": "y", "origin": [-0.5, -0.69837, -0.14386]},
			"faces": {
				"north": {"uv": [2, 8, 4, 10], "texture": "#0"},
				"east": {"uv": [9, 8, 13, 10], "texture": "#0"},
				"south": {"uv": [4, 8, 6, 10], "texture": "#0"},
				"west": {"uv": [5, 8, 9, 10], "texture": "#0"},
				"up": {"uv": [6, 6, 8, 10], "texture": "#0"},
				"down": {"uv": [4, 8, 6, 12], "texture": "#0"}
			}
		},
		{
			"from": [6.5, 4.55163, 28.85614],
			"to": [9.5, 12.55163, 30.85614],
			"rotation": {"angle": 0, "axis": "y", "origin": [-0.5, -0.69837, -0.14386]},
			"faces": {
				"north": {"uv": [2, 8, 10, 11], "rotation": 90, "texture": "#0"},
				"east": {"uv": [1, 8, 9, 10], "rotation": 90, "texture": "#0"},
				"south": {"uv": [3, 9, 11, 12], "rotation": 90, "texture": "#0"},
				"west": {"uv": [4, 8, 12, 10], "rotation": 90, "texture": "#0"},
				"up": {"uv": [9, 8, 12, 10], "texture": "#0"},
				"down": {"uv": [8, 8, 11, 10], "texture": "#0"}
			}
		},
		{
			"from": [7, 1.6864, 29.37086],
			"to": [9, 11.6864, 31.37086],
			"rotation": {"angle": -22.5, "axis": "x", "origin": [-0.5, -7.69837, 18.85614]},
			"faces": {
				"north": {"uv": [0, 7, 10, 9], "rotation": 90, "texture": "#0"},
				"east": {"uv": [3, 7, 13, 9], "rotation": 90, "texture": "#0"},
				"south": {"uv": [3, 7, 13, 9], "rotation": 90, "texture": "#0"},
				"west": {"uv": [5, 7, 15, 9], "rotation": 90, "texture": "#0"},
				"up": {"uv": [0, 0, 2, 2], "rotation": 180, "texture": "#0"},
				"down": {"uv": [0, 0, 2, 2], "texture": "#0"}
			}
		},
		{
			"from": [7.25, 11.75, -10],
			"to": [8.25, 12.75, -7],
			"rotation": {"angle": 45, "axis": "z", "origin": [8, 12.5, -9]},
			"faces": {
				"north": {"uv": [8, 15, 9, 16], "texture": "#0"},
				"east": {"uv": [3, 5, 6, 6], "texture": "#0"},
				"south": {"uv": [5, 15, 6, 16], "texture": "#0"},
				"west": {"uv": [6, 5, 9, 6], "texture": "#0"},
				"up": {"uv": [12, 6, 13, 9], "texture": "#0"},
				"down": {"uv": [12, 6, 13, 9], "texture": "#0"}
			}
		},
		{
			"from": [7, -4, 0.75],
			"to": [9, 7, 3.75],
			"rotation": {"angle": -22.5, "axis": "x", "origin": [0, 0, 0]},
			"faces": {
				"north": {"uv": [3, 5, 14, 7], "rotation": 90, "texture": "#0"},
				"east": {"uv": [0, 5, 11, 8], "rotation": 90, "texture": "#0"},
				"south": {"uv": [3, 6, 14, 8], "rotation": 90, "texture": "#0"},
				"west": {"uv": [0, 8, 11, 11], "rotation": 90, "texture": "#0"},
				"up": {"uv": [10, 5, 12, 8], "texture": "#0"},
				"down": {"uv": [10, 13, 12, 16], "texture": "#0"}
			}
		},
		{
			"from": [7.01, 2, 14.25],
			"to": [9.01, 9, 17.25],
			"rotation": {"angle": -22.5, "axis": "x", "origin": [0, 0, 0]},
			"faces": {
				"north": {"uv": [2, 6, 9, 8], "rotation": 90, "texture": "#0"},
				"east": {"uv": [5, 6, 12, 9], "rotation": 90, "texture": "#0"},
				"south": {"uv": [5, 8, 12, 10], "rotation": 90, "texture": "#0"},
				"west": {"uv": [4, 4, 11, 7], "rotation": 90, "texture": "#0"},
				"up": {"uv": [1, 7, 3, 10], "texture": "#0"},
				"down": {"uv": [1, 5, 3, 8], "texture": "#0"}
			}
		},
		{
			"from": [7, 10.5, 6.675],
			"to": [9, 10.5, 8.675],
			"rotation": {"angle": 0, "axis": "y", "origin": [7, 10.5, 5.75]},
			"faces": {
				"north": {"uv": [0, 0, 2, 0], "texture": "#0"},
				"east": {"uv": [0, 0, 2, 0], "texture": "#0"},
				"south": {"uv": [0, 0, 2, 0], "texture": "#0"},
				"west": {"uv": [0, 0, 2, 0], "texture": "#0"},
				"up": {"uv": [0, 0, 2, 2], "texture": "#0"},
				"down": {"uv": [0, 0, 2, 2], "texture": "#0"}
			}
		},
		{
			"from": [7, 10.14609, 8.74579],
			"to": [9, 10.14609, 11.74579],
			"rotation": {"angle": -22.5, "axis": "x", "origin": [7, 10.14609, 7.82079]},
			"faces": {
				"north": {"uv": [0, 0, 2, 0], "texture": "#0"},
				"east": {"uv": [0, 0, 3, 0], "texture": "#0"},
				"south": {"uv": [0, 0, 2, 0], "texture": "#0"},
				"west": {"uv": [0, 0, 3, 0], "texture": "#0"},
				"up": {"uv": [0, 0, 2, 3], "texture": "#0"},
				"down": {"uv": [0, 0, 2, 3], "texture": "#0"}
			}
		},
		{
			"from": [7, 2, 10.25],
			"to": [9, 3, 14.25],
			"rotation": {"angle": -22.5, "axis": "x", "origin": [0, 0, 0]},
			"faces": {
				"north": {"uv": [4, 10, 6, 11], "texture": "#0"},
				"east": {"uv": [6, 7, 10, 8], "texture": "#0"},
				"south": {"uv": [8, 8, 10, 9], "texture": "#0"},
				"west": {"uv": [5, 7, 9, 8], "texture": "#0"},
				"up": {"uv": [5, 6, 7, 10], "texture": "#0"},
				"down": {"uv": [7, 9, 9, 13], "texture": "#0"}
			}
		}
	],
	"gui_light": "front",
	"display": {
		"thirdperson_righthand": {
			"rotation": [-0.75, 0, 0],
			"translation": [0, -1.5, -0.5],
			"scale": [0.35, 0.35, 0.35]
		},
		"thirdperson_lefthand": {
			"rotation": [-0.75, 0, 0],
			"translation": [0, -1.5, -0.5],
			"scale": [0.35, 0.35, 0.35]
		},
		"firstperson_righthand": {
			"rotation": [-0.8, -10, -0.25],
			"translation": [0.57, 11.3, 4.25],
			"scale": [0.7, 0.7, 0.7]
		},
		"firstperson_lefthand": {
			"rotation": [-0.8, -10, -0.25],
			"translation": [0.57, 11.3, 4.25],
			"scale": [0.7, 0.7, 0.7]
		},
		"ground": {
			"rotation": [0, 0, 90],
			"scale": [0.35, 0.35, 0.35]
		},
		"gui": {
			"rotation": [90, 45, -90],
			"translation": [-0.75, -0.75, 0],
			"scale": [0.35, 0.35, 0.35]
		}
	},
	"groups": [
		{
			"name": "body",
			"origin": [-0.5, 0, 0],
			"color": 0,
			"nbt": "{}",
			"children": [0, 1, 2, 3, 4, 5, 6, 7, 8, 9, 10, 11, 12, 13, 14, 15, 16, 17, 18, 19, 20]
		},
		{
			"name": "sight@attach",
			"origin": [-0.5, 0, 0],
			"color": 0,
			"nbt": "{}",
			"children": [
				{
					"name": "default@name",
					"origin": [-0.5, 0, 0],
					"color": 0,
					"nbt": "{}",
					"children": [
						{
							"name": "peep@state",
							"origin": [-0.5, 0, 0],
							"color": 0,
							"nbt": "{}",
							"children": [21, 22, 23, 24, 25, 26, 27, 28, 29, 30, 31, 32, 33, 34, 35, 36, 37, 38, 39]
						},
						40,
						41
					]
				}
			]
		},
		{
			"name": "stock@attach",
			"origin": [-0.5, -7.69837, 18.85614],
			"color": 0,
			"nbt": "{}",
			"children": [
				{
					"name": "default@name",
					"origin": [-0.5, -7.69837, 18.85614],
					"color": 0,
					"nbt": "{}",
					"children": [42, 43, 44, 45, 46, 47]
				}
			]
		},
		{
			"name": "barrel@attach",
			"origin": [8, 8, 8],
			"color": 0,
			"nbt": "{}",
			"children": [
				{
					"name": "default@name",
					"origin": [8, 8, 8],
					"color": 0,
					"nbt": "{}",
					"children": [48]
				}
			]
		},
		{
			"name": "underbarrel@attach",
			"origin": [8, 8, 8],
			"color": 0,
			"nbt": "{}",
			"children": [
				{
					"name": "default@name",
					"origin": [8, 8, 8],
					"color": 0,
					"nbt": "{}",
					"children": []
				}
			]
		},
		{
			"name": "magazine@attach",
			"origin": [0, 0, 0],
			"color": 0,
			"nbt": "{}",
			"children": [
				{
					"name": "default@name",
					"origin": [0, 0, 0],
					"color": 0,
					"nbt": "{}",
					"children": [49]
				}
			]
		},
		{
			"name": "grip@attach",
			"origin": [7, 10.5, 5.75],
			"color": 0,
			"nbt": "{}",
			"children": [
				{
					"name": "default@name",
					"origin": [0, 0, 0],
					"color": 0,
					"nbt": "{}",
					"children": [50, 51, 52, 53]
				}
			]
		}
	]
}