{
	"credit": "Made with Blockbench",
	"textures": {
		"0": "item/gun/metal",
		"1": "item/gun/none",
		"particle": "item/gun/metal"
	},
	"elements": [
		{
			"from": [7.51, 2.5, 16.25],
			"to": [8.51, 2.5, 18.25],
			"rotation": {"angle": 0, "axis": "z", "origin": [8, 5.5, 0]},
			"faces": {
				"north": {"uv": [1, 2, 1, 3], "rotation": 90, "texture": "#0"},
				"east": {"uv": [1, 2, 1, 4], "rotation": 270, "texture": "#0"},
				"south": {"uv": [1, 2, 1, 3], "rotation": 270, "texture": "#0"},
				"west": {"uv": [1, 2, 1, 4], "rotation": 270, "texture": "#0"},
				"up": {"uv": [1, 2, 3, 3], "rotation": 270, "texture": "#0"},
				"down": {"uv": [1, 2, 3, 3], "rotation": 270, "texture": "#0"}
			}
		},
		{
			"from": [7.51, 2.5, 16.25],
			"to": [8.51, 3.5, 16.25],
			"rotation": {"angle": 0, "axis": "z", "origin": [8, 5.5, 0]},
			"faces": {
				"north": {"uv": [1, 2, 2, 3], "rotation": 90, "texture": "#0"},
				"east": {"uv": [1, 2, 2, 2], "rotation": 270, "texture": "#0"},
				"south": {"uv": [1, 2, 2, 3], "rotation": 270, "texture": "#0"},
				"west": {"uv": [1, 2, 2, 2], "rotation": 270, "texture": "#0"},
				"up": {"uv": [1, 2, 1, 3], "rotation": 270, "texture": "#0"},
				"down": {"uv": [1, 2, 1, 3], "rotation": 270, "texture": "#0"}
			}
		},
		{
			"from": [7, 4.5, 7.875],
			"to": [9, 6.5, 17.875],
			"rotation": {"angle": 45, "axis": "z", "origin": [8, 5.5, 1.625]},
			"faces": {
				"north": {"uv": [11, 3, 13, 5], "texture": "#0"},
				"east": {"uv": [6, 3, 16, 5], "texture": "#0"},
				"south": {"uv": [7, 3, 9, 5], "texture": "#0"},
				"west": {"uv": [6, 6, 16, 8], "texture": "#0"},
				"up": {"uv": [6, 3, 16, 5], "rotation": 90, "texture": "#0"},
				"down": {"uv": [6, 6, 16, 8], "rotation": 90, "texture": "#0"}
			}
		},
		{
			"from": [7, 4.075, 8],
			"to": [9, 5.075, 12],
			"rotation": {"angle": 0, "axis": "z", "origin": [8, 5.5, -1]},
			"faces": {
				"north": {"uv": [0, 4, 1, 6], "rotation": 90, "texture": "#0"},
				"east": {"uv": [1, 4, 5, 5], "texture": "#0"},
				"south": {"uv": [0, 3, 1, 5], "rotation": 270, "texture": "#0"},
				"west": {"uv": [1, 9, 5, 10], "texture": "#0"},
				"up": {"uv": [0, 3, 4, 5], "rotation": 270, "texture": "#0"},
				"down": {"uv": [0, 4, 4, 6], "rotation": 270, "texture": "#0"}
			}
		},
		{
			"from": [7, 3.5, 12],
			"to": [9, 5.5, 17],
			"rotation": {"angle": 0, "axis": "z", "origin": [8, 5.5, -1]},
			"faces": {
				"north": {"uv": [0, 4, 2, 6], "rotation": 90, "texture": "#0"},
				"east": {"uv": [0, 4, 5, 6], "texture": "#0"},
				"south": {"uv": [0, 4, 2, 6], "rotation": 270, "texture": "#0"},
				"west": {"uv": [0, 3, 5, 5], "texture": "#0"},
				"up": {"uv": [0, 3, 5, 5], "rotation": 270, "texture": "#0"},
				"down": {"uv": [0, 5, 5, 7], "rotation": 270, "texture": "#0"}
			}
		},
		{
			"from": [7, 4.075, 17],
			"to": [9, 5.075, 19],
			"rotation": {"angle": 0, "axis": "z", "origin": [8, 5.5, -1]},
			"faces": {
				"north": {"uv": [1, 3, 2, 5], "rotation": 90, "texture": "#0"},
				"east": {"uv": [2, 3, 3, 5], "rotation": 270, "texture": "#0"},
				"south": {"uv": [2, 3, 3, 5], "rotation": 270, "texture": "#0"},
				"west": {"uv": [1, 3, 2, 5], "rotation": 270, "texture": "#0"},
				"up": {"uv": [1, 2, 3, 4], "rotation": 270, "texture": "#0"},
				"down": {"uv": [1, 4, 3, 6], "rotation": 270, "texture": "#0"}
			}
		},
		{
			"from": [7.5, 0.5, 17.5],
			"to": [8.5, 5.5, 19.5],
			"rotation": {"angle": -22.5, "axis": "x", "origin": [8, 2.5, 19]},
			"faces": {
				"north": {"uv": [0, 9, 5, 10], "rotation": 90, "texture": "#0"},
				"east": {"uv": [0, 6, 5, 8], "rotation": 270, "texture": "#0"},
				"south": {"uv": [0, 6, 5, 7], "rotation": 270, "texture": "#0"},
				"west": {"uv": [0, 6, 5, 8], "rotation": 270, "texture": "#0"},
				"up": {"uv": [0, 6, 2, 7], "rotation": 270, "texture": "#0"},
				"down": {"uv": [0, 11, 2, 12], "rotation": 270, "texture": "#0"}
			}
		},
		{
			"from": [7, 4.5, 17.875],
			"to": [9, 6.5, 22.875],
			"rotation": {"angle": 45, "axis": "z", "origin": [8, 5.5, 1.625]},
			"faces": {
				"north": {"uv": [0, 3, 2, 5], "texture": "#0"},
				"east": {"uv": [0, 3, 5, 5], "texture": "#0"},
				"south": {"uv": [0, 3, 2, 5], "texture": "#0"},
				"west": {"uv": [0, 6, 5, 8], "texture": "#0"},
				"up": {"uv": [0, 3, 5, 5], "rotation": 90, "texture": "#0"},
				"down": {"uv": [0, 6, 5, 8], "rotation": 90, "texture": "#0"}
			}
		},
		{
			"from": [6.5, 10.01, 23.5],
			"to": [9.5, 10.51, 24.5],
			"faces": {
				"north": {"uv": [1, 13, 4, 13.5], "texture": "#0"},
				"east": {"uv": [4, 13, 5, 13.5], "texture": "#0"},
				"south": {"uv": [2, 13, 5, 13.5], "texture": "#0"},
				"west": {"uv": [8, 13, 9, 13.5], "texture": "#0"},
				"up": {"uv": [8, 11, 9, 14], "rotation": 90, "texture": "#0"},
				"down": {"uv": [11, 12, 12, 15], "rotation": 90, "texture": "#0"}
			}
		},
		{
			"from": [6.5, 8, 23.5],
			"to": [7, 10, 24.5],
			"faces": {
				"north": {"uv": [1, 13, 1.5, 15], "texture": "#0"},
				"east": {"uv": [4, 13, 5, 15], "texture": "#0"},
				"south": {"uv": [2, 13, 2.5, 15], "texture": "#0"},
				"west": {"uv": [8, 13, 9, 15], "texture": "#0"},
				"up": {"uv": [8, 11, 9, 11.5], "rotation": 90, "texture": "#0"},
				"down": {"uv": [11, 12, 12, 12.5], "rotation": 90, "texture": "#0"}
			}
		},
		{
			"from": [9, 8, 23.5],
			"to": [9.5, 10, 24.5],
			"faces": {
				"north": {"uv": [1, 13, 1.5, 15], "texture": "#0"},
				"east": {"uv": [4, 13, 5, 15], "texture": "#0"},
				"south": {"uv": [2, 13, 2.5, 15], "texture": "#0"},
				"west": {"uv": [8, 13, 9, 15], "texture": "#0"},
				"up": {"uv": [8, 11, 9, 11.5], "rotation": 90, "texture": "#0"},
				"down": {"uv": [11, 12, 12, 12.5], "rotation": 90, "texture": "#0"}
			}
		},
		{
			"from": [6.5, 7.5, 25],
			"to": [9.5, 8, 27],
			"faces": {
				"north": {"uv": [1, 13, 4, 13.5], "texture": "#0"},
				"east": {"uv": [4, 13, 6, 13.5], "texture": "#0"},
				"south": {"uv": [2, 13, 5, 13.5], "texture": "#0"},
				"west": {"uv": [8, 13, 10, 13.5], "texture": "#0"},
				"up": {"uv": [8, 11, 10, 14], "rotation": 90, "texture": "#0"},
				"down": {"uv": [11, 12, 13, 15], "rotation": 90, "texture": "#0"}
			}
		},
		{
			"from": [9, 8, 25],
			"to": [9.5, 10, 27],
			"faces": {
				"north": {"uv": [1, 13, 1.5, 15], "texture": "#0"},
				"east": {"uv": [4, 13, 6, 15], "texture": "#0"},
				"south": {"uv": [2, 13, 2.5, 15], "texture": "#0"},
				"west": {"uv": [8, 13, 10, 15], "texture": "#0"},
				"up": {"uv": [8, 11, 10, 11.5], "rotation": 90, "texture": "#0"},
				"down": {"uv": [11, 12, 13, 12.5], "rotation": 90, "texture": "#0"}
			}
		},
		{
			"from": [6.5, 10, 25],
			"to": [9.5, 10.5, 27],
			"faces": {
				"north": {"uv": [1, 13, 4, 13.5], "texture": "#0"},
				"east": {"uv": [4, 13, 6, 13.5], "texture": "#0"},
				"south": {"uv": [2, 13, 5, 13.5], "texture": "#0"},
				"west": {"uv": [8, 13, 10, 13.5], "texture": "#0"},
				"up": {"uv": [8, 11, 10, 14], "rotation": 90, "texture": "#0"},
				"down": {"uv": [11, 12, 13, 15], "rotation": 90, "texture": "#0"}
			}
		},
		{
			"from": [6.5, 8, 25],
			"to": [7, 10, 27],
			"faces": {
				"north": {"uv": [1, 13, 1.5, 15], "texture": "#0"},
				"east": {"uv": [4, 13, 6, 15], "texture": "#0"},
				"south": {"uv": [2, 13, 2.5, 15], "texture": "#0"},
				"west": {"uv": [8, 13, 10, 15], "texture": "#0"},
				"up": {"uv": [8, 11, 10, 11.5], "rotation": 90, "texture": "#0"},
				"down": {"uv": [11, 12, 13, 12.5], "rotation": 90, "texture": "#0"}
			}
		},
		{
			"from": [6.5, 10.01, 19],
			"to": [9.5, 11.01, 21],
			"faces": {
				"north": {"uv": [0, 9, 3, 10], "texture": "#0"},
				"east": {"uv": [14, 10, 16, 11], "texture": "#0"},
				"south": {"uv": [3, 7, 6, 8], "texture": "#0"},
				"west": {"uv": [3, 10, 5, 11], "texture": "#0"},
				"up": {"uv": [7, 7, 9, 10], "rotation": 90, "texture": "#0"},
				"down": {"uv": [7, 10, 9, 13], "rotation": 90, "texture": "#0"}
			}
		},
		{
			"from": [6.5, 8, 19],
			"to": [7, 10, 21],
			"faces": {
				"north": {"uv": [0, 9, 0.5, 11], "texture": "#0"},
				"east": {"uv": [5, 9, 7, 11], "texture": "#0"},
				"south": {"uv": [3, 7, 3.5, 9], "texture": "#0"},
				"west": {"uv": [3, 10, 5, 12], "texture": "#0"},
				"up": {"uv": [7, 7, 9, 7.5], "rotation": 90, "texture": "#0"},
				"down": {"uv": [7, 10, 9, 10.5], "rotation": 90, "texture": "#0"}
			}
		},
		{
			"from": [9, 8, 19],
			"to": [9.5, 10, 21],
			"faces": {
				"north": {"uv": [0, 9, 0.5, 11], "texture": "#0"},
				"east": {"uv": [14, 10, 16, 12], "texture": "#0"},
				"south": {"uv": [3, 7, 3.5, 9], "texture": "#0"},
				"west": {"uv": [3, 10, 5, 12], "texture": "#0"},
				"up": {"uv": [7, 7, 9, 7.5], "rotation": 90, "texture": "#0"},
				"down": {"uv": [7, 10, 9, 10.5], "rotation": 90, "texture": "#0"}
			}
		},
		{
			"from": [6.5, 7.5, 23.5],
			"to": [9.5, 8, 24.5],
			"faces": {
				"north": {"uv": [1, 13, 4, 13.5], "texture": "#0"},
				"east": {"uv": [4, 13, 5, 13.5], "texture": "#0"},
				"south": {"uv": [2, 13, 5, 13.5], "texture": "#0"},
				"west": {"uv": [8, 13, 9, 13.5], "texture": "#0"},
				"up": {"uv": [8, 11, 9, 14], "rotation": 90, "texture": "#0"},
				"down": {"uv": [11, 12, 12, 15], "rotation": 90, "texture": "#0"}
			}
		},
		{
			"from": [6.5, 6, 19],
			"to": [9.5, 8, 21],
			"faces": {
				"north": {"uv": [0, 9, 3, 11], "texture": "#0"},
				"east": {"uv": [14, 10, 16, 12], "texture": "#0"},
				"south": {"uv": [3, 7, 6, 9], "texture": "#0"},
				"west": {"uv": [3, 10, 5, 12], "texture": "#0"},
				"up": {"uv": [7, 7, 9, 10], "rotation": 90, "texture": "#0"},
				"down": {"uv": [7, 10, 9, 13], "rotation": 90, "texture": "#0"}
			}
		},
		{
			"from": [9, 7, 6],
			"to": [10, 11, 10],
			"faces": {
				"north": {"uv": [9, 12, 10, 16], "texture": "#0"},
				"east": {"uv": [0, 12, 4, 16], "texture": "#0"},
				"south": {"uv": [8, 12, 9, 16], "texture": "#0"},
				"west": {"uv": [4, 12, 8, 16], "texture": "#0"},
				"up": {"uv": [12, 10, 16, 11], "rotation": 90, "texture": "#0"},
				"down": {"uv": [12, 12, 16, 13], "rotation": 90, "texture": "#0"}
			}
		},
		{
			"from": [6.99, 10, 13],
			"to": [8.99, 10, 25],
			"faces": {
				"north": {"uv": [0, 0, 2, 0], "texture": "#0"},
				"east": {"uv": [4, 12, 16, 12], "texture": "#0"},
				"south": {"uv": [0, 0, 2, 0], "texture": "#0"},
				"west": {"uv": [2, 12, 14, 12], "texture": "#0"},
				"up": {"uv": [4, 12, 16, 14], "rotation": 90, "texture": "#0"},
				"down": {"uv": [0, 12, 12, 14], "rotation": 90, "texture": "#0"}
			}
		},
		{
			"from": [7.01, 8, 13],
			"to": [7.01, 10, 25],
			"faces": {
				"north": {"uv": [0, 0, 0, 2], "texture": "#0"},
				"east": {"uv": [4, 12, 16, 14], "texture": "#0"},
				"south": {"uv": [0, 0, 0, 2], "texture": "#0"},
				"west": {"uv": [2, 12, 14, 14], "texture": "#0"},
				"up": {"uv": [5, 4, 17, 4], "rotation": 90, "texture": "#0"},
				"down": {"uv": [0, 4, 12, 4], "rotation": 90, "texture": "#0"}
			}
		},
		{
			"from": [8.99, 8, 13],
			"to": [8.99, 10, 25],
			"faces": {
				"north": {"uv": [0, 0, 0, 2], "texture": "#0"},
				"east": {"uv": [4, 12, 16, 14], "texture": "#0"},
				"south": {"uv": [0, 0, 0, 2], "texture": "#0"},
				"west": {"uv": [2, 12, 14, 14], "texture": "#0"},
				"up": {"uv": [5, 4, 17, 4], "rotation": 90, "texture": "#0"},
				"down": {"uv": [0, 4, 12, 4], "rotation": 90, "texture": "#0"}
			}
		},
		{
			"from": [9, 8, 10],
			"to": [9.5, 10, 14],
			"faces": {
				"north": {"uv": [1, 13, 1.5, 15], "texture": "#0"},
				"east": {"uv": [4, 13, 8, 15], "texture": "#0"},
				"south": {"uv": [2, 13, 2.5, 15], "texture": "#0"},
				"west": {"uv": [8, 13, 12, 15], "texture": "#0"},
				"up": {"uv": [8, 11, 12, 11.5], "rotation": 90, "texture": "#0"},
				"down": {"uv": [11, 12, 15, 12.5], "rotation": 90, "texture": "#0"}
			}
		},
		{
			"from": [6.5, 8, 10],
			"to": [7, 10, 14],
			"faces": {
				"north": {"uv": [1, 13, 1.5, 15], "texture": "#0"},
				"east": {"uv": [4, 13, 8, 15], "texture": "#0"},
				"south": {"uv": [2, 13, 2.5, 15], "texture": "#0"},
				"west": {"uv": [8, 13, 12, 15], "texture": "#0"},
				"up": {"uv": [8, 11, 12, 11.5], "rotation": 90, "texture": "#0"},
				"down": {"uv": [11, 12, 15, 12.5], "rotation": 90, "texture": "#0"}
			}
		},
		{
			"from": [6.5, 10, 10],
			"to": [9.5, 10.5, 14],
			"faces": {
				"north": {"uv": [1, 13, 4, 13.5], "texture": "#0"},
				"east": {"uv": [4, 13, 8, 13.5], "texture": "#0"},
				"south": {"uv": [2, 13, 5, 13.5], "texture": "#0"},
				"west": {"uv": [8, 13, 12, 13.5], "texture": "#0"},
				"up": {"uv": [8, 11, 12, 14], "rotation": 90, "texture": "#0"},
				"down": {"uv": [11, 12, 15, 15], "rotation": 90, "texture": "#0"}
			}
		},
		{
			"from": [6, 7, 6],
			"to": [7, 11, 10],
			"faces": {
				"north": {"uv": [0, 12, 1, 16], "texture": "#0"},
				"east": {"uv": [0, 12, 4, 16], "texture": "#0"},
				"south": {"uv": [4, 12, 5, 16], "texture": "#0"},
				"west": {"uv": [0, 12, 4, 16], "texture": "#0"},
				"up": {"uv": [12, 10, 16, 11], "rotation": 90, "texture": "#0"},
				"down": {"uv": [12, 12, 16, 13], "rotation": 90, "texture": "#0"}
			}
		},
		{
			"from": [7, 10, 6],
			"to": [9, 11, 10],
			"faces": {
				"north": {"uv": [4, 13, 6, 14], "texture": "#0"},
				"east": {"uv": [0, 13, 4, 14], "texture": "#0"},
				"south": {"uv": [11, 13, 13, 14], "texture": "#0"},
				"west": {"uv": [3, 13, 7, 14], "texture": "#0"},
				"up": {"uv": [8, 11, 12, 13], "rotation": 90, "texture": "#0"},
				"down": {"uv": [7, 12, 11, 14], "rotation": 90, "texture": "#0"}
			}
		},
		{
			"from": [6.5, 7.51, 10],
			"to": [9.5, 8.01, 14],
			"faces": {
				"north": {"uv": [1, 13, 4, 13.5], "texture": "#0"},
				"east": {"uv": [4, 13, 8, 13.5], "texture": "#0"},
				"south": {"uv": [2, 13, 5, 13.5], "texture": "#0"},
				"west": {"uv": [8, 13, 12, 13.5], "texture": "#0"},
				"up": {"uv": [8, 11, 12, 14], "rotation": 90, "texture": "#0"},
				"down": {"uv": [11, 12, 15, 15], "rotation": 90, "texture": "#0"}
			}
		},
		{
			"from": [7, 7, 6],
			"to": [9, 8, 10],
			"faces": {
				"north": {"uv": [7, 13, 9, 14], "texture": "#0"},
				"east": {"uv": [3, 13, 7, 14], "texture": "#0"},
				"south": {"uv": [4, 13, 6, 14], "texture": "#0"},
				"west": {"uv": [4, 13, 8, 14], "texture": "#0"},
				"up": {"uv": [8, 11, 12, 13], "rotation": 90, "texture": "#0"},
				"down": {"uv": [12, 12, 16, 14], "rotation": 90, "texture": "#0"}
			}
		},
		{
			"from": [7.01, 8, 13],
			"to": [9.01, 8, 25],
			"faces": {
				"north": {"uv": [0, 0, 2, 0], "texture": "#0"},
				"east": {"uv": [4, 12, 16, 12], "texture": "#0"},
				"south": {"uv": [0, 0, 2, 0], "texture": "#0"},
				"west": {"uv": [2, 12, 14, 12], "texture": "#0"},
				"up": {"uv": [4, 12, 16, 14], "rotation": 90, "texture": "#0"},
				"down": {"uv": [0, 12, 12, 14], "rotation": 90, "texture": "#0"}
			}
		},
		{
			"from": [7.075, 8.995, 6.25],
			"to": [8.925, 9.005, 6.25],
			"faces": {
				"north": {"uv": [1, 16, 0, 15], "texture": "#0"},
				"east": {"uv": [0, 0, 0, 0], "texture": "#0"},
				"south": {"uv": [1, 16, 0, 15], "texture": "#0"},
				"west": {"uv": [0, 0, 2, 0], "texture": "#0"},
				"up": {"uv": [1, 16, 0, 15], "texture": "#0"},
				"down": {"uv": [1, 16, 0, 15], "texture": "#0"}
			}
		},
		{
			"from": [7.725, 8.795, 6.25],
			"to": [8.275, 8.805, 6.25],
			"faces": {
				"north": {"uv": [1, 16, 0, 15], "texture": "#0"},
				"east": {"uv": [0, 0, 0, 0], "texture": "#0"},
				"south": {"uv": [1, 16, 0, 15], "texture": "#0"},
				"west": {"uv": [0, 0, 2, 0], "texture": "#0"},
				"up": {"uv": [1, 16, 0, 15], "texture": "#0"},
				"down": {"uv": [1, 16, 0, 15], "texture": "#0"}
			}
		},
		{
			"from": [7.825, 8.395, 6.25],
			"to": [8.175, 8.405, 6.25],
			"faces": {
				"north": {"uv": [1, 16, 0, 15], "texture": "#0"},
				"east": {"uv": [0, 0, 0, 0], "texture": "#0"},
				"south": {"uv": [1, 16, 0, 15], "texture": "#0"},
				"west": {"uv": [0, 0, 2, 0], "texture": "#0"},
				"up": {"uv": [1, 16, 0, 15], "texture": "#0"},
				"down": {"uv": [1, 16, 0, 15], "texture": "#0"}
			}
		},
		{
			"from": [7.825, 8.095, 6.25],
			"to": [8.175, 8.105, 6.25],
			"faces": {
				"north": {"uv": [1, 16, 0, 15], "texture": "#0"},
				"east": {"uv": [0, 0, 0, 0], "texture": "#0"},
				"south": {"uv": [1, 16, 0, 15], "texture": "#0"},
				"west": {"uv": [0, 0, 2, 0], "texture": "#0"},
				"up": {"uv": [1, 16, 0, 15], "texture": "#0"},
				"down": {"uv": [1, 16, 0, 15], "texture": "#0"}
			}
		},
		{
			"from": [7.825, 9.895, 6.25],
			"to": [8.175, 9.905, 6.25],
			"faces": {
				"north": {"uv": [1, 16, 0, 15], "texture": "#0"},
				"east": {"uv": [0, 0, 0, 0], "texture": "#0"},
				"south": {"uv": [1, 16, 0, 15], "texture": "#0"},
				"west": {"uv": [0, 0, 2, 0], "texture": "#0"},
				"up": {"uv": [1, 16, 0, 15], "texture": "#0"},
				"down": {"uv": [1, 16, 0, 15], "texture": "#0"}
			}
		},
		{
			"from": [7.775, 8.595, 6.25],
			"to": [8.225, 8.605, 6.25],
			"faces": {
				"north": {"uv": [1, 16, 0, 15], "texture": "#0"},
				"east": {"uv": [0, 0, 0, 0], "texture": "#0"},
				"south": {"uv": [1, 16, 0, 15], "texture": "#0"},
				"west": {"uv": [0, 0, 2, 0], "texture": "#0"},
				"up": {"uv": [1, 16, 0, 15], "texture": "#0"},
				"down": {"uv": [1, 16, 0, 15], "texture": "#0"}
			}
		},
		{
			"from": [7.995, 8.075, 6.25],
			"to": [8.005, 9.925, 6.25],
			"faces": {
				"north": {"uv": [1, 16, 0, 15], "texture": "#0"},
				"east": {"uv": [0, 0, 0, 0], "texture": "#0"},
				"south": {"uv": [1, 16, 0, 15], "texture": "#0"},
				"west": {"uv": [0, 0, 2, 0], "texture": "#0"},
				"up": {"uv": [1, 16, 0, 15], "texture": "#0"},
				"down": {"uv": [1, 16, 0, 15], "texture": "#0"}
			}
		},
		{
			"from": [7.095, 8.825, 6.25],
			"to": [7.115, 9.175, 6.25],
			"faces": {
				"north": {"uv": [1, 16, 0, 15], "texture": "#0"},
				"east": {"uv": [0, 0, 0, 0], "texture": "#0"},
				"south": {"uv": [1, 16, 0, 15], "texture": "#0"},
				"west": {"uv": [0, 0, 2, 0], "texture": "#0"},
				"up": {"uv": [1, 16, 0, 15], "texture": "#0"},
				"down": {"uv": [1, 16, 0, 15], "texture": "#0"}
			}
		},
		{
			"from": [8.895, 8.825, 6.25],
			"to": [8.915, 9.175, 6.25],
			"faces": {
				"north": {"uv": [1, 16, 0, 15], "texture": "#0"},
				"east": {"uv": [0, 0, 0, 0], "texture": "#0"},
				"south": {"uv": [1, 16, 0, 15], "texture": "#0"},
				"west": {"uv": [0, 0, 2, 0], "texture": "#0"},
				"up": {"uv": [1, 16, 0, 15], "texture": "#0"},
				"down": {"uv": [1, 16, 0, 15], "texture": "#0"}
			}
		},
		{
			"from": [7, 4.5, 22.875],
			"to": [9, 6.5, 29.875],
			"rotation": {"angle": 45, "axis": "z", "origin": [8, 5.5, 1.625]},
			"faces": {
				"north": {"uv": [5, 3, 7, 5], "texture": "#0"},
				"east": {"uv": [5, 3, 12, 5], "texture": "#0"},
				"south": {"uv": [5, 3, 7, 5], "texture": "#0"},
				"west": {"uv": [5, 6, 12, 8], "texture": "#0"},
				"up": {"uv": [5, 3, 12, 5], "rotation": 90, "texture": "#0"},
				"down": {"uv": [5, 6, 12, 8], "rotation": 90, "texture": "#0"}
			}
		},
		{
			"from": [7, 1.08579, 25.03921],
			"to": [9, 1.08579, 30.03921],
			"rotation": {"angle": 0, "axis": "z", "origin": [8, 5.43579, 1.54921]},
			"faces": {
				"north": {"uv": [0, 0, 1, 2], "rotation": 90, "texture": "#0"},
				"east": {"uv": [0, 0, 1, 5], "rotation": 270, "texture": "#0"},
				"south": {"uv": [0, 0, 1, 2], "rotation": 270, "texture": "#0"},
				"west": {"uv": [0, 0, 1, 5], "rotation": 270, "texture": "#0"},
				"up": {"uv": [0, 0, 5, 2], "rotation": 270, "texture": "#0"},
				"down": {"uv": [0, 7, 5, 9], "rotation": 270, "texture": "#0"}
			}
		},
		{
			"from": [6.5, 0.98463, 29.72276],
			"to": [9.5, 6.98463, 30.72276],
			"rotation": {"angle": 0, "axis": "z", "origin": [8, 5.08463, 1.98276]},
			"faces": {
				"north": {"uv": [0, 8, 6, 11], "rotation": 90, "texture": "#0"},
				"east": {"uv": [0, 8, 6, 9], "rotation": 270, "texture": "#0"},
				"south": {"uv": [0, 8, 6, 11], "rotation": 270, "texture": "#0"},
				"west": {"uv": [0, 8, 6, 9], "rotation": 270, "texture": "#0"},
				"up": {"uv": [0, 8, 1, 11], "rotation": 270, "texture": "#0"},
				"down": {"uv": [0, 8, 1, 11], "rotation": 270, "texture": "#0"}
			}
		},
		{
			"from": [7.001, 1.79289, 24.33211],
			"to": [9.001, 5.79289, 24.33211],
			"rotation": {"angle": 0, "axis": "z", "origin": [8.001, 5.79289, 2.33211]},
			"faces": {
				"north": {"uv": [0, 0, 4, 2], "rotation": 90, "texture": "#0"},
				"east": {"uv": [0, 0, 4, 1], "rotation": 270, "texture": "#0"},
				"south": {"uv": [0, 0, 4, 2], "rotation": 270, "texture": "#0"},
				"west": {"uv": [0, 0, 4, 1], "rotation": 270, "texture": "#0"},
				"up": {"uv": [0, 0, 1, 2], "rotation": 270, "texture": "#0"},
				"down": {"uv": [0, 0, 1, 2], "rotation": 270, "texture": "#0"}
			}
		},
		{
			"from": [7.001, 0.69239, 22.63821],
			"to": [9.001, 1.69239, 22.63821],
			"rotation": {"angle": -45, "axis": "x", "origin": [7.99, 3.78735, 23.36384]},
			"faces": {
				"north": {"uv": [0, 7, 1, 9], "rotation": 90, "texture": "#0"},
				"east": {"uv": [0, 4, 1, 4], "rotation": 270, "texture": "#0"},
				"south": {"uv": [0, 1, 1, 3], "rotation": 270, "texture": "#0"},
				"west": {"uv": [0, 2, 1, 2], "rotation": 90, "texture": "#0"},
				"up": {"uv": [0, 0, 0, 2], "rotation": 270, "texture": "#0"},
				"down": {"uv": [0, 0, 0, 2], "rotation": 270, "texture": "#0"}
			}
		},
		{
			"from": [7.5, 5, -12.875],
			"to": [8.5, 6, 2.125],
			"rotation": {"angle": 0, "axis": "x", "origin": [8, 5.5, -10]},
			"faces": {
				"north": {"uv": [0, 0, 1, 1], "texture": "#0"},
				"east": {"uv": [0, 2, 15, 3], "texture": "#0"},
				"south": {"uv": [0, 0, 1, 1], "texture": "#0"},
				"west": {"uv": [0, 2, 15, 3], "texture": "#0"},
				"up": {"uv": [0, 2, 15, 3], "rotation": 90, "texture": "#0"},
				"down": {"uv": [0, 6, 15, 7], "rotation": 90, "texture": "#0"}
			}
		},
		{
			"from": [7, 4.5, 1.875],
			"to": [9, 6.5, 7.875],
			"rotation": {"angle": 45, "axis": "z", "origin": [8, 5.5, 1.625]},
			"faces": {
				"north": {"uv": [5, 3, 7, 5], "texture": "#0"},
				"east": {"uv": [0, 3, 6, 5], "texture": "#0"},
				"south": {"uv": [1, 3, 3, 5], "texture": "#0"},
				"west": {"uv": [0, 6, 6, 8], "texture": "#0"},
				"up": {"uv": [0, 3, 6, 5], "rotation": 90, "texture": "#0"},
				"down": {"uv": [0, 6, 6, 8], "rotation": 90, "texture": "#0"}
			}
		},
		{
			"from": [6.5, 4.475, -13],
			"to": [9.5, 6.475, -12],
			"rotation": {"angle": 0, "axis": "z", "origin": [8, 5.5, 0]},
			"faces": {
				"north": {"uv": [0, 0, 2, 3], "rotation": 90, "texture": "#0"},
				"east": {"uv": [0, 0, 2, 1], "rotation": 270, "texture": "#0"},
				"south": {"uv": [0, 0, 2, 3], "rotation": 270, "texture": "#0"},
				"west": {"uv": [0, 0, 2, 1], "rotation": 270, "texture": "#0"},
				"up": {"uv": [0, 0, 1, 3], "rotation": 270, "texture": "#0"},
				"down": {"uv": [0, 2, 1, 5], "rotation": 270, "texture": "#0"}
			}
		},
		{
			"from": [7.5, 5, -12.875],
			"to": [8.5, 6, 2.125],
			"rotation": {"angle": 0, "axis": "y", "origin": [8, 5.5, -10]},
			"faces": {
				"north": {"uv": [0, 0, 1, 1], "texture": "#0"},
				"east": {"uv": [0, 2, 15, 3], "texture": "#0"},
				"south": {"uv": [0, 0, 1, 1], "texture": "#1"},
				"west": {"uv": [0, 2, 15, 3], "texture": "#0"},
				"up": {"uv": [0, 2, 15, 3], "rotation": 90, "texture": "#1"},
				"down": {"uv": [0, 6, 15, 7], "rotation": 90, "texture": "#0"}
			}
		},
		{
			"from": [7, 4.5, 1.875],
			"to": [9, 6.5, 7.875],
			"rotation": {"angle": 45, "axis": "z", "origin": [8, 5.5, 1.625]},
			"faces": {
				"north": {"uv": [5, 3, 7, 5], "texture": "#0"},
				"east": {"uv": [0, 3, 6, 5], "texture": "#1"},
				"south": {"uv": [1, 3, 3, 5], "texture": "#0"},
				"west": {"uv": [0, 6, 6, 8], "texture": "#0"},
				"up": {"uv": [0, 3, 6, 5], "rotation": 90, "texture": "#1"},
				"down": {"uv": [0, 6, 6, 8], "rotation": 90, "texture": "#0"}
			}
		},
		{
			"from": [6.5, 4.475, -13],
			"to": [9.5, 6.475, -12],
			"rotation": {"angle": 0, "axis": "y", "origin": [8, 5.5, 0]},
			"faces": {
				"north": {"uv": [0, 0, 2, 3], "rotation": 90, "texture": "#0"},
				"east": {"uv": [0, 0, 2, 1], "rotation": 270, "texture": "#0"},
				"south": {"uv": [0, 0, 2, 3], "rotation": 270, "texture": "#1"},
				"west": {"uv": [0, 0, 2, 1], "rotation": 270, "texture": "#0"},
				"up": {"uv": [0, 0, 1, 3], "rotation": 270, "texture": "#1"},
				"down": {"uv": [0, 2, 1, 5], "rotation": 270, "texture": "#0"}
			}
		},
		{
			"from": [7.5, 7.5, 12],
			"to": [8.5, 10.5, 16],
			"rotation": {"angle": 22.5, "axis": "x", "origin": [8, 5.5, -1]},
			"faces": {
				"north": {"uv": [1, 12, 4, 13], "rotation": 90, "texture": "#0"},
				"east": {"uv": [0, 11, 3, 15], "rotation": 270, "texture": "#0"},
				"south": {"uv": [1, 12, 4, 13], "rotation": 270, "texture": "#0"},
				"west": {"uv": [0, 9, 3, 13], "rotation": 270, "texture": "#0"},
				"up": {"uv": [2, 9, 6, 10], "rotation": 270, "texture": "#0"},
				"down": {"uv": [2, 12, 6, 13], "rotation": 270, "texture": "#0"}
			}
		}
	],
	"gui_light": "front",
	"display": {
		"thirdperson_righthand": {
			"translation": [0, 2.5, -0.75],
			"scale": [0.525, 0.525, 0.525]
		},
		"thirdperson_lefthand": {
			"translation": [0, 2.5, -0.75],
			"scale": [0.525, 0.525, 0.525]
		},
		"firstperson_righthand": {
			"rotation": [0, 4.25, -0.02],
			"translation": [-2.25, 14, -8.5]
		},
		"firstperson_lefthand": {
			"rotation": [0, 4.25, -0.02],
			"translation": [-2.25, 14, -8.5]
		},
		"ground": {
			"scale": [0.6, 0.6, 0.6]
		},
		"gui": {
			"rotation": [90, 45, -90],
			"translation": [0.75, 1.5, 0],
			"scale": [0.5, 0.5, 0.5]
		}
	},
	"groups": [
		{
			"name": "body",
			"origin": [8, 5.5, 1.625],
			"color": 0,
			"children": [0, 1, 2, 3, 4, 5, 6, 7]
		},
		{
			"name": "sight@attach",
			"origin": [8, 8, 8],
			"color": 0,
			"children": [
				{
					"name": "3.0xscope@name",
					"origin": [0, 0, 0],
					"color": 0,
					"children": [8, 9, 10, 11, 12, 13, 14, 15, 16, 17, 18, 19, 20, 21, 22, 23, 24, 25, 26, 27, 28, 29, 30, 31, 32, 33, 34, 35, 36, 37, 38, 39, 40]
				},
				{
					"name": "default@name",
					"origin": [8, 8, 8],
					"color": 0,
					"children": []
				}
			]
		},
		{
			"name": "stock@attach",
			"origin": [8, 8, 8],
			"color": 0,
			"children": [
				{
					"name": "default@name",
					"origin": [7.99, 3.78735, 23.36384],
					"color": 0,
					"children": [41, 42, 43, 44, 45]
				}
			]
		},
		{
			"name": "barrel@attach",
			"origin": [8, 8, 8],
			"color": 0,
			"children": [
				{
					"name": "default@name",
					"origin": [8, 5.5, 0],
					"color": 0,
					"children": [
						46,
						47,
						48,
						{
							"name": "peep@state",
							"origin": [8, 5.5, 0],
							"color": 0,
							"nbt": "{}",
							"children": [49, 50, 51]
						}
					]
				}
			]
		},
		{
			"name": "underbarrel@attach",
			"origin": [8, 8, 8],
			"color": 0,
			"children": [
				{
					"name": "default@name",
					"origin": [8, 8, 8],
					"color": 0,
					"children": []
				}
			]
		},
		{
			"name": "magazine@attach",
			"origin": [8, 8, 8],
			"color": 0,
			"children": [
				{
					"name": "default@name",
					"origin": [8, 5.5, -1],
					"color": 0,
					"children": [
						{
							"name": "reload_2@state",
							"origin": [7.99, 3.78735, 23.36384],
							"color": 0,
							"children": []
						},
						52
					]
				}
			]
		},
		{
			"name": "grip@attach",
			"origin": [8, 8, 8],
			"color": 0,
			"children": [
				{
					"name": "default@name",
					"origin": [8, 8, 8],
					"color": 0,
					"children": []
				}
			]
		}
	]
}