{
	"credit": "Made with Blockbench",
	"textures": {
		"1": "item/gun/metal",
		"particle": "item/gun/wood"
	},
	"elements": [
		{
			"from": [7, 5.38268, 12.07612],
			"to": [9, 7.38268, 17.07612],
			"rotation": {"angle": 0, "axis": "y", "origin": [0, 0.38268, -0.92388]},
			"faces": {
				"north": {"uv": [5, 6, 7, 8], "texture": "#particle"},
				"east": {"uv": [2, 6, 7, 8], "texture": "#particle"},
				"south": {"uv": [2, 8, 4, 10], "texture": "#particle"},
				"west": {"uv": [4, 6, 9, 8], "texture": "#particle"},
				"up": {"uv": [8, 5, 10, 10], "texture": "#particle"},
				"down": {"uv": [8, 3, 10, 8], "texture": "#particle"}
			}
		},
		{
			"from": [7, 5.38268, 10.07612],
			"to": [9, 7.38268, 12.07612],
			"rotation": {"angle": 0, "axis": "y", "origin": [0, 0.38268, -0.92388]},
			"faces": {
				"north": {"uv": [5, 6, 7, 8], "texture": "#1"},
				"east": {"uv": [2, 6, 4, 8], "texture": "#1"},
				"south": {"uv": [2, 8, 4, 10], "texture": "#1"},
				"west": {"uv": [4, 6, 6, 8], "texture": "#1"},
				"up": {"uv": [8, 3, 10, 5], "texture": "#1"},
				"down": {"uv": [8, 8, 10, 10], "texture": "#1"}
			}
		},
		{
			"from": [7, 5.38268, 8.07612],
			"to": [9, 7.38268, 9.07612],
			"rotation": {"angle": 0, "axis": "y", "origin": [0, 0.38268, -0.92388]},
			"faces": {
				"north": {"uv": [5, 6, 7, 8], "texture": "#1"},
				"east": {"uv": [2, 6, 3, 8], "texture": "#1"},
				"south": {"uv": [2, 8, 4, 10], "texture": "#1"},
				"west": {"uv": [4, 6, 5, 8], "texture": "#1"},
				"up": {"uv": [8, 3, 10, 4], "texture": "#1"},
				"down": {"uv": [8, 9, 10, 10], "texture": "#1"}
			}
		},
		{
			"from": [7, 6.38268, 9.07612],
			"to": [9, 7.38268, 10.07612],
			"rotation": {"angle": 0, "axis": "y", "origin": [0, 0.38268, -0.92388]},
			"faces": {
				"north": {"uv": [5, 6, 7, 7], "texture": "#1"},
				"east": {"uv": [2, 6, 3, 7], "texture": "#1"},
				"south": {"uv": [2, 8, 4, 9], "texture": "#1"},
				"west": {"uv": [4, 6, 5, 7], "texture": "#1"},
				"up": {"uv": [8, 3, 10, 4], "texture": "#1"},
				"down": {"uv": [8, 9, 10, 10], "texture": "#1"}
			}
		},
		{
			"from": [7.99, 6.88268, 13.07612],
			"to": [8.99, 7.88268, 17.07612],
			"rotation": {"angle": 0, "axis": "y", "origin": [-0.5, 0.76537, -0.92388]},
			"faces": {
				"north": {"uv": [4, 11, 5, 12], "rotation": 90, "texture": "#1"},
				"east": {"uv": [9, 5, 13, 6], "texture": "#1"},
				"south": {"uv": [4, 10, 5, 11], "rotation": 90, "texture": "#1"},
				"west": {"uv": [3, 9, 7, 10], "texture": "#1"},
				"up": {"uv": [6, 3, 7, 7], "texture": "#1"},
				"down": {"uv": [2, 11, 6, 12], "rotation": 90, "texture": "#1"}
			}
		},
		{
			"from": [7.01, 6.88268, 13.07612],
			"to": [8.01, 7.88268, 17.07612],
			"rotation": {"angle": 0, "axis": "y", "origin": [-0.5, 0.76537, -0.92388]},
			"faces": {
				"north": {"uv": [4, 11, 5, 12], "rotation": 90, "texture": "#1"},
				"east": {"uv": [7, 11, 11, 12], "texture": "#1"},
				"south": {"uv": [4, 10, 5, 11], "rotation": 90, "texture": "#1"},
				"west": {"uv": [12, 5, 16, 6], "texture": "#1"},
				"up": {"uv": [10, 4, 11, 8], "texture": "#1"},
				"down": {"uv": [2, 11, 6, 12], "rotation": 90, "texture": "#1"}
			}
		},
		{
			"from": [7.5, 3.88268, 14.07612],
			"to": [8.5, 5.88268, 14.07612],
			"rotation": {"angle": 0, "axis": "y", "origin": [0, 0.38268, -0.92388]},
			"faces": {
				"north": {"uv": [5, 8, 6, 10], "texture": "#1"},
				"east": {"uv": [7, 9, 7, 10], "texture": "#1"},
				"south": {"uv": [4, 10, 5, 12], "texture": "#1"},
				"west": {"uv": [7, 9, 7, 10], "texture": "#1"},
				"up": {"uv": [4, 6, 5, 6], "texture": "#1"},
				"down": {"uv": [7, 7, 8, 7], "texture": "#1"}
			}
		},
		{
			"from": [7.5, 3.88268, 16.07612],
			"to": [8.5, 5.88268, 16.07612],
			"rotation": {"angle": 0, "axis": "y", "origin": [0, 0.38268, -0.92388]},
			"faces": {
				"north": {"uv": [5, 8, 6, 10], "texture": "#1"},
				"east": {"uv": [7, 9, 7, 11], "texture": "#1"},
				"south": {"uv": [4, 10, 5, 12], "texture": "#1"},
				"west": {"uv": [7, 9, 7, 11], "texture": "#1"},
				"up": {"uv": [4, 6, 5, 6], "texture": "#1"},
				"down": {"uv": [7, 7, 8, 7], "texture": "#1"}
			}
		},
		{
			"from": [7.5, 3.88268, 14.07612],
			"to": [8.5, 3.88268, 16.07612],
			"rotation": {"angle": 0, "axis": "y", "origin": [0, 0.38268, -0.92388]},
			"faces": {
				"north": {"uv": [5, 8, 6, 8], "texture": "#1"},
				"east": {"uv": [7, 9, 9, 9], "texture": "#1"},
				"south": {"uv": [4, 10, 5, 10], "texture": "#1"},
				"west": {"uv": [7, 9, 9, 9], "texture": "#1"},
				"up": {"uv": [4, 6, 5, 8], "texture": "#1"},
				"down": {"uv": [7, 7, 8, 9], "texture": "#1"}
			}
		},
		{
			"from": [7.965, 7.83268, 15.42612],
			"to": [8.015, 8.83268, 15.92612],
			"rotation": {"angle": 0, "axis": "y", "origin": [-0.5, 0.76537, -0.92388]},
			"faces": {
				"north": {"uv": [3, 9, 4, 10], "rotation": 90, "texture": "#1"},
				"east": {"uv": [3, 9, 4, 10], "texture": "#1"},
				"south": {"uv": [3, 9, 4, 10], "rotation": 90, "texture": "#1"},
				"west": {"uv": [3, 9, 4, 10], "texture": "#1"},
				"up": {"uv": [3, 9, 4, 10], "texture": "#1"},
				"down": {"uv": [3, 9, 4, 10], "rotation": 90, "texture": "#1"}
			}
		},
		{
			"from": [7.49, 7.38268, 15.07612],
			"to": [8.49, 8.38268, 16.07612],
			"rotation": {"angle": 0, "axis": "y", "origin": [-0.5, 0.76537, -0.92388]},
			"faces": {
				"north": {"uv": [4, 11, 5, 12], "rotation": 90, "texture": "#1"},
				"east": {"uv": [7, 11, 8, 12], "texture": "#1"},
				"south": {"uv": [4, 10, 5, 11], "rotation": 90, "texture": "#1"},
				"west": {"uv": [3, 9, 4, 10], "texture": "#1"},
				"up": {"uv": [2, 11, 3, 12], "texture": "#1"},
				"down": {"uv": [2, 11, 3, 12], "rotation": 90, "texture": "#1"}
			}
		},
		{
			"from": [8.39, 8.38268, 15.67612],
			"to": [8.49, 8.58268, 16.07612],
			"rotation": {"angle": 0, "axis": "y", "origin": [-0.5, 0.76537, -0.92388]},
			"faces": {
				"north": {"uv": [4, 11, 5, 12], "rotation": 90, "texture": "#1"},
				"east": {"uv": [7, 11, 8, 12], "texture": "#1"},
				"south": {"uv": [4, 10, 5, 11], "rotation": 90, "texture": "#1"},
				"west": {"uv": [3, 9, 4, 10], "texture": "#1"},
				"up": {"uv": [2, 11, 3, 12], "texture": "#1"},
				"down": {"uv": [2, 11, 3, 12], "rotation": 90, "texture": "#1"}
			}
		},
		{
			"from": [7.49, 8.38268, 15.67612],
			"to": [7.59, 8.58268, 16.07612],
			"rotation": {"angle": 0, "axis": "y", "origin": [-0.5, 0.76537, -0.92388]},
			"faces": {
				"north": {"uv": [4, 11, 5, 12], "rotation": 90, "texture": "#1"},
				"east": {"uv": [7, 11, 8, 12], "texture": "#1"},
				"south": {"uv": [4, 10, 5, 11], "rotation": 90, "texture": "#1"},
				"west": {"uv": [3, 9, 4, 10], "texture": "#1"},
				"up": {"uv": [2, 11, 3, 12], "texture": "#1"},
				"down": {"uv": [2, 11, 3, 12], "rotation": 90, "texture": "#1"}
			}
		},
		{
			"from": [6.99, 2.02512, 27.01043],
			"to": [8.99, 4.02512, 30.01043],
			"rotation": {"angle": 0, "axis": "y", "origin": [0, -2.97488, -1.98957]},
			"faces": {
				"north": {"uv": [0, 7, 2, 9], "texture": "#particle"},
				"east": {"uv": [0, 6, 3, 8], "texture": "#particle"},
				"south": {"uv": [1, 7, 3, 9], "texture": "#particle"},
				"west": {"uv": [0, 6, 3, 8], "texture": "#particle"},
				"up": {"uv": [0, 8, 2, 11], "texture": "#particle"},
				"down": {"uv": [0, 8, 2, 11], "texture": "#particle"}
			}
		},
		{
			"from": [7, 3.02512, 25.01043],
			"to": [9, 5.02512, 30.01043],
			"rotation": {"angle": 0, "axis": "y", "origin": [0, -2.97488, -1.98957]},
			"faces": {
				"north": {"uv": [0, 7, 2, 9], "texture": "#particle"},
				"east": {"uv": [0, 8, 5, 10], "texture": "#particle"},
				"south": {"uv": [2, 9, 4, 11], "texture": "#particle"},
				"west": {"uv": [0, 8, 5, 10], "texture": "#particle"},
				"up": {"uv": [0, 8, 2, 13], "texture": "#particle"},
				"down": {"uv": [1, 9, 3, 14], "texture": "#particle"}
			}
		},
		{
			"from": [7, 4.02512, 22.01043],
			"to": [9, 5.02512, 25.01043],
			"rotation": {"angle": 0, "axis": "y", "origin": [0, -2.97488, -1.98957]},
			"faces": {
				"north": {"uv": [2, 10, 4, 11], "texture": "#particle"},
				"east": {"uv": [1, 9, 4, 10], "texture": "#particle"},
				"south": {"uv": [1, 9, 3, 10], "texture": "#particle"},
				"west": {"uv": [2, 10, 5, 11], "texture": "#particle"},
				"up": {"uv": [4, 8, 6, 11], "texture": "#particle"},
				"down": {"uv": [4, 8, 6, 11], "texture": "#particle"}
			}
		},
		{
			"from": [7, 1.78923, 16.47044],
			"to": [9, 5.78923, 17.47044],
			"rotation": {"angle": -22.5, "axis": "x", "origin": [0, 9.71725, 18.14811]},
			"faces": {
				"north": {"uv": [8, 8, 10, 12], "rotation": 180, "texture": "#particle"},
				"east": {"uv": [8, 8, 12, 9], "rotation": 270, "texture": "#particle"},
				"south": {"uv": [4, 6, 6, 10], "texture": "#particle"},
				"west": {"uv": [8, 12, 12, 13], "rotation": 90, "texture": "#particle"},
				"up": {"uv": [8, 8, 10, 9], "rotation": 180, "texture": "#particle"},
				"down": {"uv": [8, 8, 10, 9], "texture": "#particle"}
			}
		},
		{
			"from": [7, 1.78923, 17.47044],
			"to": [9, 4.78923, 18.47044],
			"rotation": {"angle": -22.5, "axis": "x", "origin": [0, 9.71725, 18.14811]},
			"faces": {
				"north": {"uv": [8, 8, 10, 11], "rotation": 180, "texture": "#particle"},
				"east": {"uv": [7, 10, 10, 11], "rotation": 270, "texture": "#particle"},
				"south": {"uv": [4, 7, 6, 10], "texture": "#particle"},
				"west": {"uv": [6, 9, 9, 10], "rotation": 90, "texture": "#particle"},
				"up": {"uv": [8, 9, 10, 10], "rotation": 180, "texture": "#particle"},
				"down": {"uv": [9, 9, 11, 10], "texture": "#particle"}
			}
		},
		{
			"from": [7.01, 13.71725, 21.14811],
			"to": [9.01, 16.71725, 30.14811],
			"rotation": {"angle": 22.5, "axis": "x", "origin": [0, 9.71725, -6.85189]},
			"faces": {
				"north": {"uv": [7, 8, 9, 11], "texture": "#particle"},
				"east": {"uv": [0, 9, 9, 12], "texture": "#particle"},
				"south": {"uv": [3, 7, 5, 10], "texture": "#particle"},
				"west": {"uv": [0, 9, 9, 12], "texture": "#particle"},
				"up": {"uv": [7, 6, 9, 15], "texture": "#particle"},
				"down": {"uv": [2, 6, 4, 15], "texture": "#particle"}
			}
		},
		{
			"from": [7.01, 14.71725, 16.14811],
			"to": [9.01, 16.71725, 21.14811],
			"rotation": {"angle": 22.5, "axis": "x", "origin": [0, 9.71725, -6.85189]},
			"faces": {
				"north": {"uv": [5, 6, 7, 8], "texture": "#particle"},
				"east": {"uv": [5, 6, 10, 8], "texture": "#particle"},
				"south": {"uv": [5, 6, 7, 8], "texture": "#particle"},
				"west": {"uv": [9, 7, 11, 12], "rotation": 90, "texture": "#particle"},
				"up": {"uv": [5, 6, 7, 11], "texture": "#particle"},
				"down": {"uv": [5, 6, 7, 11], "texture": "#particle"}
			}
		},
		{
			"from": [8.49, 7.13268, 0.07612],
			"to": [8.49, 9.13268, 1.07612],
			"rotation": {"angle": 0, "axis": "y", "origin": [-0.5, 0.76537, -0.92388]},
			"faces": {
				"north": {"uv": [3, 9, 4, 10], "rotation": 90, "texture": "#1"},
				"east": {"uv": [3, 9, 4, 10], "texture": "#1"},
				"south": {"uv": [3, 9, 4, 10], "rotation": 90, "texture": "#1"},
				"west": {"uv": [3, 9, 4, 10], "texture": "#1"},
				"up": {"uv": [3, 9, 4, 10], "texture": "#1"},
				"down": {"uv": [3, 9, 4, 10], "rotation": 90, "texture": "#1"}
			}
		},
		{
			"from": [7.965, 7.63268, -1.42388],
			"to": [8.015, 8.63268, 0.82612],
			"rotation": {"angle": 0, "axis": "y", "origin": [-0.5, 0.76537, -0.92388]},
			"faces": {
				"north": {"uv": [3, 9, 4, 10], "rotation": 90, "texture": "#1"},
				"east": {"uv": [3, 9, 4, 10], "texture": "#1"},
				"south": {"uv": [3, 9, 4, 10], "rotation": 90, "texture": "#1"},
				"west": {"uv": [3, 9, 4, 10], "texture": "#1"},
				"up": {"uv": [3, 9, 4, 10], "texture": "#1"},
				"down": {"uv": [3, 9, 4, 10], "rotation": 90, "texture": "#1"}
			}
		},
		{
			"from": [7.49, 7.13268, 0.07612],
			"to": [7.49, 9.13268, 1.07612],
			"rotation": {"angle": 0, "axis": "y", "origin": [-0.5, 0.76537, -0.92388]},
			"faces": {
				"north": {"uv": [3, 9, 4, 10], "rotation": 90, "texture": "#1"},
				"east": {"uv": [3, 9, 4, 10], "texture": "#1"},
				"south": {"uv": [3, 9, 4, 10], "rotation": 90, "texture": "#1"},
				"west": {"uv": [3, 9, 4, 10], "texture": "#1"},
				"up": {"uv": [3, 9, 4, 10], "texture": "#1"},
				"down": {"uv": [3, 9, 4, 10], "rotation": 90, "texture": "#1"}
			}
		},
		{
			"from": [8.49, 7.13268, -1.67388],
			"to": [8.49, 9.13268, -0.67388],
			"rotation": {"angle": 0, "axis": "y", "origin": [-0.5, 0.76537, -0.92388]},
			"faces": {
				"north": {"uv": [3, 9, 4, 10], "rotation": 90, "texture": "#1"},
				"east": {"uv": [3, 9, 4, 10], "texture": "#1"},
				"south": {"uv": [3, 9, 4, 10], "rotation": 90, "texture": "#1"},
				"west": {"uv": [3, 9, 4, 10], "texture": "#1"},
				"up": {"uv": [3, 9, 4, 10], "texture": "#1"},
				"down": {"uv": [3, 9, 4, 10], "rotation": 90, "texture": "#1"}
			}
		},
		{
			"from": [7.49, 7.13268, -1.67388],
			"to": [7.49, 9.13268, -0.67388],
			"rotation": {"angle": 0, "axis": "y", "origin": [-0.5, 0.76537, -0.92388]},
			"faces": {
				"north": {"uv": [3, 9, 4, 10], "rotation": 90, "texture": "#1"},
				"east": {"uv": [3, 9, 4, 10], "texture": "#1"},
				"south": {"uv": [3, 9, 4, 10], "rotation": 90, "texture": "#1"},
				"west": {"uv": [3, 9, 4, 10], "texture": "#1"},
				"up": {"uv": [3, 9, 4, 10], "texture": "#1"},
				"down": {"uv": [3, 9, 4, 10], "rotation": 90, "texture": "#1"}
			}
		},
		{
			"from": [7.99, 6.88268, 7.07612],
			"to": [8.99, 7.88268, 13.07612],
			"rotation": {"angle": 0, "axis": "y", "origin": [-0.5, 0.76537, -0.92388]},
			"faces": {
				"north": {"uv": [4, 11, 5, 12], "rotation": 90, "texture": "#1"},
				"east": {"uv": [0, 5, 6, 6], "texture": "#1"},
				"south": {"uv": [4, 10, 5, 11], "rotation": 90, "texture": "#1"},
				"west": {"uv": [3, 9, 9, 10], "texture": "#1"},
				"up": {"uv": [8, 2, 9, 8], "texture": "#1"},
				"down": {"uv": [2, 11, 8, 12], "rotation": 90, "texture": "#1"}
			}
		},
		{
			"from": [7.24, 6.63268, -6.9139],
			"to": [8.24, 7.63268, 9.0861],
			"rotation": {"angle": 0, "axis": "y", "origin": [-0.5, 0.76537, -0.92388]},
			"faces": {
				"north": {"uv": [4, 11, 5, 12], "rotation": 90, "texture": "#1"},
				"east": {"uv": [5, 11, 16, 12], "texture": "#1"},
				"south": {"uv": [4, 10, 5, 11], "rotation": 90, "texture": "#1"},
				"west": {"uv": [0, 9, 16, 10], "texture": "#1"},
				"up": {"uv": [4, 0, 5, 16], "texture": "#1"},
				"down": {"uv": [0, 11, 13, 12], "rotation": 90, "texture": "#1"}
			}
		},
		{
			"from": [7.74, 6.63268, -6.9139],
			"to": [8.74, 7.63268, 9.0861],
			"rotation": {"angle": 0, "axis": "y", "origin": [-0.5, 0.76537, -0.92388]},
			"faces": {
				"north": {"uv": [4, 11, 5, 12], "rotation": 90, "texture": "#1"},
				"east": {"uv": [5, 11, 16, 12], "texture": "#1"},
				"south": {"uv": [4, 10, 5, 11], "rotation": 90, "texture": "#1"},
				"west": {"uv": [0, 9, 16, 10], "texture": "#1"},
				"up": {"uv": [4, 0, 5, 16], "texture": "#1"},
				"down": {"uv": [0, 11, 13, 12], "rotation": 90, "texture": "#1"}
			}
		},
		{
			"from": [7.24, 6.13268, -6.9139],
			"to": [8.24, 7.13268, 9.0861],
			"rotation": {"angle": 0, "axis": "y", "origin": [-0.5, 0.76537, -0.92388]},
			"faces": {
				"north": {"uv": [4, 11, 5, 12], "rotation": 90, "texture": "#1"},
				"east": {"uv": [5, 11, 16, 12], "texture": "#1"},
				"south": {"uv": [4, 10, 5, 11], "rotation": 90, "texture": "#1"},
				"west": {"uv": [0, 9, 16, 10], "texture": "#1"},
				"up": {"uv": [4, 0, 5, 16], "texture": "#1"},
				"down": {"uv": [0, 11, 13, 12], "rotation": 90, "texture": "#1"}
			}
		},
		{
			"from": [7.74, 6.13268, -6.9139],
			"to": [8.74, 7.13268, 9.0861],
			"rotation": {"angle": 0, "axis": "y", "origin": [-0.5, 0.76537, -0.92388]},
			"faces": {
				"north": {"uv": [4, 11, 5, 12], "rotation": 90, "texture": "#1"},
				"east": {"uv": [5, 11, 16, 12], "texture": "#1"},
				"south": {"uv": [4, 10, 5, 11], "rotation": 90, "texture": "#1"},
				"west": {"uv": [0, 9, 16, 10], "texture": "#1"},
				"up": {"uv": [4, 0, 5, 16], "texture": "#1"},
				"down": {"uv": [0, 11, 13, 12], "rotation": 90, "texture": "#1"}
			}
		},
		{
			"from": [7.01, 6.88268, 7.07612],
			"to": [8.01, 7.88268, 13.07612],
			"rotation": {"angle": 0, "axis": "y", "origin": [-0.5, 0.76537, -0.92388]},
			"faces": {
				"north": {"uv": [4, 11, 5, 12], "rotation": 90, "texture": "#1"},
				"east": {"uv": [7, 11, 13, 12], "texture": "#1"},
				"south": {"uv": [4, 10, 5, 11], "rotation": 90, "texture": "#1"},
				"west": {"uv": [1, 5, 7, 6], "texture": "#1"},
				"up": {"uv": [7, 2, 8, 8], "texture": "#1"},
				"down": {"uv": [2, 11, 8, 12], "rotation": 90, "texture": "#1"}
			}
		},
		{
			"from": [7.01, 5.88268, 7.07612],
			"to": [8.01, 6.88268, 8.07612],
			"rotation": {"angle": 0, "axis": "y", "origin": [-0.5, 0.76537, -0.92388]},
			"faces": {
				"north": {"uv": [4, 11, 5, 12], "rotation": 90, "texture": "#1"},
				"east": {"uv": [0, 10, 1, 11], "texture": "#1"},
				"south": {"uv": [4, 10, 5, 11], "rotation": 90, "texture": "#1"},
				"west": {"uv": [0, 9, 1, 10], "texture": "#1"},
				"up": {"uv": [0, 10, 1, 11], "rotation": 90, "texture": "#1"},
				"down": {"uv": [0, 10, 1, 11], "rotation": 90, "texture": "#1"}
			}
		},
		{
			"from": [7.99, 5.88268, 7.07612],
			"to": [8.99, 6.88268, 8.07612],
			"rotation": {"angle": 0, "axis": "y", "origin": [-0.5, 0.76537, -0.92388]},
			"faces": {
				"north": {"uv": [4, 11, 5, 12], "rotation": 90, "texture": "#1"},
				"east": {"uv": [0, 10, 1, 11], "texture": "#1"},
				"south": {"uv": [4, 10, 5, 11], "rotation": 90, "texture": "#1"},
				"west": {"uv": [0, 9, 1, 10], "texture": "#1"},
				"up": {"uv": [0, 10, 1, 11], "rotation": 90, "texture": "#1"},
				"down": {"uv": [0, 10, 1, 11], "rotation": 90, "texture": "#1"}
			}
		},
		{
			"from": [8.99, 5.88268, 5.07612],
			"to": [8.99, 7.88268, 6.07612],
			"rotation": {"angle": 0, "axis": "y", "origin": [-0.5, 0.76537, -0.92388]},
			"faces": {
				"north": {"uv": [7, 5, 8, 7], "rotation": 90, "texture": "#1"},
				"east": {"uv": [4, 5, 5, 7], "texture": "#1"},
				"south": {"uv": [9, 5, 10, 7], "rotation": 90, "texture": "#1"},
				"west": {"uv": [12, 5, 13, 7], "texture": "#1"},
				"up": {"uv": [0, 5, 1, 6], "rotation": 90, "texture": "#1"},
				"down": {"uv": [1, 6, 2, 7], "rotation": 90, "texture": "#1"}
			}
		},
		{
			"from": [8.99, 5.88268, 1.07612],
			"to": [8.99, 7.88268, 2.07612],
			"rotation": {"angle": 0, "axis": "y", "origin": [-0.5, 0.76537, -0.92388]},
			"faces": {
				"north": {"uv": [7, 5, 8, 7], "rotation": 90, "texture": "#1"},
				"east": {"uv": [4, 5, 5, 7], "texture": "#1"},
				"south": {"uv": [9, 5, 10, 7], "rotation": 90, "texture": "#1"},
				"west": {"uv": [12, 5, 13, 7], "texture": "#1"},
				"up": {"uv": [0, 5, 1, 6], "rotation": 90, "texture": "#1"},
				"down": {"uv": [1, 6, 2, 7], "rotation": 90, "texture": "#1"}
			}
		},
		{
			"from": [8.99, 5.88268, -8.92388],
			"to": [8.99, 7.88268, -7.92388],
			"rotation": {"angle": 0, "axis": "y", "origin": [-0.5, 0.76537, -0.92388]},
			"faces": {
				"north": {"uv": [7, 5, 8, 7], "rotation": 90, "texture": "#1"},
				"east": {"uv": [4, 5, 5, 7], "texture": "#1"},
				"south": {"uv": [9, 5, 10, 7], "rotation": 90, "texture": "#1"},
				"west": {"uv": [12, 5, 13, 7], "texture": "#1"},
				"up": {"uv": [0, 5, 1, 6], "rotation": 90, "texture": "#1"},
				"down": {"uv": [1, 6, 2, 7], "rotation": 90, "texture": "#1"}
			}
		},
		{
			"from": [6.99, 5.88268, -8.92388],
			"to": [8.99, 7.88268, -8.92388],
			"rotation": {"angle": 0, "axis": "y", "origin": [-0.5, 0.76537, -0.92388]},
			"faces": {
				"north": {"uv": [8, 13, 10, 15], "rotation": 90, "texture": "#1"},
				"east": {"uv": [0, 9, 1, 11], "texture": "#1"},
				"south": {"uv": [3, 9, 4, 11], "rotation": 90, "texture": "#1"},
				"west": {"uv": [5, 9, 6, 11], "texture": "#1"},
				"up": {"uv": [0, 10, 1, 11], "rotation": 90, "texture": "#1"},
				"down": {"uv": [0, 10, 1, 11], "rotation": 90, "texture": "#1"}
			}
		},
		{
			"from": [8.99, 5.88268, -6.67388],
			"to": [8.99, 7.88268, -5.67388],
			"rotation": {"angle": 0, "axis": "y", "origin": [-0.5, 0.76537, -0.92388]},
			"faces": {
				"north": {"uv": [7, 5, 8, 7], "rotation": 90, "texture": "#1"},
				"east": {"uv": [4, 5, 5, 7], "texture": "#1"},
				"south": {"uv": [9, 5, 10, 7], "rotation": 90, "texture": "#1"},
				"west": {"uv": [12, 5, 13, 7], "texture": "#1"},
				"up": {"uv": [0, 5, 1, 6], "rotation": 90, "texture": "#1"},
				"down": {"uv": [1, 6, 2, 7], "rotation": 90, "texture": "#1"}
			}
		},
		{
			"from": [8.99, 5.88268, -2.92388],
			"to": [8.99, 7.88268, -1.92388],
			"rotation": {"angle": 0, "axis": "y", "origin": [-0.5, 0.76537, -0.92388]},
			"faces": {
				"north": {"uv": [7, 5, 8, 7], "rotation": 90, "texture": "#1"},
				"east": {"uv": [4, 5, 5, 7], "texture": "#1"},
				"south": {"uv": [9, 5, 10, 7], "rotation": 90, "texture": "#1"},
				"west": {"uv": [12, 5, 13, 7], "texture": "#1"},
				"up": {"uv": [0, 5, 1, 6], "rotation": 90, "texture": "#1"},
				"down": {"uv": [1, 6, 2, 7], "rotation": 90, "texture": "#1"}
			}
		},
		{
			"from": [7.01, 5.88268, -8.92388],
			"to": [7.01, 7.88268, -7.92388],
			"rotation": {"angle": 0, "axis": "y", "origin": [-0.5, 0.76537, -0.92388]},
			"faces": {
				"north": {"uv": [7, 4, 8, 6], "rotation": 90, "texture": "#1"},
				"east": {"uv": [4, 5, 5, 7], "texture": "#1"},
				"south": {"uv": [10, 5, 11, 7], "rotation": 90, "texture": "#1"},
				"west": {"uv": [12, 5, 13, 7], "texture": "#1"},
				"up": {"uv": [1, 5, 2, 6], "rotation": 90, "texture": "#1"},
				"down": {"uv": [0, 6, 1, 7], "rotation": 90, "texture": "#1"}
			}
		},
		{
			"from": [7.01, 5.88268, -6.67388],
			"to": [7.01, 7.88268, -5.67388],
			"rotation": {"angle": 0, "axis": "y", "origin": [-0.5, 0.76537, -0.92388]},
			"faces": {
				"north": {"uv": [7, 4, 8, 6], "rotation": 90, "texture": "#1"},
				"east": {"uv": [4, 5, 5, 7], "texture": "#1"},
				"south": {"uv": [10, 5, 11, 7], "rotation": 90, "texture": "#1"},
				"west": {"uv": [12, 5, 13, 7], "texture": "#1"},
				"up": {"uv": [1, 5, 2, 6], "rotation": 90, "texture": "#1"},
				"down": {"uv": [0, 6, 1, 7], "rotation": 90, "texture": "#1"}
			}
		},
		{
			"from": [7.01, 5.88268, -2.92388],
			"to": [7.01, 7.88268, -1.92388],
			"rotation": {"angle": 0, "axis": "y", "origin": [-0.5, 0.76537, -0.92388]},
			"faces": {
				"north": {"uv": [7, 4, 8, 6], "rotation": 90, "texture": "#1"},
				"east": {"uv": [4, 5, 5, 7], "texture": "#1"},
				"south": {"uv": [10, 5, 11, 7], "rotation": 90, "texture": "#1"},
				"west": {"uv": [12, 5, 13, 7], "texture": "#1"},
				"up": {"uv": [1, 5, 2, 6], "rotation": 90, "texture": "#1"},
				"down": {"uv": [0, 6, 1, 7], "rotation": 90, "texture": "#1"}
			}
		},
		{
			"from": [7.01, 5.88268, 1.07612],
			"to": [7.01, 7.88268, 2.07612],
			"rotation": {"angle": 0, "axis": "y", "origin": [-0.5, 0.76537, -0.92388]},
			"faces": {
				"north": {"uv": [7, 4, 8, 6], "rotation": 90, "texture": "#1"},
				"east": {"uv": [4, 5, 5, 7], "texture": "#1"},
				"south": {"uv": [10, 5, 11, 7], "rotation": 90, "texture": "#1"},
				"west": {"uv": [12, 5, 13, 7], "texture": "#1"},
				"up": {"uv": [1, 5, 2, 6], "rotation": 90, "texture": "#1"},
				"down": {"uv": [0, 6, 1, 7], "rotation": 90, "texture": "#1"}
			}
		},
		{
			"from": [7.01, 5.88268, 5.07612],
			"to": [7.01, 7.88268, 6.07612],
			"rotation": {"angle": 0, "axis": "y", "origin": [-0.5, 0.76537, -0.92388]},
			"faces": {
				"north": {"uv": [7, 4, 8, 6], "rotation": 90, "texture": "#1"},
				"east": {"uv": [4, 5, 5, 7], "texture": "#1"},
				"south": {"uv": [10, 5, 11, 7], "rotation": 90, "texture": "#1"},
				"west": {"uv": [12, 5, 13, 7], "texture": "#1"},
				"up": {"uv": [1, 5, 2, 6], "rotation": 90, "texture": "#1"},
				"down": {"uv": [0, 6, 1, 7], "rotation": 90, "texture": "#1"}
			}
		},
		{
			"from": [7.01, 5.88268, -8.92388],
			"to": [9.01, 5.88268, 7.07612],
			"rotation": {"angle": 0, "axis": "y", "origin": [-0.5, 0.76537, -0.92388]},
			"faces": {
				"north": {"uv": [0, 8, 16, 9], "rotation": 90, "texture": "#1"},
				"east": {"uv": [0, 8, 16, 9], "texture": "#1"},
				"south": {"uv": [0, 8, 16, 9], "rotation": 90, "texture": "#1"},
				"west": {"uv": [0, 8, 16, 9], "texture": "#1"},
				"up": {"uv": [0, 8, 16, 10], "rotation": 90, "texture": "#1"},
				"down": {"uv": [0, 8, 16, 10], "rotation": 90, "texture": "#1"}
			}
		},
		{
			"from": [7.01, 7.88268, -8.92388],
			"to": [9.01, 7.88268, 7.07612],
			"rotation": {"angle": 0, "axis": "y", "origin": [-0.5, 0.76537, -0.92388]},
			"faces": {
				"north": {"uv": [0, 8, 16, 9], "rotation": 90, "texture": "#1"},
				"east": {"uv": [0, 8, 16, 9], "texture": "#1"},
				"south": {"uv": [0, 8, 16, 9], "rotation": 90, "texture": "#1"},
				"west": {"uv": [0, 8, 16, 9], "texture": "#1"},
				"up": {"uv": [0, 4, 16, 6], "rotation": 90, "texture": "#1"},
				"down": {"uv": [0, 8, 16, 10], "rotation": 90, "texture": "#1"}
			}
		},
		{
			"from": [7.49, 9.13268, 0.07612],
			"to": [8.49, 9.13268, 1.07612],
			"rotation": {"angle": 0, "axis": "y", "origin": [-0.5, 0.76537, -0.92388]},
			"faces": {
				"north": {"uv": [3, 9, 4, 10], "rotation": 90, "texture": "#1"},
				"east": {"uv": [3, 9, 4, 10], "texture": "#1"},
				"south": {"uv": [3, 9, 4, 10], "rotation": 90, "texture": "#1"},
				"west": {"uv": [3, 9, 4, 10], "texture": "#1"},
				"up": {"uv": [3, 9, 4, 10], "texture": "#1"},
				"down": {"uv": [3, 9, 4, 10], "rotation": 90, "texture": "#1"}
			}
		},
		{
			"from": [7.49, 9.13268, -1.67388],
			"to": [8.49, 9.13268, -0.67388],
			"rotation": {"angle": 0, "axis": "y", "origin": [-0.5, 0.76537, -0.92388]},
			"faces": {
				"north": {"uv": [3, 9, 4, 10], "rotation": 90, "texture": "#1"},
				"east": {"uv": [3, 9, 4, 10], "texture": "#1"},
				"south": {"uv": [3, 9, 4, 10], "rotation": 90, "texture": "#1"},
				"west": {"uv": [3, 9, 4, 10], "texture": "#1"},
				"up": {"uv": [3, 9, 4, 10], "texture": "#1"},
				"down": {"uv": [3, 9, 4, 10], "rotation": 90, "texture": "#1"}
			}
		},
		{
			"from": [6.5, 1.3, 9.01],
			"to": [8.5, 2.3, 10.01],
			"rotation": {"angle": 0, "axis": "z", "origin": [8, 2.8, 9.5]},
			"faces": {
				"north": {"uv": [0, 8, 2, 9], "texture": "#1"},
				"east": {"uv": [3, 9, 4, 10], "rotation": 90, "texture": "#1"},
				"south": {"uv": [0, 8, 2, 9], "texture": "#1"},
				"west": {"uv": [0, 9, 1, 10], "texture": "#1"},
				"up": {"uv": [3, 7, 4, 9], "rotation": 90, "texture": "#1"},
				"down": {"uv": [1, 7, 2, 9], "rotation": 90, "texture": "#1"}
			}
		},
		{
			"from": [6.5, 2.3, 9.01],
			"to": [7.5, 4.3, 10.01],
			"rotation": {"angle": 0, "axis": "z", "origin": [8, 2.8, 9.5]},
			"faces": {
				"north": {"uv": [1, 8, 3, 9], "rotation": 270, "texture": "#1"},
				"east": {"uv": [4, 7, 5, 9], "rotation": 180, "texture": "#1"},
				"south": {"uv": [1, 8, 3, 9], "rotation": 90, "texture": "#1"},
				"west": {"uv": [2, 7, 3, 9], "rotation": 180, "texture": "#1"},
				"up": {"uv": [1, 9, 2, 10], "rotation": 90, "texture": "#1"},
				"down": {"uv": [4, 9, 5, 10], "rotation": 180, "texture": "#1"}
			}
		},
		{
			"from": [7.5, 3.3, 9.01],
			"to": [9.5, 4.3, 10.01],
			"rotation": {"angle": 0, "axis": "z", "origin": [8, 2.8, 9.5]},
			"faces": {
				"north": {"uv": [3, 9, 5, 10], "rotation": 180, "texture": "#1"},
				"east": {"uv": [3, 10, 4, 11], "rotation": 180, "texture": "#1"},
				"south": {"uv": [3, 9, 5, 10], "rotation": 180, "texture": "#1"},
				"west": {"uv": [6, 10, 7, 11], "rotation": 270, "texture": "#1"},
				"up": {"uv": [4, 8, 5, 10], "rotation": 270, "texture": "#1"},
				"down": {"uv": [6, 8, 7, 10], "rotation": 270, "texture": "#1"}
			}
		},
		{
			"from": [8.5, 1.3, 9.01],
			"to": [9.5, 3.3, 10.01],
			"rotation": {"angle": 0, "axis": "z", "origin": [8, 2.8, 9.5]},
			"faces": {
				"north": {"uv": [5, 8, 7, 9], "rotation": 90, "texture": "#1"},
				"east": {"uv": [6, 7, 7, 9], "texture": "#1"},
				"south": {"uv": [5, 8, 7, 9], "rotation": 270, "texture": "#1"},
				"west": {"uv": [8, 7, 9, 9], "texture": "#1"},
				"up": {"uv": [8, 9, 9, 10], "texture": "#1"},
				"down": {"uv": [5, 9, 6, 10], "rotation": 270, "texture": "#1"}
			}
		},
		{
			"from": [7.5, 2.3, 9],
			"to": [8.5, 3.3, 10],
			"rotation": {"angle": 0, "axis": "z", "origin": [8, 2.8, 9.5]},
			"faces": {
				"north": {"uv": [1, 8, 2, 9], "texture": "#1"},
				"east": {"uv": [2, 8, 3, 9], "texture": "#1"},
				"south": {"uv": [1, 8, 2, 9], "rotation": 180, "texture": "#1"},
				"west": {"uv": [4, 8, 5, 9], "texture": "#1"},
				"up": {"uv": [4, 9, 5, 10], "rotation": 270, "texture": "#1"},
				"down": {"uv": [1, 9, 2, 10], "rotation": 180, "texture": "#1"}
			}
		},
		{
			"from": [9.5, 1.3, 9.01],
			"to": [11.5, 4.3, 10.01],
			"rotation": {"angle": 0, "axis": "z", "origin": [8, 2.8, 9.5]},
			"faces": {
				"north": {"uv": [13, 9, 16, 11], "rotation": 90, "texture": "#1"},
				"east": {"uv": [2, 7, 3, 10], "texture": "#1"},
				"south": {"uv": [13, 9, 16, 11], "rotation": 270, "texture": "#1"},
				"west": {"uv": [11, 8, 12, 11], "texture": "#1"},
				"up": {"uv": [8, 5, 10, 6], "texture": "#1"},
				"down": {"uv": [13, 9, 14, 11], "rotation": 270, "texture": "#1"}
			}
		},
		{
			"from": [6.5, -0.7, 9.01],
			"to": [9.5, 1.3, 10.01],
			"rotation": {"angle": 0, "axis": "z", "origin": [8, 2.8, 9.5]},
			"faces": {
				"north": {"uv": [13, 9, 16, 11], "texture": "#1"},
				"east": {"uv": [8, 5, 10, 6], "rotation": 90, "texture": "#1"},
				"south": {"uv": [13, 9, 16, 11], "texture": "#1"},
				"west": {"uv": [13, 9, 14, 11], "texture": "#1"},
				"up": {"uv": [11, 8, 12, 11], "rotation": 90, "texture": "#1"},
				"down": {"uv": [2, 7, 3, 10], "rotation": 90, "texture": "#1"}
			}
		},
		{
			"from": [6.5, 4.3, 9.01],
			"to": [9.5, 6.3, 10.01],
			"rotation": {"angle": 0, "axis": "z", "origin": [8, 2.8, 9.5]},
			"faces": {
				"north": {"uv": [13, 9, 16, 11], "rotation": 180, "texture": "#1"},
				"east": {"uv": [13, 9, 14, 11], "rotation": 180, "texture": "#1"},
				"south": {"uv": [13, 9, 16, 11], "rotation": 180, "texture": "#1"},
				"west": {"uv": [8, 5, 10, 6], "rotation": 270, "texture": "#1"},
				"up": {"uv": [2, 7, 3, 10], "rotation": 270, "texture": "#1"},
				"down": {"uv": [11, 8, 12, 11], "rotation": 270, "texture": "#1"}
			}
		},
		{
			"from": [4.5, 1.3, 9.01],
			"to": [6.5, 4.3, 10.01],
			"rotation": {"angle": 0, "axis": "z", "origin": [8, 2.8, 9.5]},
			"faces": {
				"north": {"uv": [13, 9, 16, 11], "rotation": 270, "texture": "#1"},
				"east": {"uv": [11, 8, 12, 11], "rotation": 180, "texture": "#1"},
				"south": {"uv": [13, 9, 16, 11], "rotation": 90, "texture": "#1"},
				"west": {"uv": [2, 7, 3, 10], "rotation": 180, "texture": "#1"},
				"up": {"uv": [13, 9, 14, 11], "rotation": 90, "texture": "#1"},
				"down": {"uv": [8, 5, 10, 6], "rotation": 180, "texture": "#1"}
			}
		},
		{
			"from": [4.5, 1.3, 8.99],
			"to": [6.5, 4.3, 9.99],
			"rotation": {"angle": 0, "axis": "z", "origin": [8, 2.8, 9.5]},
			"faces": {
				"north": {"uv": [13, 9, 16, 11], "rotation": 270, "texture": "#1"},
				"east": {"uv": [11, 8, 12, 11], "rotation": 180, "texture": "#1"},
				"south": {"uv": [13, 9, 16, 11], "rotation": 90, "texture": "#1"},
				"west": {"uv": [2, 7, 3, 10], "rotation": 180, "texture": "#1"},
				"up": {"uv": [13, 9, 14, 11], "rotation": 90, "texture": "#1"},
				"down": {"uv": [8, 5, 10, 6], "rotation": 180, "texture": "#1"}
			}
		},
		{
			"from": [6.5, 2.3, 8.99],
			"to": [7.5, 4.3, 9.99],
			"rotation": {"angle": 0, "axis": "z", "origin": [8, 2.8, 9.5]},
			"faces": {
				"north": {"uv": [1, 8, 3, 9], "rotation": 270, "texture": "#1"},
				"east": {"uv": [4, 7, 5, 9], "rotation": 180, "texture": "#1"},
				"south": {"uv": [1, 8, 3, 9], "rotation": 90, "texture": "#1"},
				"west": {"uv": [2, 7, 3, 9], "rotation": 180, "texture": "#1"},
				"up": {"uv": [1, 9, 2, 10], "rotation": 90, "texture": "#1"},
				"down": {"uv": [4, 9, 5, 10], "rotation": 180, "texture": "#1"}
			}
		},
		{
			"from": [6.5, 4.3, 8.99],
			"to": [9.5, 6.3, 9.99],
			"rotation": {"angle": 0, "axis": "z", "origin": [8, 2.8, 9.5]},
			"faces": {
				"north": {"uv": [13, 9, 16, 11], "rotation": 180, "texture": "#1"},
				"east": {"uv": [13, 9, 14, 11], "rotation": 180, "texture": "#1"},
				"south": {"uv": [13, 9, 16, 11], "rotation": 180, "texture": "#1"},
				"west": {"uv": [8, 5, 10, 6], "rotation": 270, "texture": "#1"},
				"up": {"uv": [2, 7, 3, 10], "rotation": 270, "texture": "#1"},
				"down": {"uv": [11, 8, 12, 11], "rotation": 270, "texture": "#1"}
			}
		},
		{
			"from": [7.5, 3.3, 8.99],
			"to": [9.5, 4.3, 9.99],
			"rotation": {"angle": 0, "axis": "z", "origin": [8, 2.8, 9.5]},
			"faces": {
				"north": {"uv": [3, 9, 5, 10], "rotation": 180, "texture": "#1"},
				"east": {"uv": [3, 10, 4, 11], "rotation": 180, "texture": "#1"},
				"south": {"uv": [3, 9, 5, 10], "rotation": 180, "texture": "#1"},
				"west": {"uv": [6, 10, 7, 11], "rotation": 270, "texture": "#1"},
				"up": {"uv": [4, 8, 5, 10], "rotation": 270, "texture": "#1"},
				"down": {"uv": [6, 8, 7, 10], "rotation": 270, "texture": "#1"}
			}
		},
		{
			"from": [9.5, 1.3, 8.99],
			"to": [11.5, 4.3, 9.99],
			"rotation": {"angle": 0, "axis": "z", "origin": [8, 2.8, 9.5]},
			"faces": {
				"north": {"uv": [13, 9, 16, 11], "rotation": 90, "texture": "#1"},
				"east": {"uv": [2, 7, 3, 10], "texture": "#1"},
				"south": {"uv": [13, 9, 16, 11], "rotation": 270, "texture": "#1"},
				"west": {"uv": [11, 8, 12, 11], "texture": "#1"},
				"up": {"uv": [8, 5, 10, 6], "texture": "#1"},
				"down": {"uv": [13, 9, 14, 11], "rotation": 270, "texture": "#1"}
			}
		},
		{
			"from": [8.5, 1.3, 8.99],
			"to": [9.5, 3.3, 9.99],
			"rotation": {"angle": 0, "axis": "z", "origin": [8, 2.8, 9.5]},
			"faces": {
				"north": {"uv": [5, 8, 7, 9], "rotation": 90, "texture": "#1"},
				"east": {"uv": [6, 7, 7, 9], "texture": "#1"},
				"south": {"uv": [5, 8, 7, 9], "rotation": 270, "texture": "#1"},
				"west": {"uv": [8, 7, 9, 9], "texture": "#1"},
				"up": {"uv": [8, 9, 9, 10], "texture": "#1"},
				"down": {"uv": [5, 9, 6, 10], "rotation": 270, "texture": "#1"}
			}
		},
		{
			"from": [6.5, 1.3, 8.99],
			"to": [8.5, 2.3, 9.99],
			"rotation": {"angle": 0, "axis": "z", "origin": [8, 2.8, 9.5]},
			"faces": {
				"north": {"uv": [0, 8, 2, 9], "texture": "#1"},
				"east": {"uv": [3, 9, 4, 10], "rotation": 90, "texture": "#1"},
				"south": {"uv": [0, 8, 2, 9], "texture": "#1"},
				"west": {"uv": [0, 9, 1, 10], "texture": "#1"},
				"up": {"uv": [3, 7, 4, 9], "rotation": 90, "texture": "#1"},
				"down": {"uv": [1, 7, 2, 9], "rotation": 90, "texture": "#1"}
			}
		},
		{
			"from": [6.5, -0.7, 8.99],
			"to": [9.5, 1.3, 9.99],
			"rotation": {"angle": 0, "axis": "z", "origin": [8, 2.8, 9.5]},
			"faces": {
				"north": {"uv": [13, 9, 16, 11], "texture": "#1"},
				"east": {"uv": [8, 5, 10, 6], "rotation": 90, "texture": "#1"},
				"south": {"uv": [13, 9, 16, 11], "texture": "#1"},
				"west": {"uv": [13, 9, 14, 11], "texture": "#1"},
				"up": {"uv": [11, 8, 12, 11], "rotation": 90, "texture": "#1"},
				"down": {"uv": [2, 7, 3, 10], "rotation": 90, "texture": "#1"}
			}
		},
		{
			"from": [4.46226, 2.38477, 9],
			"to": [6.46226, 3.38477, 10],
			"rotation": {"angle": -45, "axis": "z", "origin": [8.00013, 2.79683, 9]},
			"faces": {
				"north": {"uv": [13, 9, 14, 11], "rotation": 90, "texture": "#1"},
				"east": {"uv": [11, 8, 12, 9], "rotation": 180, "texture": "#1"},
				"south": {"uv": [13, 9, 14, 11], "rotation": 90, "texture": "#1"},
				"west": {"uv": [2, 7, 3, 8], "rotation": 180, "texture": "#1"},
				"up": {"uv": [13, 10, 14, 12], "rotation": 90, "texture": "#1"},
				"down": {"uv": [8, 6, 10, 7], "rotation": 90, "texture": "#1"}
			}
		},
		{
			"from": [5.04804, 2.97055, 9.01],
			"to": [7.04804, 3.97055, 10.01],
			"rotation": {"angle": -45, "axis": "z", "origin": [8.58591, 3.38261, 9.01]},
			"faces": {
				"north": {"uv": [13, 9, 14, 11], "rotation": 90, "texture": "#1"},
				"east": {"uv": [11, 8, 12, 9], "rotation": 180, "texture": "#1"},
				"south": {"uv": [13, 9, 14, 11], "rotation": 90, "texture": "#1"},
				"west": {"uv": [2, 7, 3, 8], "rotation": 180, "texture": "#1"},
				"up": {"uv": [13, 10, 14, 12], "rotation": 90, "texture": "#1"},
				"down": {"uv": [8, 6, 10, 7], "rotation": 90, "texture": "#1"}
			}
		},
		{
			"from": [4.46226, 1.38477, 9],
			"to": [6.46226, 2.38477, 10],
			"rotation": {"angle": -45, "axis": "z", "origin": [8.00013, 2.79683, 9]},
			"faces": {
				"north": {"uv": [13, 8, 14, 10], "rotation": 270, "texture": "#1"},
				"east": {"uv": [11, 8, 12, 9], "rotation": 180, "texture": "#1"},
				"south": {"uv": [13, 9, 14, 11], "rotation": 90, "texture": "#1"},
				"west": {"uv": [2, 7, 3, 8], "rotation": 180, "texture": "#1"},
				"up": {"uv": [13, 9, 14, 11], "rotation": 90, "texture": "#1"},
				"down": {"uv": [8, 5, 10, 6], "rotation": 180, "texture": "#1"}
			}
		},
		{
			"from": [4.46226, 3.21319, 9],
			"to": [6.46226, 4.21319, 10],
			"rotation": {"angle": 45, "axis": "z", "origin": [8.00013, 2.79683, 9]},
			"faces": {
				"north": {"uv": [13, 8, 14, 10], "rotation": 270, "texture": "#1"},
				"east": {"uv": [11, 8, 12, 9], "rotation": 180, "texture": "#1"},
				"south": {"uv": [13, 9, 14, 11], "rotation": 90, "texture": "#1"},
				"west": {"uv": [2, 7, 3, 8], "rotation": 180, "texture": "#1"},
				"up": {"uv": [13, 9, 14, 11], "rotation": 90, "texture": "#1"},
				"down": {"uv": [8, 5, 10, 6], "rotation": 180, "texture": "#1"}
			}
		},
		{
			"from": [4.46226, 2.38477, 9],
			"to": [6.46226, 3.38477, 10],
			"rotation": {"angle": 45, "axis": "z", "origin": [8.00013, 2.79683, 9]},
			"faces": {
				"north": {"uv": [13, 9, 14, 11], "rotation": 90, "texture": "#1"},
				"east": {"uv": [11, 8, 12, 9], "rotation": 180, "texture": "#1"},
				"south": {"uv": [13, 9, 14, 11], "rotation": 90, "texture": "#1"},
				"west": {"uv": [2, 7, 3, 8], "rotation": 180, "texture": "#1"},
				"up": {"uv": [13, 10, 14, 12], "rotation": 90, "texture": "#1"},
				"down": {"uv": [8, 6, 10, 7], "rotation": 90, "texture": "#1"}
			}
		},
		{
			"from": [4.46226, 1.38477, 9],
			"to": [6.46226, 2.38477, 10],
			"rotation": {"angle": 45, "axis": "z", "origin": [8.00013, 2.79683, 9]},
			"faces": {
				"north": {"uv": [13, 8, 14, 10], "rotation": 270, "texture": "#1"},
				"east": {"uv": [11, 8, 12, 9], "rotation": 180, "texture": "#1"},
				"south": {"uv": [13, 9, 14, 11], "rotation": 90, "texture": "#1"},
				"west": {"uv": [2, 7, 3, 8], "rotation": 180, "texture": "#1"},
				"up": {"uv": [13, 9, 14, 11], "rotation": 90, "texture": "#1"},
				"down": {"uv": [8, 5, 10, 6], "rotation": 180, "texture": "#1"}
			}
		},
		{
			"from": [9.53799, 1.38046, 9],
			"to": [11.53799, 2.38046, 10],
			"rotation": {"angle": -45, "axis": "z", "origin": [8.00013, 2.79683, 9]},
			"faces": {
				"north": {"uv": [13, 8, 14, 10], "rotation": 90, "texture": "#1"},
				"east": {"uv": [2, 7, 3, 8], "texture": "#1"},
				"south": {"uv": [13, 9, 14, 11], "rotation": 270, "texture": "#1"},
				"west": {"uv": [11, 8, 12, 9], "texture": "#1"},
				"up": {"uv": [8, 5, 10, 6], "texture": "#1"},
				"down": {"uv": [13, 9, 14, 11], "rotation": 270, "texture": "#1"}
			}
		},
		{
			"from": [9.53799, 2.20888, 9],
			"to": [11.53799, 3.20888, 10],
			"rotation": {"angle": -45, "axis": "z", "origin": [8.00013, 2.79683, 9]},
			"faces": {
				"north": {"uv": [13, 9, 14, 11], "rotation": 90, "texture": "#1"},
				"east": {"uv": [2, 7, 3, 8], "texture": "#1"},
				"south": {"uv": [13, 9, 14, 11], "rotation": 90, "texture": "#1"},
				"west": {"uv": [11, 8, 12, 9], "texture": "#1"},
				"up": {"uv": [8, 6, 10, 7], "rotation": 90, "texture": "#1"},
				"down": {"uv": [13, 10, 14, 12], "rotation": 90, "texture": "#1"}
			}
		},
		{
			"from": [9.53799, 3.20888, 9],
			"to": [11.53799, 4.20888, 10],
			"rotation": {"angle": -45, "axis": "z", "origin": [8.00013, 2.79683, 9]},
			"faces": {
				"north": {"uv": [13, 8, 14, 10], "rotation": 90, "texture": "#1"},
				"east": {"uv": [2, 7, 3, 8], "texture": "#1"},
				"south": {"uv": [13, 9, 14, 11], "rotation": 270, "texture": "#1"},
				"west": {"uv": [11, 8, 12, 9], "texture": "#1"},
				"up": {"uv": [8, 5, 10, 6], "texture": "#1"},
				"down": {"uv": [13, 9, 14, 11], "rotation": 270, "texture": "#1"}
			}
		},
		{
			"from": [9.53799, 1.38046, 9],
			"to": [11.53799, 2.38046, 10],
			"rotation": {"angle": 45, "axis": "z", "origin": [8.00013, 2.79683, 9]},
			"faces": {
				"north": {"uv": [13, 8, 14, 10], "rotation": 90, "texture": "#1"},
				"east": {"uv": [2, 7, 3, 8], "texture": "#1"},
				"south": {"uv": [13, 9, 14, 11], "rotation": 270, "texture": "#1"},
				"west": {"uv": [11, 8, 12, 9], "texture": "#1"},
				"up": {"uv": [8, 5, 10, 6], "texture": "#1"},
				"down": {"uv": [13, 9, 14, 11], "rotation": 270, "texture": "#1"}
			}
		},
		{
			"from": [9.53799, 2.20888, 9],
			"to": [11.53799, 3.20888, 10],
			"rotation": {"angle": 45, "axis": "z", "origin": [8.00013, 2.79683, 9]},
			"faces": {
				"north": {"uv": [13, 9, 14, 11], "rotation": 90, "texture": "#1"},
				"east": {"uv": [2, 7, 3, 8], "texture": "#1"},
				"south": {"uv": [13, 9, 14, 11], "rotation": 90, "texture": "#1"},
				"west": {"uv": [11, 8, 12, 9], "texture": "#1"},
				"up": {"uv": [8, 6, 10, 7], "rotation": 90, "texture": "#1"},
				"down": {"uv": [13, 10, 14, 12], "rotation": 90, "texture": "#1"}
			}
		},
		{
			"from": [9.53799, 3.20888, 9],
			"to": [11.53799, 4.20888, 10],
			"rotation": {"angle": 45, "axis": "z", "origin": [8.00013, 2.79683, 9]},
			"faces": {
				"north": {"uv": [13, 8, 14, 10], "rotation": 90, "texture": "#1"},
				"east": {"uv": [2, 7, 3, 8], "texture": "#1"},
				"south": {"uv": [13, 9, 14, 11], "rotation": 270, "texture": "#1"},
				"west": {"uv": [11, 8, 12, 9], "texture": "#1"},
				"up": {"uv": [8, 5, 10, 6], "texture": "#1"},
				"down": {"uv": [13, 9, 14, 11], "rotation": 270, "texture": "#1"}
			}
		}
	],
	"gui_light": "front",
	"display": {
		"thirdperson_righthand": {
			"rotation": [22.75, 0, 0],
			"translation": [0, 2.5, -2.75],
			"scale": [0.5, 0.5, 0.5]
		},
		"thirdperson_lefthand": {
			"rotation": [22.75, 0, 0],
			"translation": [0, 2.5, -2.75],
			"scale": [0.5, 0.5, 0.5]
		},
		"firstperson_righthand": {
			"rotation": [24.64, 16.01, 14.79],
			"translation": [-17.85, 8.1, -3.5]
		},
		"firstperson_lefthand": {
			"translation": [-9.35, 17.1, -3.25]
		},
		"gui": {
			"rotation": [90, 45, -90],
			"translation": [0.75, 1.25, 0],
			"scale": [0.5, 0.5, 0.5]
		}
	},
	"groups": [
		{
			"name": "body",
			"origin": [0, 9.71725, -6.85189],
			"color": 0,
			"nbt": "{}",
			"children": [0, 1, 2, 3, 4, 5, 6, 7, 8]
		},
		{
			"name": "sight@attach",
			"origin": [-0.5, 0.76537, -0.92388],
			"color": 0,
			"nbt": "{}",
			"children": [
				{
					"name": "default@name",
					"origin": [-0.5, 0.76537, -0.92388],
					"color": 0,
					"nbt": "{}",
					"children": [9, 10, 11, 12]
				}
			]
		},
		{
			"name": "stock@attach",
			"origin": [0, 9.71725, -6.85189],
			"color": 0,
			"nbt": "{}",
			"children": [
				{
					"name": "default@name",
					"origin": [0, 9.71725, -6.85189],
					"color": 0,
					"nbt": "{}",
					"children": [13, 14, 15, 16, 17, 18, 19]
				}
			]
		},
		{
			"name": "barrel@attach",
			"origin": [-0.5, 0.76537, -0.92388],
			"color": 0,
			"nbt": "{}",
			"children": [
				{
					"name": "default@name",
					"origin": [-0.5, 0.76537, -0.92388],
					"color": 0,
					"nbt": "{}",
					"children": [20, 21, 22, 23, 24, 25, 26, 27, 28, 29, 30, 31, 32, 33, 34, 35, 36, 37, 38, 39, 40, 41, 42, 43, 44, 45, 46, 47]
				}
			]
		},
		{
			"name": "magazine@attach",
			"origin": [9.5, 2.76136, 9.57612],
			"color": 0,
			"nbt": "{}",
			"children": [
				{
					"name": "default@name",
					"origin": [9.5, 2.76136, 9.57612],
					"color": 0,
					"nbt": "{}",
					"children": [
						48,
						49,
						50,
						51,
						52,
						53,
						54,
						55,
						56,
						57,
						58,
						59,
						60,
						61,
						62,
						63,
						64,
						65,
						66,
						67,
						68,
						69,
						70,
						71,
						72,
						73,
						74,
						75,
						76,
						{
							"name": "reload_2@state",
							"origin": [9.5, 2.76136, 9.57612],
							"color": 0,
							"nbt": "{}",
							"children": []
						}
					]
				}
			]
		},
		{
			"name": "grip@attach",
			"origin": [8, 8, 8],
			"color": 0,
			"nbt": "{}",
			"children": [
				{
					"name": "default@name",
					"origin": [8, 8, 8],
					"color": 0,
					"nbt": "{}",
					"children": []
				}
			]
		}
	]
}