{
	"credit": "Made with Blockbench",
	"textures": {
		"0": "item/gun/flag_green",
		"particle": "item/gun/flag_green"
	},
	"elements": [
		{
			"from": [7, 0, 7],
			"to": [9, 3, 9],
			"rotation": {"angle": 0, "axis": "y", "origin": [9.0444, 2.67501, 8.3125]},
			"faces": {
				"north": {"uv": [7, 0, 9, 3], "texture": "#0"},
				"east": {"uv": [2, 0, 4, 3], "texture": "#0"},
				"south": {"uv": [3, 3, 5, 6], "texture": "#0"},
				"west": {"uv": [5, 1, 7, 4], "texture": "#0"},
				"up": {"uv": [10, 2, 12, 4], "texture": "#0"},
				"down": {"uv": [8, 3, 10, 5], "texture": "#0"}
			}
		},
		{
			"from": [7.5, 3, 7.5],
			"to": [8.5, 4, 8.5],
			"rotation": {"angle": 0, "axis": "y", "origin": [9.0444, 2.67501, 8.3125]},
			"faces": {
				"north": {"uv": [6, 10, 7, 11], "texture": "#0"},
				"east": {"uv": [5, 10, 6, 11], "texture": "#0"},
				"south": {"uv": [8, 10, 9, 11], "texture": "#0"},
				"west": {"uv": [7, 10, 8, 11], "texture": "#0"},
				"up": {"uv": [7, 10, 6, 9], "texture": "#0"},
				"down": {"uv": [8, 9, 7, 10], "texture": "#0"}
			}
		},
		{
			"from": [8, 3.99, 7.5],
			"to": [9, 3.99, 8.5],
			"rotation": {"angle": 0, "axis": "y", "origin": [9.0444, 2.67501, 8.3125]},
			"faces": {
				"north": {"uv": [7, 11, 8, 11], "texture": "#0"},
				"east": {"uv": [7, 11, 8, 11], "texture": "#0"},
				"south": {"uv": [7, 11, 8, 11], "texture": "#0"},
				"west": {"uv": [7, 11, 8, 11], "texture": "#0"},
				"up": {"uv": [7, 11, 8, 12], "rotation": 90, "texture": "#0"},
				"down": {"uv": [7, 11, 8, 12], "rotation": 270, "texture": "#0"}
			}
		},
		{
			"from": [8.08246, 3.57316, 7.5],
			"to": [9.08246, 3.57316, 8.5],
			"rotation": {"angle": -45, "axis": "z", "origin": [9.0444, 2.67501, 8.3125]},
			"faces": {
				"north": {"uv": [7, 11, 8, 11], "texture": "#0"},
				"east": {"uv": [7, 11, 8, 11], "texture": "#0"},
				"south": {"uv": [7, 11, 8, 11], "texture": "#0"},
				"west": {"uv": [7, 11, 8, 11], "texture": "#0"},
				"up": {"uv": [7, 11, 8, 12], "rotation": 90, "texture": "#0"},
				"down": {"uv": [7, 11, 8, 12], "rotation": 270, "texture": "#0"}
			}
		},
		{
			"from": [9.88867, 1.98394, 7.5],
			"to": [9.88867, 2.98394, 8.5],
			"rotation": {"angle": 22.5, "axis": "z", "origin": [9.0444, 2.67501, 8.3125]},
			"faces": {
				"north": {"uv": [7, 11, 7, 12], "texture": "#0"},
				"east": {"uv": [7, 11, 8, 12], "texture": "#0"},
				"south": {"uv": [7, 11, 7, 12], "texture": "#0"},
				"west": {"uv": [7, 11, 8, 12], "texture": "#0"},
				"up": {"uv": [7, 11, 8, 11], "rotation": 90, "texture": "#0"},
				"down": {"uv": [7, 11, 8, 11], "rotation": 270, "texture": "#0"}
			}
		},
		{
			"from": [9.15834, 3.61427, 8.5],
			"to": [10.15834, 3.61427, 8.75],
			"rotation": {"angle": 22.5, "axis": "z", "origin": [9.0444, 2.67501, 8.3125]},
			"faces": {
				"north": {"uv": [7, 13, 8, 13], "texture": "#0"},
				"east": {"uv": [7, 13, 7.25, 13], "texture": "#0"},
				"south": {"uv": [8, 13, 9, 13], "texture": "#0"},
				"west": {"uv": [8, 13, 8.25, 13], "texture": "#0"},
				"up": {"uv": [8, 13, 7, 13.25], "texture": "#0"},
				"down": {"uv": [9, 13, 8, 13.25], "texture": "#0"}
			}
		},
		{
			"from": [9.15834, 2.61427, 8.5],
			"to": [9.15834, 3.61427, 8.75],
			"rotation": {"angle": 22.5, "axis": "z", "origin": [9.0444, 2.67501, 8.3125]},
			"faces": {
				"north": {"uv": [7, 13, 7, 14], "texture": "#0"},
				"east": {"uv": [7, 13, 7.25, 14], "texture": "#0"},
				"south": {"uv": [7, 13, 7, 14], "texture": "#0"},
				"west": {"uv": [7, 13, 7.25, 14], "texture": "#0"},
				"up": {"uv": [7, 13, 7, 13.25], "texture": "#0"},
				"down": {"uv": [7, 13, 7, 13.25], "texture": "#0"}
			}
		},
		{
			"from": [9.15834, 2.61427, 8.5],
			"to": [10.15834, 2.61427, 8.75],
			"rotation": {"angle": 22.5, "axis": "z", "origin": [9.0444, 2.67501, 8.3125]},
			"faces": {
				"north": {"uv": [7, 13, 8, 13], "texture": "#0"},
				"east": {"uv": [7, 13, 7.25, 13], "texture": "#0"},
				"south": {"uv": [8, 13, 9, 13], "texture": "#0"},
				"west": {"uv": [8, 13, 8.25, 13], "texture": "#0"},
				"up": {"uv": [8, 13, 7, 13.25], "texture": "#0"},
				"down": {"uv": [9, 13, 8, 13.25], "texture": "#0"}
			}
		},
		{
			"from": [10.15834, 2.61427, 8.5],
			"to": [10.15834, 3.61427, 8.75],
			"rotation": {"angle": 22.5, "axis": "z", "origin": [9.0444, 2.67501, 8.3125]},
			"faces": {
				"north": {"uv": [7, 13, 7, 14], "texture": "#0"},
				"east": {"uv": [7, 13, 7.25, 14], "texture": "#0"},
				"south": {"uv": [7, 13, 7, 14], "texture": "#0"},
				"west": {"uv": [7, 13, 7.25, 14], "texture": "#0"},
				"up": {"uv": [7, 13, 7, 13.25], "texture": "#0"},
				"down": {"uv": [7, 13, 7, 13.25], "texture": "#0"}
			}
		},
		{
			"from": [10.08879, 0.36001, 7.5],
			"to": [10.08879, 2.36001, 8.5],
			"rotation": {"angle": 0, "axis": "x", "origin": [9.0444, 2.67501, 8.3125]},
			"faces": {
				"north": {"uv": [7, 11, 7, 13], "texture": "#0"},
				"east": {"uv": [7, 11, 8, 13], "texture": "#0"},
				"south": {"uv": [7, 11, 7, 13], "texture": "#0"},
				"west": {"uv": [7, 11, 8, 13], "texture": "#0"},
				"up": {"uv": [7, 11, 8, 11], "rotation": 90, "texture": "#0"},
				"down": {"uv": [7, 11, 8, 11], "rotation": 270, "texture": "#0"}
			}
		},
		{
			"from": [6.5, 0.5, 6.5],
			"to": [9.5, 2.5, 9.5],
			"rotation": {"angle": 0, "axis": "y", "origin": [9.0444, 2.67501, 8.3125]},
			"faces": {
				"north": {"uv": [7, 0, 10, 2], "texture": "#0"},
				"east": {"uv": [2, 0, 5, 2], "texture": "#0"},
				"south": {"uv": [3, 3, 6, 5], "texture": "#0"},
				"west": {"uv": [5, 1, 8, 3], "texture": "#0"},
				"up": {"uv": [10, 2, 13, 5], "texture": "#0"},
				"down": {"uv": [8, 3, 11, 6], "texture": "#0"}
			}
		}
	],
	"display": {
		"firstperson_righthand": {
			"rotation": [0, -74.25, 0],
			"translation": [-5, 11, 5.75]
		},
		"firstperson_lefthand": {
			"rotation": [0, -74.25, 0],
			"translation": [-5, 11, 5.75]
		},
		"ground": {
			"translation": [0, 4.75, 0]
		},
		"gui": {
			"rotation": [-3.35, -2.35, -45],
			"translation": [8.75, 8.75, 0],
			"scale": [2, 2, 2]
		},
		"head": {
			"rotation": [42.64, -51.78, 44.11],
			"translation": [-3.25, 0.75, -8]
		},
		"fixed": {
			"translation": [0, 8.75, 0],
			"scale": [2, 2, 2]
		}
	},
	"groups": [
		0,
		1,
		2,
		3,
		4,
		{
			"name": "pin",
			"origin": [9.70618, 3.28351, 8],
			"color": 0,
			"nbt": "{}",
			"children": [5, 6, 7, 8]
		},
		9,
		10
	]
}