{
	"credit": "Made with Blockbench",
	"textures": {
		"1": "item/gun/red",
		"2": "item/gun/metal"
	},
	"elements": [
		{
			"from": [7, 7, 4],
			"to": [9, 10, 15],
			"rotation": {"angle": 0, "axis": "y", "origin": [0, -4, -4]},
			"faces": {
				"north": {"uv": [12, 5, 14, 8], "texture": "#2"},
				"east": {"uv": [0, 5, 11, 8], "texture": "#2"},
				"south": {"uv": [2, 5, 4, 8], "texture": "#2"},
				"west": {"uv": [4, 5, 15, 8], "texture": "#2"},
				"up": {"uv": [1, 2, 12, 0], "rotation": 90, "texture": "#2"},
				"down": {"uv": [11, 5, 13, 16], "texture": "#2"}
			}
		},
		{
			"from": [7, 5, 5],
			"to": [9, 7, 10],
			"rotation": {"angle": 0, "axis": "y", "origin": [0, -4, -4]},
			"faces": {
				"north": {"uv": [11, 7, 13, 9], "texture": "#2"},
				"east": {"uv": [6, 6, 11, 8], "texture": "#2"},
				"south": {"uv": [4, 6, 6, 8], "texture": "#2"},
				"west": {"uv": [6, 7, 11, 9], "texture": "#2"},
				"up": {"uv": [7, 2, 9, 7], "texture": "#2"},
				"down": {"uv": [7, 8, 9, 13], "texture": "#2"}
			}
		},
		{
			"from": [7, 10, 12],
			"to": [9, 12, 14],
			"rotation": {"angle": 0, "axis": "y", "origin": [1, -0.75, -7.65]},
			"faces": {
				"north": {"uv": [2, 6, 4, 8], "texture": "#2"},
				"east": {"uv": [12, 6, 14, 8], "texture": "#2"},
				"south": {"uv": [5, 6, 7, 8], "texture": "#2"},
				"west": {"uv": [8, 6, 10, 8], "texture": "#2"},
				"up": {"uv": [7, 3, 9, 5], "texture": "#2"},
				"down": {"uv": [7, 9, 9, 11], "texture": "#2"}
			}
		},
		{
			"from": [7.01, 8.08579, 0.79289],
			"to": [9.01, 13.08579, 1.79289],
			"rotation": {"angle": 45, "axis": "x", "origin": [8.5, 11.58579, 1.29289]},
			"faces": {
				"north": {"uv": [6, 0, 11, 2], "rotation": 90, "texture": "#2"},
				"east": {"uv": [5, 6, 6, 11], "texture": "#2"},
				"south": {"uv": [5, 6, 7, 11], "texture": "#2"},
				"west": {"uv": [6, 6, 7, 11], "texture": "#2"},
				"up": {"uv": [1, 5, 2, 7], "rotation": 90, "texture": "#2"},
				"down": {"uv": [6, 8, 8, 9], "texture": "#2"}
			}
		},
		{
			"from": [7, 12, 2],
			"to": [9, 13, 14],
			"rotation": {"angle": 0, "axis": "y", "origin": [1.5, -0.75, -7.65]},
			"faces": {
				"north": {"uv": [13, 5, 15, 6], "texture": "#2"},
				"east": {"uv": [1, 5, 13, 6], "texture": "#2"},
				"south": {"uv": [3, 6, 5, 7], "texture": "#2"},
				"west": {"uv": [1, 5, 13, 6], "texture": "#2"},
				"up": {"uv": [3, 0, 15, 2], "rotation": 90, "texture": "#2"},
				"down": {"uv": [11, 3, 13, 15], "texture": "#2"}
			}
		},
		{
			"from": [6.99, 7.01, -6],
			"to": [8.99, 10.01, 5],
			"rotation": {"angle": 0, "axis": "y", "origin": [0, -4, -4]},
			"faces": {
				"north": {"uv": [12, 5, 14, 8], "texture": "#2"},
				"east": {"uv": [0, 5, 11, 8], "texture": "#2"},
				"south": {"uv": [2, 5, 4, 8], "texture": "#2"},
				"west": {"uv": [4, 5, 15, 8], "texture": "#2"},
				"up": {"uv": [1, 0, 12, 2], "rotation": 90, "texture": "#2"},
				"down": {"uv": [11, 5, 13, 16], "texture": "#2"}
			}
		},
		{
			"from": [7, 7, -7],
			"to": [9, 9, 4],
			"rotation": {"angle": 0, "axis": "y", "origin": [0, -4, -4]},
			"faces": {
				"north": {"uv": [12, 6, 14, 8], "texture": "#2"},
				"east": {"uv": [0, 6, 11, 8], "texture": "#2"},
				"south": {"uv": [2, 6, 4, 8], "texture": "#2"},
				"west": {"uv": [4, 6, 15, 8], "texture": "#2"},
				"up": {"uv": [6, 0, 8, 11], "texture": "#2"},
				"down": {"uv": [11, 5, 13, 16], "texture": "#2"}
			}
		},
		{
			"from": [7, 8.80289, -6.5],
			"to": [9, 9.80289, -5.5],
			"rotation": {"angle": -45, "axis": "x", "origin": [7.99, 9.30289, -6]},
			"faces": {
				"north": {"uv": [12, 6, 14, 7], "texture": "#2"},
				"east": {"uv": [0, 6, 1, 7], "texture": "#2"},
				"south": {"uv": [2, 6, 4, 7], "texture": "#2"},
				"west": {"uv": [14, 6, 15, 7], "texture": "#2"},
				"up": {"uv": [6, 0, 8, 1], "texture": "#2"},
				"down": {"uv": [11, 15, 13, 16], "texture": "#2"}
			}
		},
		{
			"from": [7, 8.51, -6.79289],
			"to": [9, 9.51, -5.79289],
			"rotation": {"angle": -45, "axis": "x", "origin": [7.99, 9, -6.29289]},
			"faces": {
				"north": {"uv": [12, 6, 14, 7], "texture": "#2"},
				"east": {"uv": [0, 6, 1, 7], "texture": "#2"},
				"south": {"uv": [2, 6, 4, 7], "texture": "#2"},
				"west": {"uv": [14, 6, 15, 7], "texture": "#2"},
				"up": {"uv": [6, 0, 8, 1], "texture": "#2"},
				"down": {"uv": [11, 15, 13, 16], "texture": "#2"}
			}
		},
		{
			"from": [7.5, 6, 4.01],
			"to": [8.5, 9, 15.01],
			"rotation": {"angle": 0, "axis": "y", "origin": [0, -4, -4]},
			"faces": {
				"north": {"uv": [12, 5, 13, 8], "texture": "#2"},
				"east": {"uv": [0, 5, 11, 8], "texture": "#2"},
				"south": {"uv": [3, 5, 4, 8], "texture": "#2"},
				"west": {"uv": [4, 5, 15, 8], "texture": "#2"},
				"up": {"uv": [6, 11, 7, 0], "texture": "#2"},
				"down": {"uv": [12, 5, 13, 16], "texture": "#2"}
			}
		},
		{
			"from": [7.5, 6, -6.98],
			"to": [8.5, 9, 4.02],
			"rotation": {"angle": 0, "axis": "y", "origin": [0, -4, -4]},
			"faces": {
				"north": {"uv": [12, 5, 13, 8], "texture": "#2"},
				"east": {"uv": [0, 5, 11, 8], "texture": "#2"},
				"south": {"uv": [3, 5, 4, 8], "texture": "#2"},
				"west": {"uv": [4, 5, 15, 8], "texture": "#2"},
				"up": {"uv": [6, 11, 7, 0], "texture": "#2"},
				"down": {"uv": [12, 5, 13, 16], "texture": "#2"}
			}
		},
		{
			"from": [6.575, 13.6, 9.999],
			"to": [7.575, 14.6, 13.999],
			"rotation": {"angle": 45, "axis": "z", "origin": [8, 14, 12]},
			"faces": {
				"north": {"uv": [2, 7, 3, 8], "texture": "#2"},
				"east": {"uv": [10, 6, 14, 7], "texture": "#2"},
				"south": {"uv": [4, 7, 5, 8], "texture": "#2"},
				"west": {"uv": [6, 6, 10, 7], "texture": "#2"},
				"up": {"uv": [9, 4, 13, 3], "rotation": 90, "texture": "#2"},
				"down": {"uv": [9, 7, 10, 11], "texture": "#2"}
			}
		},
		{
			"from": [7.6, 12.575, 9.999],
			"to": [8.6, 13.575, 13.999],
			"rotation": {"angle": 45, "axis": "z", "origin": [8, 14, 12]},
			"faces": {
				"north": {"uv": [2, 7, 3, 8], "texture": "#2"},
				"east": {"uv": [12, 6, 16, 7], "texture": "#2"},
				"south": {"uv": [4, 7, 5, 8], "texture": "#2"},
				"west": {"uv": [6, 6, 10, 7], "texture": "#2"},
				"up": {"uv": [7, 1, 11, 0], "rotation": 90, "texture": "#2"},
				"down": {"uv": [9, 7, 10, 11], "texture": "#2"}
			}
		},
		{
			"from": [7.49978, 12.91664, 9.999],
			"to": [8.49978, 13.91664, 13.999],
			"rotation": {"angle": 0, "axis": "z", "origin": [8.72478, 13.41664, 12.01]},
			"faces": {
				"north": {"uv": [2, 7, 3, 8], "rotation": 90, "texture": "#2"},
				"east": {"uv": [9, 7, 10, 11], "rotation": 270, "texture": "#2"},
				"south": {"uv": [4, 7, 5, 8], "rotation": 270, "texture": "#2"},
				"west": {"uv": [7, 1, 11, 0], "texture": "#2"},
				"up": {"uv": [10, 6, 14, 7], "rotation": 270, "texture": "#2"},
				"down": {"uv": [6, 6, 10, 7], "rotation": 270, "texture": "#2"}
			}
		},
		{
			"from": [7.61868, 13.58191, 9.999],
			"to": [8.61868, 14.58191, 13.999],
			"rotation": {"angle": 45, "axis": "z", "origin": [8.01768, 13.98091, 12]},
			"faces": {
				"north": {"uv": [2, 7, 3, 8], "texture": "#2"},
				"east": {"uv": [10, 6, 14, 7], "texture": "#2"},
				"south": {"uv": [4, 7, 5, 8], "texture": "#2"},
				"west": {"uv": [6, 6, 10, 7], "texture": "#2"},
				"up": {"uv": [6, 5, 10, 4], "rotation": 90, "texture": "#2"},
				"down": {"uv": [9, 7, 10, 11], "texture": "#2"}
			}
		},
		{
			"from": [7.58232, 13.58232, 9.999],
			"to": [8.58232, 14.58232, 13.999],
			"rotation": {"angle": 45, "axis": "z", "origin": [7.98232, 13.98232, 12]},
			"faces": {
				"north": {"uv": [2, 7, 3, 8], "texture": "#2"},
				"east": {"uv": [10, 6, 14, 7], "texture": "#2"},
				"south": {"uv": [4, 7, 5, 8], "texture": "#2"},
				"west": {"uv": [6, 6, 10, 7], "texture": "#2"},
				"up": {"uv": [6, 5, 10, 4], "rotation": 90, "texture": "#2"},
				"down": {"uv": [9, 7, 10, 11], "texture": "#2"}
			}
		},
		{
			"from": [7.607, 13.582, 9.999],
			"to": [8.607, 14.582, 13.999],
			"rotation": {"angle": 45, "axis": "z", "origin": [7.98232, 13.98232, 12]},
			"faces": {
				"north": {"uv": [2, 7, 3, 8], "texture": "#2"},
				"east": {"uv": [10, 6, 14, 7], "texture": "#2"},
				"south": {"uv": [4, 7, 5, 8], "texture": "#2"},
				"west": {"uv": [6, 6, 10, 7], "texture": "#2"},
				"up": {"uv": [6, 5, 10, 4], "rotation": 90, "texture": "#2"},
				"down": {"uv": [9, 7, 10, 11], "texture": "#2"}
			}
		},
		{
			"from": [7.65, 13.00147, 10.75],
			"to": [8.35, 13.40147, 13.75],
			"rotation": {"angle": 0, "axis": "z", "origin": [8.29963, 13.78798, 12.25]},
			"faces": {
				"north": {"uv": [8, 4, 8.25, 5.25], "texture": "#2"},
				"east": {"uv": [8, 4, 11, 4.25], "texture": "#2"},
				"south": {"uv": [8, 4, 8.25, 5.25], "texture": "#2"},
				"west": {"uv": [8, 4, 11, 4.25], "texture": "#2"},
				"up": {"uv": [8, 4, 8.25, 7], "texture": "#2"},
				"down": {"uv": [8, 4, 8.25, 7], "texture": "#2"}
			}
		},
		{
			"from": [8.1591, 13.36235, 10.75],
			"to": [8.8591, 13.61235, 13.75],
			"rotation": {"angle": 45, "axis": "z", "origin": [8.5091, 13.48735, 12.25]},
			"faces": {
				"north": {"uv": [8, 4, 8.25, 5.25], "texture": "#2"},
				"east": {"uv": [8, 4, 11, 4.25], "texture": "#2"},
				"south": {"uv": [8, 4, 8.25, 5.25], "texture": "#2"},
				"west": {"uv": [8, 4, 11, 4.25], "texture": "#2"},
				"up": {"uv": [8, 4, 8.25, 7], "texture": "#2"},
				"down": {"uv": [8, 4, 8.25, 7], "texture": "#2"}
			}
		},
		{
			"from": [8.59497, 13.64644, 10.75],
			"to": [8.84497, 14.34644, 13.75],
			"rotation": {"angle": 0, "axis": "z", "origin": [8.71997, 13.99644, 12.25]},
			"faces": {
				"north": {"uv": [8, 4, 8.25, 5.25], "rotation": 90, "texture": "#2"},
				"east": {"uv": [8, 4, 8.25, 7], "rotation": 270, "texture": "#2"},
				"south": {"uv": [8, 4, 8.25, 5.25], "rotation": 270, "texture": "#2"},
				"west": {"uv": [8, 4, 8.25, 7], "rotation": 270, "texture": "#2"},
				"up": {"uv": [8, 4, 11, 4.25], "rotation": 270, "texture": "#2"},
				"down": {"uv": [8, 4, 11, 4.25], "rotation": 270, "texture": "#2"}
			}
		},
		{
			"from": [8.84497, 12.89644, 10.75],
			"to": [9.59497, 13.59644, 13.75],
			"rotation": {"angle": 0, "axis": "z", "origin": [8.71997, 13.99644, 12.25]},
			"faces": {
				"north": {"uv": [8, 4, 8.25, 5.25], "rotation": 90, "texture": "#2"},
				"east": {"uv": [8, 4, 8.25, 7], "rotation": 270, "texture": "#2"},
				"south": {"uv": [8, 4, 8.25, 5.25], "rotation": 270, "texture": "#2"},
				"west": {"uv": [8, 4, 8.25, 7], "rotation": 270, "texture": "#2"},
				"up": {"uv": [8, 4, 11, 4.25], "rotation": 270, "texture": "#2"},
				"down": {"uv": [8, 4, 11, 4.25], "rotation": 270, "texture": "#2"}
			}
		},
		{
			"from": [8.84497, 13.59644, 10.75],
			"to": [9.24497, 13.89644, 13.75],
			"rotation": {"angle": 0, "axis": "z", "origin": [8.71997, 13.99644, 12.25]},
			"faces": {
				"north": {"uv": [8, 4, 8.25, 5.25], "rotation": 90, "texture": "#2"},
				"east": {"uv": [8, 4, 8.25, 7], "rotation": 270, "texture": "#2"},
				"south": {"uv": [8, 4, 8.25, 5.25], "rotation": 270, "texture": "#2"},
				"west": {"uv": [8, 4, 8.25, 7], "rotation": 270, "texture": "#2"},
				"up": {"uv": [8, 4, 11, 4.25], "rotation": 270, "texture": "#2"},
				"down": {"uv": [8, 4, 11, 4.25], "rotation": 270, "texture": "#2"}
			}
		},
		{
			"from": [8.84497, 13.89644, 10.75],
			"to": [8.94497, 13.99644, 13.75],
			"rotation": {"angle": 0, "axis": "z", "origin": [8.71997, 13.99644, 12.25]},
			"faces": {
				"north": {"uv": [8, 4, 8.25, 5.25], "rotation": 90, "texture": "#2"},
				"east": {"uv": [8, 4, 8.25, 7], "rotation": 270, "texture": "#2"},
				"south": {"uv": [8, 4, 8.25, 5.25], "rotation": 270, "texture": "#2"},
				"west": {"uv": [8, 4, 8.25, 7], "rotation": 270, "texture": "#2"},
				"up": {"uv": [8, 4, 11, 4.25], "rotation": 270, "texture": "#2"},
				"down": {"uv": [8, 4, 11, 4.25], "rotation": 270, "texture": "#2"}
			}
		},
		{
			"from": [9.1341, 13.40554, 10.75],
			"to": [9.3841, 14.55554, 13.75],
			"rotation": {"angle": 45, "axis": "z", "origin": [9.2591, 13.75554, 12.25]},
			"faces": {
				"north": {"uv": [8, 4, 8.25, 5.25], "rotation": 90, "texture": "#2"},
				"east": {"uv": [8, 4, 8.25, 7], "rotation": 270, "texture": "#2"},
				"south": {"uv": [8, 4, 8.25, 5.25], "rotation": 270, "texture": "#2"},
				"west": {"uv": [8, 4, 8.25, 7], "rotation": 270, "texture": "#2"},
				"up": {"uv": [8, 4, 11, 4.25], "rotation": 270, "texture": "#2"},
				"down": {"uv": [8, 4, 11, 4.25], "rotation": 270, "texture": "#2"}
			}
		},
		{
			"from": [8.1341, 12.13735, 10.75],
			"to": [9.3841, 13.08735, 13.75],
			"rotation": {"angle": -45, "axis": "z", "origin": [9.2591, 12.73735, 12.25]},
			"faces": {
				"north": {"uv": [8, 4, 8.25, 5.25], "rotation": 90, "texture": "#2"},
				"east": {"uv": [8, 4, 8.25, 7], "rotation": 270, "texture": "#2"},
				"south": {"uv": [8, 4, 8.25, 5.25], "rotation": 270, "texture": "#2"},
				"west": {"uv": [8, 4, 8.25, 7], "rotation": 270, "texture": "#2"},
				"up": {"uv": [8, 4, 11, 4.25], "rotation": 270, "texture": "#2"},
				"down": {"uv": [8, 4, 11, 4.25], "rotation": 270, "texture": "#2"}
			}
		},
		{
			"from": [8.3841, 14.15554, 10.75],
			"to": [8.6341, 14.85554, 13.75],
			"rotation": {"angle": 45, "axis": "z", "origin": [8.5091, 14.50554, 12.25]},
			"faces": {
				"north": {"uv": [8, 4, 8.25, 5.25], "rotation": 90, "texture": "#2"},
				"east": {"uv": [8, 4, 8.25, 7], "rotation": 270, "texture": "#2"},
				"south": {"uv": [8, 4, 8.25, 5.25], "rotation": 270, "texture": "#2"},
				"west": {"uv": [8, 4, 8.25, 7], "rotation": 270, "texture": "#2"},
				"up": {"uv": [8, 4, 11, 4.25], "rotation": 270, "texture": "#2"},
				"down": {"uv": [8, 4, 11, 4.25], "rotation": 270, "texture": "#2"}
			}
		},
		{
			"from": [7.61912, 13.4369, 10.75],
			"to": [8.31912, 13.6869, 13.75],
			"rotation": {"angle": -45, "axis": "z", "origin": [7.64001, 14.10188, 12.25]},
			"faces": {
				"north": {"uv": [8, 4, 8.25, 5.25], "texture": "#2"},
				"east": {"uv": [8, 4, 11, 4.25], "texture": "#2"},
				"south": {"uv": [8, 4, 8.25, 5.25], "texture": "#2"},
				"west": {"uv": [8, 4, 11, 4.25], "texture": "#2"},
				"up": {"uv": [8, 4, 8.25, 7], "texture": "#2"},
				"down": {"uv": [8, 4, 8.25, 7], "texture": "#2"}
			}
		},
		{
			"from": [7.15503, 13.64644, 10.75],
			"to": [7.40503, 14.34644, 13.75],
			"rotation": {"angle": 0, "axis": "z", "origin": [7.64001, 14.10188, 12.25]},
			"faces": {
				"north": {"uv": [8, 4, 8.25, 5.25], "rotation": 270, "texture": "#2"},
				"east": {"uv": [8, 4, 8.25, 7], "rotation": 90, "texture": "#2"},
				"south": {"uv": [8, 4, 8.25, 5.25], "rotation": 90, "texture": "#2"},
				"west": {"uv": [8, 4, 8.25, 7], "rotation": 90, "texture": "#2"},
				"up": {"uv": [8, 4, 11, 4.25], "rotation": 90, "texture": "#2"},
				"down": {"uv": [8, 4, 11, 4.25], "rotation": 90, "texture": "#2"}
			}
		},
		{
			"from": [6.40503, 12.89644, 10.75],
			"to": [7.15503, 13.59644, 13.75],
			"rotation": {"angle": 0, "axis": "z", "origin": [7.64001, 14.10188, 12.25]},
			"faces": {
				"north": {"uv": [8, 4, 8.25, 5.25], "rotation": 270, "texture": "#2"},
				"east": {"uv": [8, 4, 8.25, 7], "rotation": 90, "texture": "#2"},
				"south": {"uv": [8, 4, 8.25, 5.25], "rotation": 90, "texture": "#2"},
				"west": {"uv": [8, 4, 8.25, 7], "rotation": 90, "texture": "#2"},
				"up": {"uv": [8, 4, 11, 4.25], "rotation": 90, "texture": "#2"},
				"down": {"uv": [8, 4, 11, 4.25], "rotation": 90, "texture": "#2"}
			}
		},
		{
			"from": [6.75503, 13.59644, 10.75],
			"to": [7.15503, 13.89644, 13.75],
			"rotation": {"angle": 0, "axis": "z", "origin": [7.64001, 14.10188, 12.25]},
			"faces": {
				"north": {"uv": [8, 4, 8.25, 5.25], "rotation": 270, "texture": "#2"},
				"east": {"uv": [8, 4, 8.25, 7], "rotation": 90, "texture": "#2"},
				"south": {"uv": [8, 4, 8.25, 5.25], "rotation": 90, "texture": "#2"},
				"west": {"uv": [8, 4, 8.25, 7], "rotation": 90, "texture": "#2"},
				"up": {"uv": [8, 4, 11, 4.25], "rotation": 90, "texture": "#2"},
				"down": {"uv": [8, 4, 11, 4.25], "rotation": 90, "texture": "#2"}
			}
		},
		{
			"from": [7.05503, 13.89644, 10.75],
			"to": [7.15503, 13.99644, 13.75],
			"rotation": {"angle": 0, "axis": "z", "origin": [7.64001, 14.10188, 12.25]},
			"faces": {
				"north": {"uv": [8, 4, 8.25, 5.25], "rotation": 270, "texture": "#2"},
				"east": {"uv": [8, 4, 8.25, 7], "rotation": 90, "texture": "#2"},
				"south": {"uv": [8, 4, 8.25, 5.25], "rotation": 90, "texture": "#2"},
				"west": {"uv": [8, 4, 8.25, 7], "rotation": 90, "texture": "#2"},
				"up": {"uv": [8, 4, 11, 4.25], "rotation": 90, "texture": "#2"},
				"down": {"uv": [8, 4, 11, 4.25], "rotation": 90, "texture": "#2"}
			}
		},
		{
			"from": [6.6159, 13.40554, 10.75],
			"to": [6.8659, 14.55554, 13.75],
			"rotation": {"angle": -45, "axis": "z", "origin": [6.7409, 13.75554, 12.25]},
			"faces": {
				"north": {"uv": [8, 4, 8.25, 5.25], "rotation": 270, "texture": "#2"},
				"east": {"uv": [8, 4, 8.25, 7], "rotation": 90, "texture": "#2"},
				"south": {"uv": [8, 4, 8.25, 5.25], "rotation": 90, "texture": "#2"},
				"west": {"uv": [8, 4, 8.25, 7], "rotation": 90, "texture": "#2"},
				"up": {"uv": [8, 4, 11, 4.25], "rotation": 90, "texture": "#2"},
				"down": {"uv": [8, 4, 11, 4.25], "rotation": 90, "texture": "#2"}
			}
		},
		{
			"from": [6.6159, 12.13735, 10.75],
			"to": [7.8659, 13.08735, 13.75],
			"rotation": {"angle": 45, "axis": "z", "origin": [6.7409, 12.73735, 12.25]},
			"faces": {
				"north": {"uv": [8, 4, 8.25, 5.25], "rotation": 270, "texture": "#2"},
				"east": {"uv": [8, 4, 8.25, 7], "rotation": 90, "texture": "#2"},
				"south": {"uv": [8, 4, 8.25, 5.25], "rotation": 90, "texture": "#2"},
				"west": {"uv": [8, 4, 8.25, 7], "rotation": 90, "texture": "#2"},
				"up": {"uv": [8, 4, 11, 4.25], "rotation": 90, "texture": "#2"},
				"down": {"uv": [8, 4, 11, 4.25], "rotation": 90, "texture": "#2"}
			}
		},
		{
			"from": [7.12414, 13.93188, 10.75],
			"to": [7.37414, 14.63188, 13.75],
			"rotation": {"angle": -45, "axis": "z", "origin": [7.64001, 14.10188, 12.25]},
			"faces": {
				"north": {"uv": [8, 4, 8.25, 5.25], "rotation": 270, "texture": "#2"},
				"east": {"uv": [8, 4, 8.25, 7], "rotation": 90, "texture": "#2"},
				"south": {"uv": [8, 4, 8.25, 5.25], "rotation": 90, "texture": "#2"},
				"west": {"uv": [8, 4, 8.25, 7], "rotation": 90, "texture": "#2"},
				"up": {"uv": [8, 4, 11, 4.25], "rotation": 90, "texture": "#2"},
				"down": {"uv": [8, 4, 11, 4.25], "rotation": 90, "texture": "#2"}
			}
		},
		{
			"from": [7.65, 14.59142, 10.75],
			"to": [8.35, 14.84142, 13.75],
			"rotation": {"angle": 0, "axis": "z", "origin": [7.64001, 14.10188, 12.25]},
			"faces": {
				"north": {"uv": [8, 4, 8.25, 5.25], "rotation": 180, "texture": "#2"},
				"east": {"uv": [8, 4, 11, 4.25], "rotation": 180, "texture": "#2"},
				"south": {"uv": [8, 4, 8.25, 5.25], "rotation": 180, "texture": "#2"},
				"west": {"uv": [8, 4, 11, 4.25], "rotation": 180, "texture": "#2"},
				"up": {"uv": [8, 4, 8.25, 7], "rotation": 180, "texture": "#2"},
				"down": {"uv": [8, 4, 8.25, 7], "rotation": 180, "texture": "#2"}
			}
		},
		{
			"from": [7.95, 13.95147, 10.75],
			"to": [8.05, 14.05147, 10.75],
			"rotation": {"angle": 0, "axis": "z", "origin": [8.29963, 13.78798, 12.25]},
			"faces": {
				"north": {"uv": [8, 4, 8.25, 5.25], "texture": "#1"},
				"east": {"uv": [8, 4, 11, 4.25], "texture": "#1"},
				"south": {"uv": [8, 4, 8.25, 5.25], "texture": "#1"},
				"west": {"uv": [8, 4, 11, 4.25], "texture": "#1"},
				"up": {"uv": [8, 4, 8.25, 7], "texture": "#1"},
				"down": {"uv": [8, 4, 8.25, 7], "texture": "#1"}
			}
		},
		{
			"from": [7, 9, 15],
			"to": [9, 10, 28],
			"rotation": {"angle": 0, "axis": "y", "origin": [0, -4, -4]},
			"faces": {
				"north": {"uv": [1, 5, 3, 6], "texture": "#2"},
				"east": {"uv": [3, 5, 16, 6], "texture": "#2"},
				"south": {"uv": [3, 5, 5, 6], "texture": "#2"},
				"west": {"uv": [3, 5, 16, 6], "texture": "#2"},
				"up": {"uv": [1, 0, 14, 2], "rotation": 90, "texture": "#2"},
				"down": {"uv": [12, 3, 14, 16], "texture": "#2"}
			}
		},
		{
			"from": [7, 4, 27],
			"to": [9, 9, 28],
			"rotation": {"angle": 0, "axis": "y", "origin": [0.5, -4, -4]},
			"faces": {
				"north": {"uv": [10, 7, 12, 12], "texture": "#2"},
				"east": {"uv": [12, 7, 13, 12], "texture": "#2"},
				"south": {"uv": [8, 7, 10, 12], "texture": "#2"},
				"west": {"uv": [7, 7, 8, 12], "texture": "#2"},
				"up": {"uv": [9, 6, 11, 7], "texture": "#2"},
				"down": {"uv": [11, 12, 13, 13], "texture": "#2"}
			}
		},
		{
			"from": [7, 6, 15],
			"to": [9, 7, 27],
			"rotation": {"angle": 0, "axis": "y", "origin": [0, -4, -4]},
			"faces": {
				"north": {"uv": [1, 5, 3, 6], "texture": "#2"},
				"east": {"uv": [4, 5, 16, 6], "texture": "#2"},
				"south": {"uv": [3, 5, 5, 6], "texture": "#2"},
				"west": {"uv": [4, 5, 16, 6], "texture": "#2"},
				"up": {"uv": [6, 0, 8, 13], "texture": "#2"},
				"down": {"uv": [12, 3, 14, 16], "texture": "#2"}
			}
		},
		{
			"from": [7.01, 4.11522, 26.57926],
			"to": [9.01, 7.11522, 27.57926],
			"rotation": {"angle": -22.5, "axis": "x", "origin": [8, 5.11522, 27.07926]},
			"faces": {
				"north": {"uv": [10, 7, 12, 9], "texture": "#2"},
				"east": {"uv": [12, 7, 13, 9], "texture": "#2"},
				"south": {"uv": [8, 7, 10, 9], "texture": "#2"},
				"west": {"uv": [7, 7, 8, 9], "texture": "#2"},
				"up": {"uv": [9, 6, 11, 7], "texture": "#2"},
				"down": {"uv": [11, 9, 13, 10], "texture": "#2"}
			}
		},
		{
			"from": [7, 7, 17],
			"to": [9, 9, 18],
			"rotation": {"angle": 0, "axis": "y", "origin": [0.5, -4, -4]},
			"faces": {
				"north": {"uv": [10, 6, 12, 8], "texture": "#2"},
				"east": {"uv": [13, 6, 14, 8], "texture": "#2"},
				"south": {"uv": [8, 6, 10, 8], "texture": "#2"},
				"west": {"uv": [7, 6, 8, 8], "texture": "#2"},
				"up": {"uv": [9, 5, 11, 6], "texture": "#2"},
				"down": {"uv": [11, 8, 13, 9], "texture": "#2"}
			}
		},
		{
			"from": [7, 7, 26],
			"to": [9, 9, 27],
			"rotation": {"angle": 0, "axis": "y", "origin": [8, 5, 26.5]},
			"faces": {
				"north": {"uv": [10, 7, 12, 9], "texture": "#2"},
				"east": {"uv": [12, 7, 13, 9], "texture": "#2"},
				"south": {"uv": [8, 7, 10, 9], "texture": "#2"},
				"west": {"uv": [7, 7, 8, 9], "texture": "#2"},
				"up": {"uv": [9, 6, 11, 7], "texture": "#2"},
				"down": {"uv": [11, 9, 13, 10], "texture": "#2"}
			}
		},
		{
			"from": [7.5, 7, -16],
			"to": [8.5, 8, 4],
			"rotation": {"angle": 0, "axis": "y", "origin": [10.76183, 6.26367, 0.75]},
			"faces": {
				"north": {"uv": [7, 14, 8, 15], "texture": "#2"},
				"east": {"uv": [0, 4, 16, 5], "texture": "#2"},
				"south": {"uv": [8, 15, 9, 16], "texture": "#2"},
				"west": {"uv": [0, 4, 16, 5], "texture": "#2"},
				"up": {"uv": [2, 0, 3, 16], "texture": "#2"},
				"down": {"uv": [10, 0, 11, 16], "texture": "#2"}
			}
		},
		{
			"from": [4.51, 3.251, 5.5],
			"to": [11.51, 4.251, 9.5],
			"rotation": {"angle": 0, "axis": "y", "origin": [0.5, -1.5, -6.15]},
			"faces": {
				"north": {"uv": [0, 1, 7, 2], "texture": "#2"},
				"east": {"uv": [0, 1, 4, 2], "texture": "#2"},
				"south": {"uv": [0, 1, 7, 2], "texture": "#2"},
				"west": {"uv": [0, 1, 4, 2], "texture": "#2"},
				"up": {"uv": [0, 0, 7, 4], "texture": "#2"},
				"down": {"uv": [0, 0, 7, 4], "texture": "#2"}
			}
		},
		{
			"from": [4.51, 2.751, 5.499],
			"to": [11.51, 3.751, 9.499],
			"rotation": {"angle": 0, "axis": "y", "origin": [0.5, -1.5, -6.15]},
			"faces": {
				"north": {"uv": [9, 1, 16, 2], "texture": "#2"},
				"east": {"uv": [9, 1, 13, 2], "texture": "#2"},
				"south": {"uv": [9, 1, 16, 2], "texture": "#2"},
				"west": {"uv": [9, 1, 13, 2], "texture": "#2"},
				"up": {"uv": [9, 0, 16, 4], "texture": "#2"},
				"down": {"uv": [9, 0, 16, 4], "texture": "#2"}
			}
		},
		{
			"from": [3.26, 2.75, 5.501],
			"to": [5.26, 5.75, 9.501],
			"rotation": {"angle": 0, "axis": "y", "origin": [-7.75, -2, -6.15]},
			"faces": {
				"north": {"uv": [0, 1, 2, 2], "texture": "#2"},
				"east": {"uv": [0, 1, 4, 2], "texture": "#2"},
				"south": {"uv": [0, 1, 2, 2], "texture": "#2"},
				"west": {"uv": [0, 1, 4, 2], "texture": "#2"},
				"up": {"uv": [0, 0, 2, 4], "texture": "#2"},
				"down": {"uv": [0, 0, 2, 4], "texture": "#2"}
			}
		},
		{
			"from": [4.61355, 3.31066, 5.504],
			"to": [6.61355, 6.31066, 9.504],
			"rotation": {"angle": 45, "axis": "z", "origin": [5.61355, 3.81066, 7.5]},
			"faces": {
				"north": {"uv": [0, 1, 2, 2], "texture": "#2"},
				"east": {"uv": [0, 1, 4, 2], "texture": "#2"},
				"south": {"uv": [0, 1, 2, 2], "texture": "#2"},
				"west": {"uv": [0, 1, 4, 2], "texture": "#2"},
				"up": {"uv": [0, 0, 2, 4], "texture": "#2"},
				"down": {"uv": [0, 0, 2, 4], "texture": "#2"}
			}
		},
		{
			"from": [3.67421, 4.16421, 5.502],
			"to": [6.67421, 6.16421, 9.502],
			"rotation": {"angle": 0, "axis": "z", "origin": [6.17421, 5.16421, 7.5]},
			"faces": {
				"north": {"uv": [0, 1, 2, 2], "rotation": 90, "texture": "#2"},
				"east": {"uv": [0, 0, 2, 4], "rotation": 270, "texture": "#2"},
				"south": {"uv": [0, 1, 2, 2], "rotation": 270, "texture": "#2"},
				"west": {"uv": [0, 0, 2, 4], "rotation": 270, "texture": "#2"},
				"up": {"uv": [0, 1, 4, 2], "rotation": 270, "texture": "#2"},
				"down": {"uv": [0, 1, 4, 2], "rotation": 270, "texture": "#2"}
			}
		},
		{
			"from": [3.11355, 5.51777, 5.497],
			"to": [6.11355, 7.51777, 9.497],
			"rotation": {"angle": 45, "axis": "z", "origin": [5.61355, 6.51777, 7.5]},
			"faces": {
				"north": {"uv": [0, 1, 2, 2], "rotation": 90, "texture": "#2"},
				"east": {"uv": [0, 0, 2, 4], "rotation": 270, "texture": "#2"},
				"south": {"uv": [0, 1, 2, 2], "rotation": 270, "texture": "#2"},
				"west": {"uv": [0, 0, 2, 4], "rotation": 270, "texture": "#2"},
				"up": {"uv": [0, 1, 4, 2], "rotation": 270, "texture": "#2"},
				"down": {"uv": [0, 1, 4, 2], "rotation": 270, "texture": "#2"}
			}
		},
		{
			"from": [3.26, 4.57843, 5.499],
			"to": [5.26, 7.57843, 9.499],
			"rotation": {"angle": 0, "axis": "z", "origin": [3.30289, 5.44454, 7.5]},
			"faces": {
				"north": {"uv": [0, 1, 2, 2], "rotation": 180, "texture": "#2"},
				"east": {"uv": [0, 1, 4, 2], "rotation": 180, "texture": "#2"},
				"south": {"uv": [0, 1, 2, 2], "rotation": 180, "texture": "#2"},
				"west": {"uv": [0, 1, 4, 2], "rotation": 180, "texture": "#2"},
				"up": {"uv": [0, 0, 2, 4], "rotation": 180, "texture": "#2"},
				"down": {"uv": [0, 0, 2, 4], "rotation": 180, "texture": "#2"}
			}
		},
		{
			"from": [2.78145, 3.98376, 5.5],
			"to": [4.78145, 6.98376, 9.5],
			"rotation": {"angle": 45, "axis": "z", "origin": [3.30289, 5.44454, 7.5]},
			"faces": {
				"north": {"uv": [0, 1, 2, 2], "rotation": 180, "texture": "#2"},
				"east": {"uv": [0, 1, 4, 2], "rotation": 180, "texture": "#2"},
				"south": {"uv": [0, 1, 2, 2], "rotation": 180, "texture": "#2"},
				"west": {"uv": [0, 1, 4, 2], "rotation": 180, "texture": "#2"},
				"up": {"uv": [0, 0, 2, 4], "rotation": 180, "texture": "#2"},
				"down": {"uv": [0, 0, 2, 4], "rotation": 180, "texture": "#2"}
			}
		},
		{
			"from": [1.84579, 4.16421, 5.498],
			"to": [4.84579, 6.16421, 9.498],
			"rotation": {"angle": 0, "axis": "z", "origin": [3.30289, 5.44454, 7.5]},
			"faces": {
				"north": {"uv": [0, 1, 2, 2], "rotation": 270, "texture": "#2"},
				"east": {"uv": [0, 0, 2, 4], "rotation": 90, "texture": "#2"},
				"south": {"uv": [0, 1, 2, 2], "rotation": 90, "texture": "#2"},
				"west": {"uv": [0, 0, 2, 4], "rotation": 90, "texture": "#2"},
				"up": {"uv": [0, 1, 4, 2], "rotation": 90, "texture": "#2"},
				"down": {"uv": [0, 1, 4, 2], "rotation": 90, "texture": "#2"}
			}
		},
		{
			"from": [1.36723, 3.56954, 5.503],
			"to": [4.36723, 5.56954, 9.503],
			"rotation": {"angle": 45, "axis": "z", "origin": [3.30289, 5.44454, 7.5]},
			"faces": {
				"north": {"uv": [0, 1, 2, 2], "rotation": 270, "texture": "#2"},
				"east": {"uv": [0, 0, 2, 4], "rotation": 90, "texture": "#2"},
				"south": {"uv": [0, 1, 2, 2], "rotation": 90, "texture": "#2"},
				"west": {"uv": [0, 0, 2, 4], "rotation": 90, "texture": "#2"},
				"up": {"uv": [0, 1, 4, 2], "rotation": 90, "texture": "#2"},
				"down": {"uv": [0, 1, 4, 2], "rotation": 90, "texture": "#2"}
			}
		},
		{
			"from": [10.76, 2.75, 5.501],
			"to": [12.76, 5.75, 9.501],
			"rotation": {"angle": 0, "axis": "y", "origin": [-0.25, -2, -6.15]},
			"faces": {
				"north": {"uv": [0, 1, 2, 2], "texture": "#2"},
				"east": {"uv": [0, 1, 4, 2], "texture": "#2"},
				"south": {"uv": [0, 1, 2, 2], "texture": "#2"},
				"west": {"uv": [0, 1, 4, 2], "texture": "#2"},
				"up": {"uv": [0, 0, 2, 4], "texture": "#2"},
				"down": {"uv": [0, 0, 2, 4], "texture": "#2"}
			}
		},
		{
			"from": [12.11355, 3.31066, 5.504],
			"to": [14.11355, 6.31066, 9.504],
			"rotation": {"angle": 45, "axis": "z", "origin": [13.11355, 3.81066, 7.5]},
			"faces": {
				"north": {"uv": [0, 1, 2, 2], "texture": "#2"},
				"east": {"uv": [0, 1, 4, 2], "texture": "#2"},
				"south": {"uv": [0, 1, 2, 2], "texture": "#2"},
				"west": {"uv": [0, 1, 4, 2], "texture": "#2"},
				"up": {"uv": [0, 0, 2, 4], "texture": "#2"},
				"down": {"uv": [0, 0, 2, 4], "texture": "#2"}
			}
		},
		{
			"from": [11.17421, 4.16421, 5.502],
			"to": [14.17421, 6.16421, 9.502],
			"rotation": {"angle": 0, "axis": "z", "origin": [13.67421, 5.16421, 7.5]},
			"faces": {
				"north": {"uv": [0, 1, 2, 2], "rotation": 90, "texture": "#2"},
				"east": {"uv": [0, 0, 2, 4], "rotation": 270, "texture": "#2"},
				"south": {"uv": [0, 1, 2, 2], "rotation": 270, "texture": "#2"},
				"west": {"uv": [0, 0, 2, 4], "rotation": 270, "texture": "#2"},
				"up": {"uv": [0, 1, 4, 2], "rotation": 270, "texture": "#2"},
				"down": {"uv": [0, 1, 4, 2], "rotation": 270, "texture": "#2"}
			}
		},
		{
			"from": [10.61355, 5.51777, 5.497],
			"to": [13.61355, 7.51777, 9.497],
			"rotation": {"angle": 45, "axis": "z", "origin": [13.11355, 6.51777, 7.5]},
			"faces": {
				"north": {"uv": [0, 1, 2, 2], "rotation": 90, "texture": "#2"},
				"east": {"uv": [0, 0, 2, 4], "rotation": 270, "texture": "#2"},
				"south": {"uv": [0, 1, 2, 2], "rotation": 270, "texture": "#2"},
				"west": {"uv": [0, 0, 2, 4], "rotation": 270, "texture": "#2"},
				"up": {"uv": [0, 1, 4, 2], "rotation": 270, "texture": "#2"},
				"down": {"uv": [0, 1, 4, 2], "rotation": 270, "texture": "#2"}
			}
		},
		{
			"from": [10.76, 4.57843, 5.499],
			"to": [12.76, 7.57843, 9.499],
			"rotation": {"angle": 0, "axis": "z", "origin": [10.80289, 5.44454, 7.5]},
			"faces": {
				"north": {"uv": [0, 1, 2, 2], "rotation": 180, "texture": "#2"},
				"east": {"uv": [0, 1, 4, 2], "rotation": 180, "texture": "#2"},
				"south": {"uv": [0, 1, 2, 2], "rotation": 180, "texture": "#2"},
				"west": {"uv": [0, 1, 4, 2], "rotation": 180, "texture": "#2"},
				"up": {"uv": [0, 0, 2, 4], "rotation": 180, "texture": "#2"},
				"down": {"uv": [0, 0, 2, 4], "rotation": 180, "texture": "#2"}
			}
		},
		{
			"from": [10.28145, 3.98376, 5.5],
			"to": [12.28145, 6.98376, 9.5],
			"rotation": {"angle": 45, "axis": "z", "origin": [10.80289, 5.44454, 7.5]},
			"faces": {
				"north": {"uv": [0, 1, 2, 2], "rotation": 180, "texture": "#2"},
				"east": {"uv": [0, 1, 4, 2], "rotation": 180, "texture": "#2"},
				"south": {"uv": [0, 1, 2, 2], "rotation": 180, "texture": "#2"},
				"west": {"uv": [0, 1, 4, 2], "rotation": 180, "texture": "#2"},
				"up": {"uv": [0, 0, 2, 4], "rotation": 180, "texture": "#2"},
				"down": {"uv": [0, 0, 2, 4], "rotation": 180, "texture": "#2"}
			}
		},
		{
			"from": [9.34579, 4.16421, 5.498],
			"to": [12.34579, 6.16421, 9.498],
			"rotation": {"angle": 0, "axis": "z", "origin": [10.80289, 5.44454, 7.5]},
			"faces": {
				"north": {"uv": [0, 1, 2, 2], "rotation": 270, "texture": "#2"},
				"east": {"uv": [0, 0, 2, 4], "rotation": 90, "texture": "#2"},
				"south": {"uv": [0, 1, 2, 2], "rotation": 90, "texture": "#2"},
				"west": {"uv": [0, 0, 2, 4], "rotation": 90, "texture": "#2"},
				"up": {"uv": [0, 1, 4, 2], "rotation": 90, "texture": "#2"},
				"down": {"uv": [0, 1, 4, 2], "rotation": 90, "texture": "#2"}
			}
		},
		{
			"from": [8.86723, 3.56954, 5.503],
			"to": [11.86723, 5.56954, 9.503],
			"rotation": {"angle": 45, "axis": "z", "origin": [10.80289, 5.44454, 7.5]},
			"faces": {
				"north": {"uv": [0, 1, 2, 2], "rotation": 270, "texture": "#2"},
				"east": {"uv": [0, 0, 2, 4], "rotation": 90, "texture": "#2"},
				"south": {"uv": [0, 1, 2, 2], "rotation": 90, "texture": "#2"},
				"west": {"uv": [0, 0, 2, 4], "rotation": 90, "texture": "#2"},
				"up": {"uv": [0, 1, 4, 2], "rotation": 90, "texture": "#2"},
				"down": {"uv": [0, 1, 4, 2], "rotation": 90, "texture": "#2"}
			}
		},
		{
			"from": [7.51, 4.25, 5.5],
			"to": [8.51, 5.25, 9.5],
			"rotation": {"angle": 0, "axis": "y", "origin": [0.5, -1.5, -6.15]},
			"faces": {
				"north": {"uv": [0, 0, 1, 1], "texture": "#2"},
				"east": {"uv": [0, 0, 4, 1], "texture": "#2"},
				"south": {"uv": [0, 0, 1, 1], "texture": "#2"},
				"west": {"uv": [0, 0, 4, 1], "texture": "#2"},
				"up": {"uv": [0, 0, 1, 4], "texture": "#2"},
				"down": {"uv": [0, 0, 1, 4], "texture": "#2"}
			}
		},
		{
			"from": [6.00523, -2.50104, -6.99],
			"to": [7.00523, 6.49896, -5.99],
			"rotation": {"angle": -22.5, "axis": "z", "origin": [6.50523, 3.49896, -6.5]},
			"faces": {
				"north": {"uv": [11, 7, 12, 16], "texture": "#2"},
				"east": {"uv": [12, 7, 13, 16], "texture": "#2"},
				"south": {"uv": [9, 7, 10, 16], "texture": "#2"},
				"west": {"uv": [7, 7, 8, 16], "texture": "#2"},
				"up": {"uv": [9, 6, 10, 7], "texture": "#2"},
				"down": {"uv": [12, 12, 13, 13], "texture": "#2"}
			}
		},
		{
			"from": [8.99477, -2.50104, -6.99],
			"to": [9.99477, 6.49896, -5.99],
			"rotation": {"angle": 22.5, "axis": "z", "origin": [9.49477, 3.49896, -6.5]},
			"faces": {
				"north": {"uv": [11, 7, 12, 16], "texture": "#2"},
				"east": {"uv": [12, 7, 13, 16], "texture": "#2"},
				"south": {"uv": [9, 7, 10, 16], "texture": "#2"},
				"west": {"uv": [7, 7, 8, 16], "texture": "#2"},
				"up": {"uv": [9, 6, 10, 7], "texture": "#2"},
				"down": {"uv": [12, 12, 13, 13], "texture": "#2"}
			}
		},
		{
			"from": [6.99, -6.5, 14.25],
			"to": [8.99, -0.5, 17.25],
			"rotation": {"angle": -22.5, "axis": "x", "origin": [0, -4, -4]},
			"faces": {
				"north": {"uv": [7, 4, 9, 10], "texture": "#2"},
				"east": {"uv": [7, 4, 10, 10], "texture": "#2"},
				"south": {"uv": [8, 4, 10, 10], "texture": "#2"},
				"west": {"uv": [7, 4, 10, 10], "texture": "#2"},
				"up": {"uv": [8, 1, 10, 4], "texture": "#2"},
				"down": {"uv": [7, 10, 9, 13], "texture": "#2"}
			}
		},
		{
			"from": [7, 4.75, 9.25],
			"to": [9, 4.75, 12.25],
			"rotation": {"angle": 0, "axis": "y", "origin": [0, -4, -4]},
			"faces": {
				"north": {"uv": [0, 0, 2, 0], "texture": "#2"},
				"east": {"uv": [0, 0, 3, 0], "texture": "#2"},
				"south": {"uv": [0, 0, 2, 0], "texture": "#2"},
				"west": {"uv": [0, 0, 3, 0], "texture": "#2"},
				"up": {"uv": [6, 5, 8, 8], "texture": "#2"},
				"down": {"uv": [6, 5, 8, 8], "texture": "#2"}
			}
		}
	],
	"gui_light": "front",
	"display": {
		"thirdperson_righthand": {
			"translation": [0, 2, 0],
			"scale": [0.5, 0.5, 0.5]
		},
		"thirdperson_lefthand": {
			"translation": [0, 2, 0],
			"scale": [0.5, 0.5, 0.5]
		},
		"firstperson_righthand": {
			"translation": [-9, 17, -3.5]
		},
		"firstperson_lefthand": {
			"translation": [-9, 17, -3.5]
		},
		"ground": {
			"rotation": [0, 0, 90],
			"scale": [0.5, 0.5, 0.5]
		},
		"gui": {
			"rotation": [90, 45, -90],
			"scale": [0.5, 0.5, 0.5]
		}
	},
	"groups": [
		{
			"name": "body",
			"origin": [0, -4, -4],
			"color": 0,
			"children": [0, 1, 2, 3, 4, 5, 6, 7, 8, 9, 10]
		},
		{
			"name": "sight@attach",
			"origin": [9.5, 14, 13],
			"color": 0,
			"children": [
				{
					"name": "default@name",
					"origin": [1, -0.75, -7.65],
					"color": 0,
					"children": [
						11,
						12,
						13,
						14,
						15,
						16,
						{
							"name": "peep@state",
							"origin": [9.5, 14, 13],
							"color": 0,
							"children": [17, 18, 19, 20, 21, 22, 23, 24, 25, 26, 27, 28, 29, 30, 31, 32, 33, 34, 35]
						}
					]
				}
			]
		},
		{
			"name": "stock@attach",
			"origin": [8, 5, 26.5],
			"color": 0,
			"children": [
				{
					"name": "default@name",
					"origin": [8, 5, 26.5],
					"color": 0,
					"children": [36, 37, 38, 39, 40, 41]
				}
			]
		},
		{
			"name": "barrel@attach",
			"origin": [0, -4, -4],
			"color": 0,
			"children": [
				{
					"name": "default@name",
					"origin": [0, -4, -4],
					"color": 0,
					"children": [42]
				}
			]
		},
		{
			"name": "magazine@attach",
			"origin": [0.5, -1.5, -6.15],
			"color": 0,
			"children": [
				{
					"name": "default@name",
					"origin": [0.5, -1.5, -6.15],
					"color": 0,
					"children": [
						43,
						44,
						45,
						46,
						47,
						48,
						49,
						50,
						51,
						52,
						53,
						54,
						55,
						56,
						57,
						58,
						59,
						60,
						61,
						{
							"name": "reload_2@state",
							"origin": [0.5, -1.5, -6.15],
							"color": 0,
							"children": []
						}
					]
				}
			]
		},
		{
			"name": "underbarrel@attach",
			"origin": [9.49477, 3.49896, -6.5],
			"color": 0,
			"children": [
				{
					"name": "default@name",
					"origin": [9.49477, 3.49896, -6.5],
					"color": 0,
					"children": []
				},
				{
					"name": "bipod@name",
					"origin": [9.49477, 3.49896, -6.5],
					"color": 0,
					"children": [62, 63]
				}
			]
		},
		{
			"name": "grip@attach",
			"origin": [8, 8, 8],
			"color": 0,
			"children": [
				{
					"name": "default@name",
					"origin": [0, -4, -4],
					"color": 0,
					"children": [64, 65]
				}
			]
		}
	]
}