{
	"credit": "Made with Blockbench",
	"textures": {
		"1": "item/gun/reddish_wood",
		"2": "item/gun/metal",
		"3": "item/gun/gray_plastic",
		"4": "item/gun/wood",
		"5": "item/gun/red",
		"particle": "item/gun/metal"
	},
	"elements": [
		{
			"from": [7, 5.5, 6],
			"to": [9, 9.5, 17],
			"rotation": {"angle": 0, "axis": "y", "origin": [0.5, 0, 0]},
			"faces": {
				"north": {"uv": [11, 6, 13, 10], "texture": "#2"},
				"east": {"uv": [0, 6, 11, 10], "texture": "#2"},
				"south": {"uv": [11, 6, 13, 10], "texture": "#2"},
				"west": {"uv": [0, 6, 11, 10], "texture": "#2"},
				"up": {"uv": [0, 4, 11, 6], "rotation": 90, "texture": "#2"},
				"down": {"uv": [0, 10, 11, 12], "rotation": 90, "texture": "#2"}
			}
		},
		{
			"from": [7, 5.5, 17],
			"to": [9, 8.5, 18],
			"rotation": {"angle": 0, "axis": "y", "origin": [0.5, 0, 0]},
			"faces": {
				"north": {"uv": [0, 10, 2, 13], "texture": "#2"},
				"east": {"uv": [0, 10, 1, 13], "texture": "#2"},
				"south": {"uv": [0, 10, 2, 13], "texture": "#2"},
				"west": {"uv": [0, 10, 1, 13], "texture": "#2"},
				"up": {"uv": [0, 9, 2, 10], "texture": "#2"},
				"down": {"uv": [0, 13, 2, 14], "texture": "#2"}
			}
		},
		{
			"from": [7, 9.5, 6],
			"to": [9, 10.5, 9],
			"rotation": {"angle": 0, "axis": "y", "origin": [0.5, 0, 0]},
			"faces": {
				"north": {"uv": [11, 7, 13, 8], "texture": "#2"},
				"east": {"uv": [0, 7, 3, 8], "texture": "#2"},
				"south": {"uv": [11, 7, 13, 8], "texture": "#2"},
				"west": {"uv": [0, 7, 3, 8], "texture": "#2"},
				"up": {"uv": [0, 5, 3, 7], "rotation": 90, "texture": "#2"},
				"down": {"uv": [0, 11, 3, 13], "rotation": 90, "texture": "#2"}
			}
		},
		{
			"from": [6.6, 9.65, 7],
			"to": [9.4, 10.4, 7.75],
			"rotation": {"angle": 0, "axis": "y", "origin": [0.5, 0, 0]},
			"faces": {
				"north": {"uv": [3, 11, 5.8, 11.5], "texture": "#2"},
				"east": {"uv": [3, 11, 3.5, 11.5], "texture": "#2"},
				"south": {"uv": [2, 10, 4.8, 10.5], "texture": "#2"},
				"west": {"uv": [4, 10, 4.5, 10.5], "texture": "#2"},
				"up": {"uv": [5, 9, 5.5, 11.8], "rotation": 90, "texture": "#2"},
				"down": {"uv": [3, 8, 3.5, 10.8], "rotation": 90, "texture": "#2"}
			}
		},
		{
			"from": [6.95, 9.5, 6],
			"to": [9.05, 10, 6.5],
			"rotation": {"angle": 0, "axis": "y", "origin": [0.5, 0, 0]},
			"faces": {
				"north": {"uv": [3, 11, 5.1, 11.5], "texture": "#2"},
				"east": {"uv": [3, 11, 3.5, 11.5], "texture": "#2"},
				"south": {"uv": [2, 10, 4.1, 10.5], "texture": "#2"},
				"west": {"uv": [4, 10, 4.5, 10.5], "texture": "#2"},
				"up": {"uv": [5, 9, 5.5, 11.1], "rotation": 90, "texture": "#2"},
				"down": {"uv": [3, 8, 3.5, 10.1], "rotation": 90, "texture": "#2"}
			}
		},
		{
			"from": [7.75, 9.5, 6.5],
			"to": [8.25, 10, 7.25],
			"rotation": {"angle": 0, "axis": "y", "origin": [0.5, 0, 0]},
			"faces": {
				"north": {"uv": [3, 7, 3.5, 7.5], "texture": "#2"},
				"east": {"uv": [3, 7, 3.5, 7.5], "texture": "#2"},
				"south": {"uv": [2, 6, 2.5, 6.5], "texture": "#2"},
				"west": {"uv": [4, 6, 4.5, 6.5], "texture": "#2"},
				"up": {"uv": [5, 5, 5.5, 5.5], "rotation": 90, "texture": "#2"},
				"down": {"uv": [3, 4, 3.5, 4.5], "rotation": 90, "texture": "#2"}
			}
		},
		{
			"from": [6.9, 9.5, 6.5],
			"to": [7.9, 10, 8.75],
			"rotation": {"angle": -22.5, "axis": "x", "origin": [8, 9, 6]},
			"faces": {
				"north": {"uv": [3, 11, 4, 11.5], "texture": "#2"},
				"east": {"uv": [3, 11, 5.25, 11.5], "texture": "#2"},
				"south": {"uv": [2, 10, 3, 10.5], "texture": "#2"},
				"west": {"uv": [4, 10, 6.25, 10.5], "texture": "#2"},
				"up": {"uv": [5, 9, 7.25, 10], "rotation": 90, "texture": "#2"},
				"down": {"uv": [3, 8, 5.25, 9], "rotation": 90, "texture": "#2"}
			}
		},
		{
			"from": [7.9, 9.5, 6.5],
			"to": [8.15, 10, 7.5],
			"rotation": {"angle": -22.5, "axis": "x", "origin": [8, 9, 6]},
			"faces": {
				"north": {"uv": [3, 11, 4, 11.5], "texture": "#2"},
				"east": {"uv": [3, 11, 5.25, 11.5], "texture": "#2"},
				"south": {"uv": [2, 10, 3, 10.5], "texture": "#2"},
				"west": {"uv": [4, 10, 6.25, 10.5], "texture": "#2"},
				"up": {"uv": [5, 9, 7.25, 10], "rotation": 90, "texture": "#2"},
				"down": {"uv": [3, 8, 5.25, 9], "rotation": 90, "texture": "#2"}
			}
		},
		{
			"from": [8.1, 9.5, 6.5],
			"to": [9.1, 10, 8.75],
			"rotation": {"angle": -22.5, "axis": "x", "origin": [8, 9, 6]},
			"faces": {
				"north": {"uv": [3, 11, 4, 11.5], "texture": "#2"},
				"east": {"uv": [3, 11, 5.25, 11.5], "texture": "#2"},
				"south": {"uv": [2, 10, 3, 10.5], "texture": "#2"},
				"west": {"uv": [4, 10, 6.25, 10.5], "texture": "#2"},
				"up": {"uv": [5, 9, 7.25, 10], "rotation": 90, "texture": "#2"},
				"down": {"uv": [3, 8, 5.25, 9], "rotation": 90, "texture": "#2"}
			}
		},
		{
			"from": [7.5, 9.501, 6.499],
			"to": [8.5, 9.801, 8.749],
			"rotation": {"angle": -22.5, "axis": "x", "origin": [8, 9, 6]},
			"faces": {
				"north": {"uv": [3, 11, 4, 11.3], "texture": "#2"},
				"east": {"uv": [3, 11, 5.25, 11.3], "texture": "#2"},
				"south": {"uv": [2, 10, 3, 10.3], "texture": "#2"},
				"west": {"uv": [4, 10, 6.25, 10.3], "texture": "#2"},
				"up": {"uv": [5, 9, 7.25, 10], "rotation": 90, "texture": "#2"},
				"down": {"uv": [3, 8, 5.25, 9], "rotation": 90, "texture": "#2"}
			}
		},
		{
			"from": [7, 9.75, 10],
			"to": [9, 10.25, 13],
			"rotation": {"angle": 0, "axis": "y", "origin": [0.5, -0.25, 0]},
			"faces": {
				"north": {"uv": [13, 9, 15, 9.5], "texture": "#2"},
				"east": {"uv": [2, 9, 5, 9.5], "texture": "#2"},
				"south": {"uv": [13, 9, 15, 9.5], "texture": "#2"},
				"west": {"uv": [2, 9, 5, 9.5], "texture": "#2"},
				"up": {"uv": [2, 7, 5, 9], "rotation": 90, "texture": "#2"},
				"down": {"uv": [2, 9, 5, 11], "rotation": 90, "texture": "#2"}
			}
		},
		{
			"from": [7, 10.5, 10],
			"to": [9, 10.9, 13.25],
			"rotation": {"angle": 0, "axis": "y", "origin": [0.5, -0.25, 0]},
			"faces": {
				"north": {"uv": [11, 10, 13, 10.4], "texture": "#2"},
				"east": {"uv": [0, 8, 3.25, 8.4], "texture": "#2"},
				"south": {"uv": [11, 10, 13, 10.4], "texture": "#2"},
				"west": {"uv": [0, 8, 3.25, 8.4], "texture": "#2"},
				"up": {"uv": [0, 6, 3.25, 8], "rotation": 90, "texture": "#2"},
				"down": {"uv": [0, 8, 3.25, 10], "rotation": 90, "texture": "#2"}
			}
		},
		{
			"from": [7.5, 10.9, 10.9],
			"to": [8.5, 11.3, 11.95],
			"rotation": {"angle": 0, "axis": "y", "origin": [0.5, -0.25, 0]},
			"faces": {
				"north": {"uv": [2, 10, 3, 10.4], "texture": "#2"},
				"east": {"uv": [2, 11, 3.05, 11.4], "texture": "#2"},
				"south": {"uv": [2, 10, 3, 10.4], "texture": "#2"},
				"west": {"uv": [2, 11, 3.05, 11.4], "texture": "#2"},
				"up": {"uv": [2, 9, 3.05, 10], "rotation": 90, "texture": "#2"},
				"down": {"uv": [2, 11, 3.05, 12], "rotation": 90, "texture": "#2"}
			}
		},
		{
			"from": [13.91999, 10.10599, 10],
			"to": [14.01999, 10.70599, 10.55],
			"rotation": {"angle": 22.5, "axis": "z", "origin": [5.86999, -1.44401, 0]},
			"faces": {
				"north": {"uv": [11, 10, 11.1, 10.6], "texture": "#2"},
				"east": {"uv": [0, 10, 0.55, 10.6], "texture": "#2"},
				"south": {"uv": [11, 10, 11.1, 10.6], "texture": "#2"},
				"west": {"uv": [0, 10, 0.55, 10.6], "texture": "#2"},
				"up": {"uv": [0, 8, 0.55, 8.1], "rotation": 90, "texture": "#2"},
				"down": {"uv": [0, 10, 0.55, 10.1], "rotation": 90, "texture": "#2"}
			}
		},
		{
			"from": [4.85039, 15.28941, 10],
			"to": [4.95039, 15.88941, 10.55],
			"rotation": {"angle": -22.5, "axis": "z", "origin": [-3.19961, 3.73941, 0]},
			"faces": {
				"north": {"uv": [11, 10, 11.1, 10.6], "texture": "#2"},
				"east": {"uv": [0, 10, 0.55, 10.6], "texture": "#2"},
				"south": {"uv": [11, 10, 11.1, 10.6], "texture": "#2"},
				"west": {"uv": [0, 10, 0.55, 10.6], "texture": "#2"},
				"up": {"uv": [0, 8, 0.55, 8.1], "rotation": 90, "texture": "#2"},
				"down": {"uv": [0, 10, 0.55, 10.1], "rotation": 90, "texture": "#2"}
			}
		},
		{
			"from": [1.98001, 10.10599, 10],
			"to": [2.08001, 10.70599, 10.55],
			"rotation": {"angle": -22.5, "axis": "z", "origin": [10.13001, -1.44401, 0]},
			"faces": {
				"north": {"uv": [11.1, 10, 11, 10.6], "texture": "#2"},
				"east": {"uv": [0.55, 10, 0, 10.6], "texture": "#2"},
				"south": {"uv": [11.1, 10, 11, 10.6], "texture": "#2"},
				"west": {"uv": [0.55, 10, 0, 10.6], "texture": "#2"},
				"up": {"uv": [0, 8.1, 0.55, 8], "rotation": 90, "texture": "#2"},
				"down": {"uv": [0, 10.1, 0.55, 10], "rotation": 90, "texture": "#2"}
			}
		},
		{
			"from": [11.04961, 15.28941, 10],
			"to": [11.14961, 15.88941, 10.55],
			"rotation": {"angle": 22.5, "axis": "z", "origin": [19.19961, 3.73941, 0]},
			"faces": {
				"north": {"uv": [11.1, 10, 11, 10.6], "texture": "#2"},
				"east": {"uv": [0.55, 10, 0, 10.6], "texture": "#2"},
				"south": {"uv": [11.1, 10, 11, 10.6], "texture": "#2"},
				"west": {"uv": [0.55, 10, 0, 10.6], "texture": "#2"},
				"up": {"uv": [0, 8.1, 0.55, 8], "rotation": 90, "texture": "#2"},
				"down": {"uv": [0, 10.1, 0.55, 10], "rotation": 90, "texture": "#2"}
			}
		},
		{
			"from": [7.25, 10.825, 10],
			"to": [8.75, 11.325, 10.55],
			"rotation": {"angle": 0, "axis": "y", "origin": [-1.2, -0.25, 0]},
			"faces": {
				"north": {"uv": [11, 10, 12.5, 10.5], "texture": "#2"},
				"east": {"uv": [0, 10, 0.55, 10.5], "texture": "#2"},
				"south": {"uv": [11, 10, 12.5, 10.5], "texture": "#2"},
				"west": {"uv": [0, 10, 0.55, 10.5], "texture": "#2"},
				"up": {"uv": [0, 8, 0.55, 9.5], "rotation": 90, "texture": "#2"},
				"down": {"uv": [0, 10, 0.55, 11.5], "rotation": 90, "texture": "#2"}
			}
		},
		{
			"from": [7.95, 12.025, 10.2],
			"to": [8.05, 12.125, 10.2],
			"rotation": {"angle": 0, "axis": "y", "origin": [-1.2, -0.25, 0]},
			"faces": {
				"north": {"uv": [11, 10, 12.5, 10.5], "texture": "#5"},
				"east": {"uv": [0, 10, 0.55, 10.5], "texture": "#5"},
				"south": {"uv": [11, 10, 12.5, 10.5], "texture": "#5"},
				"west": {"uv": [0, 10, 0.55, 10.5], "texture": "#5"},
				"up": {"uv": [0, 8, 0.55, 9.5], "rotation": 90, "texture": "#5"},
				"down": {"uv": [0, 10, 0.55, 11.5], "rotation": 90, "texture": "#5"}
			}
		},
		{
			"from": [7.25, 12.8, 10],
			"to": [8.75, 12.9, 10.55],
			"rotation": {"angle": 0, "axis": "y", "origin": [-1.2, 0.25, 0]},
			"faces": {
				"north": {"uv": [11, 10, 12.5, 10.1], "texture": "#2"},
				"east": {"uv": [0, 10, 0.55, 10.1], "texture": "#2"},
				"south": {"uv": [11, 10, 12.5, 10.1], "texture": "#2"},
				"west": {"uv": [0, 10, 0.55, 10.1], "texture": "#2"},
				"up": {"uv": [0, 8, 0.55, 9.5], "rotation": 90, "texture": "#2"},
				"down": {"uv": [0, 10, 0.55, 11.5], "rotation": 90, "texture": "#2"}
			}
		},
		{
			"from": [7.02039, 11.84567, 10],
			"to": [7.12039, 12.34567, 10.55],
			"rotation": {"angle": 0, "axis": "y", "origin": [-1.32961, 0.29567, 0]},
			"faces": {
				"north": {"uv": [11, 10, 11.1, 10.5], "texture": "#2"},
				"east": {"uv": [0, 10, 0.55, 10.5], "texture": "#2"},
				"south": {"uv": [11, 10, 11.1, 10.5], "texture": "#2"},
				"west": {"uv": [0, 10, 0.55, 10.5], "texture": "#2"},
				"up": {"uv": [0, 8, 0.55, 8.1], "rotation": 90, "texture": "#2"},
				"down": {"uv": [0, 10, 0.55, 10.1], "rotation": 90, "texture": "#2"}
			}
		},
		{
			"from": [8.87961, 11.84567, 10],
			"to": [8.97961, 12.34567, 10.55],
			"rotation": {"angle": 0, "axis": "y", "origin": [0.52961, 0.29567, 0]},
			"faces": {
				"north": {"uv": [11, 10, 11.1, 10.5], "texture": "#2"},
				"east": {"uv": [0, 10, 0.55, 10.5], "texture": "#2"},
				"south": {"uv": [11, 10, 11.1, 10.5], "texture": "#2"},
				"west": {"uv": [0, 10, 0.55, 10.5], "texture": "#2"},
				"up": {"uv": [0, 8, 0.55, 8.1], "rotation": 90, "texture": "#2"},
				"down": {"uv": [0, 10, 0.55, 10.1], "rotation": 90, "texture": "#2"}
			}
		},
		{
			"from": [7, 10.9, 12.3],
			"to": [9, 11, 13.25],
			"rotation": {"angle": 0, "axis": "y", "origin": [0.5, -0.25, 0]},
			"faces": {
				"north": {"uv": [11, 10, 13, 10.1], "texture": "#2"},
				"east": {"uv": [0, 8, 0.65, 8.1], "texture": "#2"},
				"south": {"uv": [11, 10, 13, 10.1], "texture": "#2"},
				"west": {"uv": [0, 8, 0.65, 8.1], "texture": "#2"},
				"up": {"uv": [0, 6, 0.65, 8], "rotation": 90, "texture": "#2"},
				"down": {"uv": [0, 8, 0.65, 10], "rotation": 90, "texture": "#2"}
			}
		},
		{
			"from": [7.001, 10.80489, 13.48963],
			"to": [9.001, 11.35489, 14.58963],
			"rotation": {"angle": 0, "axis": "y", "origin": [0.5, 0.30489, 1.33963]},
			"faces": {
				"north": {"uv": [11, 10, 13, 10.9], "texture": "#2"},
				"east": {"uv": [0, 8, 1.1, 8.9], "texture": "#2"},
				"south": {"uv": [11, 10, 13, 10.9], "texture": "#2"},
				"west": {"uv": [0, 8, 1.1, 8.9], "texture": "#2"},
				"up": {"uv": [0, 6, 1.1, 8], "rotation": 90, "texture": "#2"},
				"down": {"uv": [0, 8, 1.1, 10], "rotation": 90, "texture": "#2"}
			}
		},
		{
			"from": [6.999, 10.15485, 12.77165],
			"to": [8.999, 10.65485, 14.22165],
			"rotation": {"angle": -22.5, "axis": "x", "origin": [6.5, 11.40485, 12.77165]},
			"faces": {
				"north": {"uv": [11, 11, 13, 11.6], "texture": "#2"},
				"east": {"uv": [0, 8, 1.45, 8.6], "texture": "#2"},
				"south": {"uv": [11, 11, 13, 11.6], "texture": "#2"},
				"west": {"uv": [0, 8, 1.45, 8.6], "texture": "#2"},
				"up": {"uv": [0, 6, 1.45, 8], "rotation": 90, "texture": "#2"},
				"down": {"uv": [0, 8, 1.45, 10], "rotation": 90, "texture": "#2"}
			}
		},
		{
			"from": [7, 11.32915, 12.25176],
			"to": [9, 11.72915, 13.00176],
			"rotation": {"angle": -45, "axis": "x", "origin": [6.5, 12.12915, 13.70176]},
			"faces": {
				"north": {"uv": [11, 10, 13, 10.65], "texture": "#2"},
				"east": {"uv": [0, 8, 1, 8.65], "texture": "#2"},
				"south": {"uv": [11, 10, 13, 10.65], "texture": "#2"},
				"west": {"uv": [0, 8, 1, 8.65], "texture": "#2"},
				"up": {"uv": [0, 6, 1, 8], "rotation": 90, "texture": "#2"},
				"down": {"uv": [0, 8, 1, 10], "rotation": 90, "texture": "#2"}
			}
		},
		{
			"from": [7.25, 10.25, 10],
			"to": [8.75, 10.5, 13],
			"rotation": {"angle": 0, "axis": "y", "origin": [0.5, -0.25, 0]},
			"faces": {
				"north": {"uv": [14, 9, 15.5, 9.25], "texture": "#2"},
				"east": {"uv": [3, 9, 6, 9.25], "texture": "#2"},
				"south": {"uv": [14, 9, 15.5, 9.25], "texture": "#2"},
				"west": {"uv": [3, 9, 6, 9.25], "texture": "#2"},
				"up": {"uv": [3, 7, 6, 8.5], "rotation": 90, "texture": "#2"},
				"down": {"uv": [3, 9, 6, 10.5], "rotation": 90, "texture": "#2"}
			}
		},
		{
			"from": [7, 10.1, 13.15],
			"to": [8.25, 10.6, 14.4],
			"rotation": {"angle": -45, "axis": "y", "origin": [8, 9.5, 14.125]},
			"faces": {
				"north": {"uv": [11, 10, 12.25, 10.5], "texture": "#2"},
				"east": {"uv": [0, 10, 1.25, 10.5], "texture": "#2"},
				"south": {"uv": [11, 10, 12.25, 10.5], "texture": "#2"},
				"west": {"uv": [0, 10, 1.25, 10.5], "texture": "#2"},
				"up": {"uv": [0, 8, 1.25, 9.25], "rotation": 90, "texture": "#2"},
				"down": {"uv": [0, 10, 1.25, 11.25], "rotation": 90, "texture": "#2"}
			}
		},
		{
			"from": [6.5, 9, 8.5],
			"to": [8.5, 10, 15.5],
			"rotation": {"angle": 0, "axis": "y", "origin": [0.5, 0, 0]},
			"faces": {
				"north": {"uv": [11, 11, 13, 12], "texture": "#2"},
				"east": {"uv": [0, 11, 7, 12], "texture": "#2"},
				"south": {"uv": [11, 11, 13, 12], "texture": "#2"},
				"west": {"uv": [0, 11, 7, 12], "texture": "#2"},
				"up": {"uv": [0, 9, 7, 11], "rotation": 90, "texture": "#2"},
				"down": {"uv": [0, 11, 7, 13], "rotation": 90, "texture": "#2"}
			}
		},
		{
			"from": [7, 10, 9.75],
			"to": [9, 11, 14.75],
			"rotation": {"angle": 0, "axis": "y", "origin": [0.5, 0, 0]},
			"faces": {
				"north": {"uv": [11, 11, 13, 12], "texture": "#2"},
				"east": {"uv": [0, 11, 5, 12], "texture": "#2"},
				"south": {"uv": [11, 11, 13, 12], "texture": "#2"},
				"west": {"uv": [0, 11, 5, 12], "texture": "#2"},
				"up": {"uv": [0, 9, 5, 11], "rotation": 90, "texture": "#2"},
				"down": {"uv": [0, 11, 5, 13], "rotation": 90, "texture": "#2"}
			}
		},
		{
			"from": [7, 12.75, 10],
			"to": [9, 12.75, 11],
			"rotation": {"angle": 0, "axis": "y", "origin": [0.5, 0, 0]},
			"faces": {
				"north": {"uv": [11, 11, 13, 11], "texture": "#2"},
				"east": {"uv": [0, 11, 1, 11], "texture": "#2"},
				"south": {"uv": [11, 11, 13, 11], "texture": "#2"},
				"west": {"uv": [0, 11, 1, 11], "texture": "#2"},
				"up": {"uv": [0, 9, 1, 11], "rotation": 90, "texture": "#2"},
				"down": {"uv": [0, 11, 1, 13], "rotation": 90, "texture": "#2"}
			}
		},
		{
			"from": [9, 10.75, 10],
			"to": [9, 12.75, 11],
			"rotation": {"angle": 0, "axis": "y", "origin": [0.5, 0, 0]},
			"faces": {
				"north": {"uv": [11, 11, 11, 13], "texture": "#2"},
				"east": {"uv": [0, 11, 1, 13], "texture": "#2"},
				"south": {"uv": [11, 11, 11, 13], "texture": "#2"},
				"west": {"uv": [0, 11, 1, 13], "texture": "#2"},
				"up": {"uv": [0, 9, 1, 9], "rotation": 90, "texture": "#2"},
				"down": {"uv": [0, 11, 1, 11], "rotation": 90, "texture": "#2"}
			}
		},
		{
			"from": [7, 10.75, 10],
			"to": [7, 12.75, 11],
			"rotation": {"angle": 0, "axis": "y", "origin": [0.5, 0, 0]},
			"faces": {
				"north": {"uv": [11, 11, 11, 13], "texture": "#2"},
				"east": {"uv": [0, 11, 1, 13], "texture": "#2"},
				"south": {"uv": [11, 11, 11, 13], "texture": "#2"},
				"west": {"uv": [0, 11, 1, 13], "texture": "#2"},
				"up": {"uv": [0, 9, 1, 9], "rotation": 90, "texture": "#2"},
				"down": {"uv": [0, 11, 1, 11], "rotation": 90, "texture": "#2"}
			}
		},
		{
			"from": [6.49, 5.5, 8.51],
			"to": [8.49, 7.5, 15.51],
			"rotation": {"angle": 0, "axis": "y", "origin": [0.5, 0, 0]},
			"faces": {
				"north": {"uv": [11, 11, 13, 13], "texture": "#2"},
				"east": {"uv": [0, 11, 7, 13], "texture": "#2"},
				"south": {"uv": [11, 11, 13, 13], "texture": "#2"},
				"west": {"uv": [0, 11, 7, 13], "texture": "#2"},
				"up": {"uv": [0, 9, 7, 11], "rotation": 90, "texture": "#2"},
				"down": {"uv": [0, 11, 7, 13], "rotation": 90, "texture": "#2"}
			}
		},
		{
			"from": [6.5, 7, 8.5],
			"to": [7.5, 9, 9.5],
			"rotation": {"angle": 0, "axis": "y", "origin": [0.5, 0, 0]},
			"faces": {
				"north": {"uv": [11, 11, 12, 13], "texture": "#2"},
				"east": {"uv": [0, 11, 1, 13], "texture": "#2"},
				"south": {"uv": [11, 11, 12, 13], "texture": "#2"},
				"west": {"uv": [0, 11, 1, 13], "texture": "#2"},
				"up": {"uv": [0, 9, 1, 10], "rotation": 90, "texture": "#2"},
				"down": {"uv": [0, 11, 1, 12], "rotation": 90, "texture": "#2"}
			}
		},
		{
			"from": [6.5, 7, 14.5],
			"to": [7.5, 9, 15.5],
			"rotation": {"angle": 0, "axis": "y", "origin": [0.5, 0, 0]},
			"faces": {
				"north": {"uv": [11, 11, 12, 13], "texture": "#2"},
				"east": {"uv": [0, 11, 1, 13], "texture": "#2"},
				"south": {"uv": [11, 11, 12, 13], "texture": "#2"},
				"west": {"uv": [0, 11, 1, 13], "texture": "#2"},
				"up": {"uv": [0, 9, 1, 10], "rotation": 90, "texture": "#2"},
				"down": {"uv": [0, 11, 1, 12], "rotation": 90, "texture": "#2"}
			}
		},
		{
			"from": [6.5, 11.59388, 13.15258],
			"to": [9.5, 13.59388, 24.15258],
			"rotation": {"angle": 22.5, "axis": "x", "origin": [0.5, -0.90612, 2.35258]},
			"faces": {
				"north": {"uv": [0, 0, 3, 2], "rotation": 180, "texture": "#1"},
				"east": {"uv": [0, 0, 11, 2], "rotation": 180, "texture": "#1"},
				"south": {"uv": [0, 0, 3, 2], "rotation": 180, "texture": "#1"},
				"west": {"uv": [0, 0, 11, 2], "rotation": 180, "texture": "#1"},
				"up": {"uv": [0, 0, 3, 11], "texture": "#1"},
				"down": {"uv": [0, 0, 3, 11], "texture": "#1"}
			}
		},
		{
			"from": [6.49, 4.14763, 23.04206],
			"to": [9.49, 7.89763, 28.04206],
			"rotation": {"angle": 0, "axis": "y", "origin": [0.5, -0.60237, 2.24206]},
			"faces": {
				"north": {"uv": [0, 0, 3, 3.75], "rotation": 180, "texture": "#1"},
				"east": {"uv": [0, 0, 5, 3.75], "rotation": 180, "texture": "#1"},
				"south": {"uv": [0, 0, 3, 3.75], "rotation": 180, "texture": "#1"},
				"west": {"uv": [0, 0, 5, 3.75], "rotation": 180, "texture": "#1"},
				"up": {"uv": [0, 0, 3, 5], "texture": "#1"},
				"down": {"uv": [0, 0, 3, 5], "texture": "#1"}
			}
		},
		{
			"from": [6.51, 18.72069, 19.55151],
			"to": [9.51, 20.47069, 21.55151],
			"rotation": {"angle": 45, "axis": "x", "origin": [0.5, 9.97069, 6.11976]},
			"faces": {
				"north": {"uv": [0, 0, 3, 1.75], "rotation": 180, "texture": "#1"},
				"east": {"uv": [0, 0, 2, 1.75], "rotation": 180, "texture": "#1"},
				"south": {"uv": [0, 0, 3, 1.75], "rotation": 180, "texture": "#1"},
				"west": {"uv": [0, 0, 2, 1.75], "rotation": 180, "texture": "#1"},
				"up": {"uv": [0, 0, 3, 2], "texture": "#1"},
				"down": {"uv": [0, 0, 3, 2], "texture": "#1"}
			}
		},
		{
			"from": [6.5, 7.5, 18],
			"to": [7.5, 8.5, 28],
			"rotation": {"angle": 0, "axis": "y", "origin": [0.5, 0, 0]},
			"faces": {
				"north": {"uv": [0, 7, 1, 8], "texture": "#2"},
				"east": {"uv": [0, 6, 10, 7], "texture": "#2"},
				"south": {"uv": [0, 7, 1, 8], "texture": "#2"},
				"west": {"uv": [0, 6, 10, 7], "texture": "#2"},
				"up": {"uv": [0, 6, 10, 7], "rotation": 90, "texture": "#2"},
				"down": {"uv": [0, 6, 10, 7], "rotation": 90, "texture": "#2"}
			}
		},
		{
			"from": [8.5, 7.5, 18],
			"to": [9.5, 8.5, 28],
			"rotation": {"angle": 0, "axis": "y", "origin": [0.5, 0, 0]},
			"faces": {
				"north": {"uv": [0, 7, 1, 8], "texture": "#2"},
				"east": {"uv": [0, 6, 10, 7], "texture": "#2"},
				"south": {"uv": [0, 7, 1, 8], "texture": "#2"},
				"west": {"uv": [0, 6, 10, 7], "texture": "#2"},
				"up": {"uv": [0, 6, 10, 7], "rotation": 90, "texture": "#2"},
				"down": {"uv": [0, 6, 10, 7], "rotation": 90, "texture": "#2"}
			}
		},
		{
			"from": [8.5, 5.5, 28],
			"to": [9.5, 7.5, 29],
			"rotation": {"angle": 0, "axis": "y", "origin": [0.5, 0, 0]},
			"faces": {
				"north": {"uv": [0, 7, 1, 9], "texture": "#2"},
				"east": {"uv": [0, 6, 1, 8], "texture": "#2"},
				"south": {"uv": [0, 7, 1, 9], "texture": "#2"},
				"west": {"uv": [0, 6, 1, 8], "texture": "#2"},
				"up": {"uv": [0, 6, 1, 7], "rotation": 90, "texture": "#2"},
				"down": {"uv": [0, 6, 1, 7], "rotation": 90, "texture": "#2"}
			}
		},
		{
			"from": [6.5, 5.5, 28],
			"to": [7.5, 7.5, 29],
			"rotation": {"angle": 0, "axis": "y", "origin": [0.5, 0, 0]},
			"faces": {
				"north": {"uv": [0, 7, 1, 9], "texture": "#2"},
				"east": {"uv": [0, 6, 1, 8], "texture": "#2"},
				"south": {"uv": [0, 7, 1, 9], "texture": "#2"},
				"west": {"uv": [0, 6, 1, 8], "texture": "#2"},
				"up": {"uv": [0, 6, 1, 7], "rotation": 90, "texture": "#2"},
				"down": {"uv": [0, 6, 1, 7], "rotation": 90, "texture": "#2"}
			}
		},
		{
			"from": [7.5, 4.5, 28],
			"to": [8.5, 5.5, 29],
			"rotation": {"angle": 0, "axis": "y", "origin": [0.5, 0, 0]},
			"faces": {
				"north": {"uv": [0, 7, 1, 8], "texture": "#2"},
				"east": {"uv": [0, 6, 1, 7], "texture": "#2"},
				"south": {"uv": [0, 7, 1, 8], "texture": "#2"},
				"west": {"uv": [0, 6, 1, 7], "texture": "#2"},
				"up": {"uv": [0, 6, 1, 7], "rotation": 90, "texture": "#2"},
				"down": {"uv": [0, 6, 1, 7], "rotation": 90, "texture": "#2"}
			}
		},
		{
			"from": [7, 5.89763, 18.04206],
			"to": [9, 7.89763, 29.04206],
			"rotation": {"angle": 0, "axis": "x", "origin": [0.49, -6.60237, 6.24206]},
			"faces": {
				"north": {"uv": [0, 0, 2, 2], "rotation": 180, "texture": "#1"},
				"east": {"uv": [2, 13, 13, 15], "rotation": 180, "texture": "#1"},
				"south": {"uv": [0, 0, 2, 2], "rotation": 180, "texture": "#1"},
				"west": {"uv": [2, 13, 13, 15], "rotation": 180, "texture": "#1"},
				"up": {"uv": [0, 0, 2, 11], "texture": "#1"},
				"down": {"uv": [0, 0, 2, 11], "texture": "#1"}
			}
		},
		{
			"from": [7, 3.14763, 24.04206],
			"to": [9, 5.89763, 29.04206],
			"rotation": {"angle": 0, "axis": "y", "origin": [0, -2.60237, 3.24206]},
			"faces": {
				"north": {"uv": [0, 0, 2, 2.75], "rotation": 180, "texture": "#1"},
				"east": {"uv": [0, 0, 5, 2.75], "rotation": 180, "texture": "#1"},
				"south": {"uv": [0, 0, 2, 2.75], "rotation": 180, "texture": "#1"},
				"west": {"uv": [0, 0, 5, 2.75], "rotation": 180, "texture": "#1"},
				"up": {"uv": [0, 0, 2, 5], "texture": "#1"},
				"down": {"uv": [0, 0, 2, 5], "texture": "#1"}
			}
		},
		{
			"from": [7.99, 17.32234, 18.69973],
			"to": [8.99, 19.07234, 20.69973],
			"rotation": {"angle": 45, "axis": "x", "origin": [0, 6.87234, 6.94298]},
			"faces": {
				"north": {"uv": [0, 0, 1, 1.75], "rotation": 180, "texture": "#1"},
				"east": {"uv": [0, 0, 2, 1.75], "rotation": 180, "texture": "#1"},
				"south": {"uv": [0, 0, 1, 1.75], "rotation": 180, "texture": "#1"},
				"west": {"uv": [0, 0, 2, 1.75], "rotation": 180, "texture": "#1"},
				"up": {"uv": [0, 0, 1, 2], "texture": "#1"},
				"down": {"uv": [0, 0, 1, 2], "texture": "#1"}
			}
		},
		{
			"from": [7.01, 17.32234, 18.69973],
			"to": [8.01, 19.07234, 20.69973],
			"rotation": {"angle": 45, "axis": "x", "origin": [-0.02, 6.87234, 6.94298]},
			"faces": {
				"north": {"uv": [0, 0, 1, 1.75], "rotation": 180, "texture": "#1"},
				"east": {"uv": [0, 0, 2, 1.75], "rotation": 180, "texture": "#1"},
				"south": {"uv": [0, 0, 1, 1.75], "rotation": 180, "texture": "#1"},
				"west": {"uv": [0, 3, 2, 4.75], "rotation": 180, "texture": "#1"},
				"up": {"uv": [1, 2, 2, 4], "texture": "#1"},
				"down": {"uv": [1, 3, 2, 5], "texture": "#1"}
			}
		},
		{
			"from": [8.5, 6, -2],
			"to": [9.5, 9, 5],
			"rotation": {"angle": 0, "axis": "y", "origin": [0.5, 0, 0]},
			"faces": {
				"north": {"uv": [0, 0, 1, 3], "texture": "#1"},
				"east": {"uv": [0, 0, 7, 3], "texture": "#1"},
				"south": {"uv": [0, 0, 1, 3], "texture": "#1"},
				"west": {"uv": [0, 0, 7, 3], "texture": "#1"},
				"up": {"uv": [0, 0, 1, 7], "texture": "#1"},
				"down": {"uv": [0, 0, 1, 7], "texture": "#1"}
			}
		},
		{
			"from": [6.5, 6, -2],
			"to": [7.5, 9, 5],
			"rotation": {"angle": 0, "axis": "y", "origin": [0.5, 0, 0]},
			"faces": {
				"north": {"uv": [0, 0, 1, 3], "texture": "#1"},
				"east": {"uv": [0, 0, 7, 3], "texture": "#1"},
				"south": {"uv": [0, 0, 1, 3], "texture": "#1"},
				"west": {"uv": [0, 0, 7, 3], "texture": "#1"},
				"up": {"uv": [0, 0, 1, 7], "texture": "#1"},
				"down": {"uv": [0, 0, 1, 7], "texture": "#1"}
			}
		},
		{
			"from": [7.5, 9, -2],
			"to": [8.5, 10, 4],
			"rotation": {"angle": 0, "axis": "y", "origin": [0.5, 0, 0]},
			"faces": {
				"north": {"uv": [0, 0, 1, 1], "texture": "#1"},
				"east": {"uv": [0, 0, 6, 1], "texture": "#1"},
				"south": {"uv": [0, 0, 1, 1], "texture": "#1"},
				"west": {"uv": [0, 0, 6, 1], "texture": "#1"},
				"up": {"uv": [0, 0, 1, 6], "texture": "#1"},
				"down": {"uv": [0, 0, 1, 6], "texture": "#1"}
			}
		},
		{
			"from": [7.5, 6, -2],
			"to": [8.5, 7, 5],
			"rotation": {"angle": 0, "axis": "y", "origin": [0.5, 0, 0]},
			"faces": {
				"north": {"uv": [0, 0, 1, 1], "texture": "#1"},
				"east": {"uv": [0, 0, 7, 1], "texture": "#1"},
				"south": {"uv": [0, 0, 1, 1], "texture": "#1"},
				"west": {"uv": [0, 0, 7, 1], "texture": "#1"},
				"up": {"uv": [0, 0, 1, 7], "texture": "#1"},
				"down": {"uv": [0, 0, 1, 7], "texture": "#1"}
			}
		},
		{
			"from": [6.5, 6, -3],
			"to": [9.5, 10, -2],
			"rotation": {"angle": 0, "axis": "y", "origin": [0.5, 0, 0]},
			"faces": {
				"north": {"uv": [0, 12, 3, 16], "texture": "#2"},
				"east": {"uv": [3, 12, 4, 16], "texture": "#2"},
				"south": {"uv": [0, 12, 3, 16], "texture": "#2"},
				"west": {"uv": [1, 12, 2, 16], "texture": "#2"},
				"up": {"uv": [2, 9, 5, 10], "texture": "#2"},
				"down": {"uv": [5, 15, 8, 16], "texture": "#2"}
			}
		},
		{
			"from": [6.5, 6, 5],
			"to": [9.5, 10, 6],
			"rotation": {"angle": 0, "axis": "y", "origin": [0.5, 0, 0]},
			"faces": {
				"north": {"uv": [0, 0, 3, 4], "texture": "#1"},
				"east": {"uv": [0, 0, 1, 4], "texture": "#1"},
				"south": {"uv": [0, 0, 3, 4], "texture": "#1"},
				"west": {"uv": [0, 0, 1, 4], "texture": "#1"},
				"up": {"uv": [0, 0, 3, 1], "texture": "#1"},
				"down": {"uv": [0, 0, 3, 1], "texture": "#1"}
			}
		},
		{
			"from": [7.5, 6.75, -13],
			"to": [8.5, 7.75, -3],
			"rotation": {"angle": 0, "axis": "y", "origin": [0.5, 0, 0]},
			"faces": {
				"north": {"uv": [2, 5, 3, 6], "texture": "#2"},
				"east": {"uv": [3, 5, 13, 6], "texture": "#2"},
				"south": {"uv": [1, 5, 2, 6], "texture": "#2"},
				"west": {"uv": [6, 5, 16, 6], "texture": "#2"},
				"up": {"uv": [10, 0, 11, 10], "texture": "#2"},
				"down": {"uv": [10, 6, 11, 16], "texture": "#2"}
			}
		},
		{
			"from": [7.5, 8, -6.5],
			"to": [8.5, 9, -3],
			"rotation": {"angle": 0, "axis": "y", "origin": [0.5, -0.5, 0]},
			"faces": {
				"north": {"uv": [10, 7, 11, 8], "texture": "#2"},
				"east": {"uv": [3, 5, 6.5, 6], "texture": "#2"},
				"south": {"uv": [11, 7, 12, 8], "texture": "#2"},
				"west": {"uv": [7, 5, 10.5, 6], "texture": "#2"},
				"up": {"uv": [7, 1, 8, 4.5], "texture": "#2"},
				"down": {"uv": [7, 8, 8, 11.5], "texture": "#2"}
			}
		},
		{
			"from": [7.51, 3.13615, -6.07509],
			"to": [8.51, 5.13615, -5.07509],
			"rotation": {"angle": 22.5, "axis": "x", "origin": [0.5, 8.13615, 3.42491]},
			"faces": {
				"north": {"uv": [4, 5, 5, 7], "rotation": 180, "texture": "#2"},
				"east": {"uv": [9, 6, 11, 7], "rotation": 90, "texture": "#2"},
				"south": {"uv": [7, 5, 8, 7], "texture": "#2"},
				"west": {"uv": [7, 4, 9, 5], "rotation": 270, "texture": "#2"},
				"up": {"uv": [1, 5, 2, 6], "texture": "#2"},
				"down": {"uv": [10, 5, 11, 6], "rotation": 180, "texture": "#2"}
			}
		},
		{
			"from": [6.5, 9, 4],
			"to": [9.5, 10, 5],
			"rotation": {"angle": 0, "axis": "y", "origin": [0.5, 0, 0]},
			"faces": {
				"north": {"uv": [0, 0, 3, 1], "texture": "#1"},
				"east": {"uv": [0, 0, 1, 1], "texture": "#1"},
				"south": {"uv": [0, 0, 3, 1], "texture": "#1"},
				"west": {"uv": [0, 0, 1, 1], "texture": "#1"},
				"up": {"uv": [0, 0, 3, 1], "texture": "#1"},
				"down": {"uv": [0, 0, 3, 1], "texture": "#1"}
			}
		},
		{
			"from": [7.975, 10.25, -11.5],
			"to": [8.025, 10.5, -10.5],
			"rotation": {"angle": 0, "axis": "y", "origin": [0.5, 0, 0]},
			"faces": {
				"north": {"uv": [5, 4.25, 5.2, 7], "texture": "#2"},
				"east": {"uv": [8, 8.25, 9, 11], "texture": "#2"},
				"south": {"uv": [2.2, 4.25, 2, 7], "texture": "#2"},
				"west": {"uv": [4, 8.25, 5, 11], "texture": "#2"},
				"up": {"uv": [3, 4.25, 3.2, 5.25], "texture": "#2"},
				"down": {"uv": [4, 4.25, 4.2, 5.25], "texture": "#2"}
			}
		},
		{
			"from": [7.9, 7.75, -11.5],
			"to": [8.1, 10, -10.5],
			"rotation": {"angle": 0, "axis": "y", "origin": [0.5, 0, 0]},
			"faces": {
				"north": {"uv": [5, 4.25, 5.2, 7], "texture": "#2"},
				"east": {"uv": [8, 8.25, 9, 11], "texture": "#2"},
				"south": {"uv": [2.2, 4.25, 2, 7], "texture": "#2"},
				"west": {"uv": [4, 8.25, 5, 11], "texture": "#2"},
				"up": {"uv": [3, 4.25, 3.2, 5.25], "texture": "#2"},
				"down": {"uv": [4, 4.25, 4.2, 5.25], "texture": "#2"}
			}
		},
		{
			"from": [8.2, 10.1, -11.5],
			"to": [8.4, 10.7, -10.5],
			"rotation": {"angle": 0, "axis": "y", "origin": [0.5, 0, 0]},
			"faces": {
				"north": {"uv": [5, 4.25, 5.2, 4.85], "texture": "#2"},
				"east": {"uv": [8, 8.25, 9, 8.85], "texture": "#2"},
				"south": {"uv": [2.2, 4.25, 2, 4.85], "texture": "#2"},
				"west": {"uv": [4, 8.25, 5, 8.85], "texture": "#2"},
				"up": {"uv": [3, 4.25, 3.2, 5.25], "texture": "#2"},
				"down": {"uv": [4, 4.25, 4.2, 5.25], "texture": "#2"}
			}
		},
		{
			"from": [7.6, 10.1, -11.5],
			"to": [7.8, 10.7, -10.5],
			"rotation": {"angle": 0, "axis": "y", "origin": [0.5, 0, 0]},
			"faces": {
				"north": {"uv": [5, 4.25, 5.2, 4.85], "texture": "#2"},
				"east": {"uv": [8, 8.25, 9, 8.85], "texture": "#2"},
				"south": {"uv": [2.2, 4.25, 2, 4.85], "texture": "#2"},
				"west": {"uv": [4, 8.25, 5, 8.85], "texture": "#2"},
				"up": {"uv": [3, 4.25, 3.2, 5.25], "texture": "#2"},
				"down": {"uv": [4, 4.25, 4.2, 5.25], "texture": "#2"}
			}
		},
		{
			"from": [7.75, 10, -11.5],
			"to": [8.25, 10.2, -10.5],
			"rotation": {"angle": 0, "axis": "y", "origin": [0.5, 0, 0]},
			"faces": {
				"north": {"uv": [5, 4.25, 5.5, 4.45], "texture": "#2"},
				"east": {"uv": [8, 8.25, 9, 8.45], "texture": "#2"},
				"south": {"uv": [2.5, 4.25, 2, 4.45], "texture": "#2"},
				"west": {"uv": [4, 8.25, 5, 8.45], "texture": "#2"},
				"up": {"uv": [3, 4.25, 3.5, 5.25], "texture": "#2"},
				"down": {"uv": [4, 4.25, 4.5, 5.25], "texture": "#2"}
			}
		},
		{
			"from": [8.5, 6, 0],
			"to": [9.5, 9, 5],
			"rotation": {"angle": 0, "axis": "y", "origin": [0.5, 0, 0]},
			"faces": {
				"north": {"uv": [0, 0, 1, 3], "texture": "#1"},
				"east": {"uv": [0, 0, 5, 3], "texture": "#1"},
				"south": {"uv": [0, 0, 1, 3], "texture": "#1"},
				"west": {"uv": [0, 0, 5, 3], "texture": "#1"},
				"up": {"uv": [0, 0, 1, 5], "texture": "#1"},
				"down": {"uv": [0, 0, 1, 5], "texture": "#1"}
			}
		},
		{
			"from": [6.5, 6, 0],
			"to": [7.5, 9, 5],
			"rotation": {"angle": 0, "axis": "y", "origin": [0.5, 0, 0]},
			"faces": {
				"north": {"uv": [0, 0, 1, 3], "texture": "#1"},
				"east": {"uv": [0, 0, 5, 3], "texture": "#1"},
				"south": {"uv": [0, 0, 1, 3], "texture": "#1"},
				"west": {"uv": [0, 0, 5, 3], "texture": "#1"},
				"up": {"uv": [0, 0, 1, 5], "texture": "#1"},
				"down": {"uv": [0, 0, 1, 5], "texture": "#1"}
			}
		},
		{
			"from": [7.5, 7, 0],
			"to": [8.5, 10, 4],
			"rotation": {"angle": 0, "axis": "y", "origin": [0.5, 0, 0]},
			"faces": {
				"north": {"uv": [0, 0, 1, 3], "texture": "#1"},
				"east": {"uv": [0, 0, 4, 3], "texture": "#1"},
				"south": {"uv": [0, 0, 1, 3], "texture": "#1"},
				"west": {"uv": [0, 0, 4, 3], "texture": "#1"},
				"up": {"uv": [0, 0, 1, 4], "texture": "#1"},
				"down": {"uv": [0, 0, 1, 4], "texture": "#1"}
			}
		},
		{
			"from": [7.5, 6, 0],
			"to": [8.5, 7, 5],
			"rotation": {"angle": 0, "axis": "y", "origin": [0.5, 0, 0]},
			"faces": {
				"north": {"uv": [0, 0, 1, 1], "texture": "#1"},
				"east": {"uv": [0, 0, 5, 1], "texture": "#1"},
				"south": {"uv": [0, 0, 1, 1], "texture": "#1"},
				"west": {"uv": [0, 0, 5, 1], "texture": "#1"},
				"up": {"uv": [0, 0, 1, 5], "texture": "#1"},
				"down": {"uv": [0, 0, 1, 5], "texture": "#1"}
			}
		},
		{
			"from": [6.5, 6, 5],
			"to": [9.5, 10, 6],
			"rotation": {"angle": 0, "axis": "y", "origin": [0.5, 0, 0]},
			"faces": {
				"north": {"uv": [0, 0, 3, 4], "texture": "#1"},
				"east": {"uv": [0, 0, 1, 4], "texture": "#1"},
				"south": {"uv": [0, 0, 3, 4], "texture": "#1"},
				"west": {"uv": [0, 0, 1, 4], "texture": "#1"},
				"up": {"uv": [0, 0, 3, 1], "texture": "#1"},
				"down": {"uv": [0, 0, 3, 1], "texture": "#1"}
			}
		},
		{
			"from": [7.5, 6.75, -6],
			"to": [8.5, 7.75, 0],
			"rotation": {"angle": 0, "axis": "y", "origin": [0.5, 0, 3]},
			"faces": {
				"north": {"uv": [2, 5, 3, 6], "texture": "#2"},
				"east": {"uv": [3, 5, 9, 6], "texture": "#2"},
				"south": {"uv": [1, 5, 2, 6], "texture": "#2"},
				"west": {"uv": [6, 5, 12, 6], "texture": "#2"},
				"up": {"uv": [10, 0, 11, 6], "texture": "#2"},
				"down": {"uv": [10, 6, 11, 12], "texture": "#2"}
			}
		},
		{
			"from": [6.5, 9, 4],
			"to": [9.5, 10, 5],
			"rotation": {"angle": 0, "axis": "y", "origin": [0.5, 0, 0]},
			"faces": {
				"north": {"uv": [0, 0, 3, 1], "texture": "#1"},
				"east": {"uv": [0, 0, 1, 1], "texture": "#1"},
				"south": {"uv": [0, 0, 3, 1], "texture": "#1"},
				"west": {"uv": [0, 0, 1, 1], "texture": "#1"},
				"up": {"uv": [0, 0, 3, 1], "texture": "#1"},
				"down": {"uv": [0, 0, 3, 1], "texture": "#1"}
			}
		},
		{
			"from": [7.975, 10.25, -1.5],
			"to": [8.025, 10.5, -0.5],
			"rotation": {"angle": 0, "axis": "y", "origin": [0.5, 0, 0]},
			"faces": {
				"north": {"uv": [5, 4.25, 5.2, 7], "texture": "#2"},
				"east": {"uv": [8, 8.25, 9, 11], "texture": "#2"},
				"south": {"uv": [2.2, 4.25, 2, 7], "texture": "#2"},
				"west": {"uv": [4, 8.25, 5, 11], "texture": "#2"},
				"up": {"uv": [3, 4.25, 3.2, 5.25], "texture": "#2"},
				"down": {"uv": [4, 4.25, 4.2, 5.25], "texture": "#2"}
			}
		},
		{
			"from": [7.9, 7.75, -1.5],
			"to": [8.1, 10, -0.5],
			"rotation": {"angle": 0, "axis": "y", "origin": [0.5, 0, 0]},
			"faces": {
				"north": {"uv": [5, 4.25, 5.2, 7], "texture": "#2"},
				"east": {"uv": [8, 8.25, 9, 11], "texture": "#2"},
				"south": {"uv": [2.2, 4.25, 2, 7], "texture": "#2"},
				"west": {"uv": [4, 8.25, 5, 11], "texture": "#2"},
				"up": {"uv": [3, 4.25, 3.2, 5.25], "texture": "#2"},
				"down": {"uv": [4, 4.25, 4.2, 5.25], "texture": "#2"}
			}
		},
		{
			"from": [8.2, 10.1, -1.5],
			"to": [8.4, 10.7, -0.5],
			"rotation": {"angle": 0, "axis": "y", "origin": [0.5, 0, 0]},
			"faces": {
				"north": {"uv": [5, 4.25, 5.2, 4.85], "texture": "#2"},
				"east": {"uv": [8, 8.25, 9, 8.85], "texture": "#2"},
				"south": {"uv": [2.2, 4.25, 2, 4.85], "texture": "#2"},
				"west": {"uv": [4, 8.25, 5, 8.85], "texture": "#2"},
				"up": {"uv": [3, 4.25, 3.2, 5.25], "texture": "#2"},
				"down": {"uv": [4, 4.25, 4.2, 5.25], "texture": "#2"}
			}
		},
		{
			"from": [7.6, 10.1, -1.5],
			"to": [7.8, 10.7, -0.5],
			"rotation": {"angle": 0, "axis": "y", "origin": [0.5, 0, 0]},
			"faces": {
				"north": {"uv": [5, 4.25, 5.2, 4.85], "texture": "#2"},
				"east": {"uv": [8, 8.25, 9, 8.85], "texture": "#2"},
				"south": {"uv": [2.2, 4.25, 2, 4.85], "texture": "#2"},
				"west": {"uv": [4, 8.25, 5, 8.85], "texture": "#2"},
				"up": {"uv": [3, 4.25, 3.2, 5.25], "texture": "#2"},
				"down": {"uv": [4, 4.25, 4.2, 5.25], "texture": "#2"}
			}
		},
		{
			"from": [7.75, 10, -1.5],
			"to": [8.25, 10.2, -0.5],
			"rotation": {"angle": 0, "axis": "y", "origin": [0.5, 0, 0]},
			"faces": {
				"north": {"uv": [5, 4.25, 5.5, 4.45], "texture": "#2"},
				"east": {"uv": [8, 8.25, 9, 8.45], "texture": "#2"},
				"south": {"uv": [2.5, 4.25, 2, 4.45], "texture": "#2"},
				"west": {"uv": [4, 8.25, 5, 8.45], "texture": "#2"},
				"up": {"uv": [3, 4.25, 3.5, 5.25], "texture": "#2"},
				"down": {"uv": [4, 4.25, 4.5, 5.25], "texture": "#2"}
			}
		},
		{
			"from": [8.5, 6, -1],
			"to": [9.5, 9, 5],
			"rotation": {"angle": 0, "axis": "y", "origin": [0.5, 0, 0]},
			"faces": {
				"north": {"uv": [0, 0, 1, 3], "texture": "#1"},
				"east": {"uv": [0, 0, 6, 3], "texture": "#1"},
				"south": {"uv": [0, 0, 1, 3], "texture": "#1"},
				"west": {"uv": [0, 0, 6, 3], "texture": "#1"},
				"up": {"uv": [0, 0, 1, 6], "texture": "#1"},
				"down": {"uv": [0, 0, 1, 6], "texture": "#1"}
			}
		},
		{
			"from": [6.5, 6, -1],
			"to": [7.5, 9, 5],
			"rotation": {"angle": 0, "axis": "y", "origin": [0.5, 0, 0]},
			"faces": {
				"north": {"uv": [0, 0, 1, 3], "texture": "#1"},
				"east": {"uv": [0, 0, 6, 3], "texture": "#1"},
				"south": {"uv": [0, 0, 1, 3], "texture": "#1"},
				"west": {"uv": [0, 0, 6, 3], "texture": "#1"},
				"up": {"uv": [0, 0, 1, 6], "texture": "#1"},
				"down": {"uv": [0, 0, 1, 6], "texture": "#1"}
			}
		},
		{
			"from": [7.5, 9, -1],
			"to": [8.5, 10, 4],
			"rotation": {"angle": 0, "axis": "y", "origin": [0.5, 0, 0]},
			"faces": {
				"north": {"uv": [0, 0, 1, 1], "texture": "#1"},
				"east": {"uv": [0, 0, 5, 1], "texture": "#1"},
				"south": {"uv": [0, 0, 1, 1], "texture": "#1"},
				"west": {"uv": [0, 0, 5, 1], "texture": "#1"},
				"up": {"uv": [0, 0, 1, 5], "texture": "#1"},
				"down": {"uv": [0, 0, 1, 5], "texture": "#1"}
			}
		},
		{
			"from": [7.5, 6, -1],
			"to": [8.5, 7, 5],
			"rotation": {"angle": 0, "axis": "y", "origin": [0.5, 0, 0]},
			"faces": {
				"north": {"uv": [0, 0, 1, 1], "texture": "#1"},
				"east": {"uv": [0, 0, 6, 1], "texture": "#1"},
				"south": {"uv": [0, 0, 1, 1], "texture": "#1"},
				"west": {"uv": [0, 0, 6, 1], "texture": "#1"},
				"up": {"uv": [0, 0, 1, 6], "texture": "#1"},
				"down": {"uv": [0, 0, 1, 6], "texture": "#1"}
			}
		},
		{
			"from": [7, 6, -2],
			"to": [9, 9, -1],
			"rotation": {"angle": 0, "axis": "y", "origin": [0.5, 0, 0]},
			"faces": {
				"north": {"uv": [0, 12, 2, 15], "texture": "#2"},
				"east": {"uv": [3, 12, 4, 15], "texture": "#2"},
				"south": {"uv": [0, 12, 2, 15], "texture": "#2"},
				"west": {"uv": [1, 12, 2, 15], "texture": "#2"},
				"up": {"uv": [2, 9, 4, 10], "texture": "#2"},
				"down": {"uv": [5, 15, 7, 16], "texture": "#2"}
			}
		},
		{
			"from": [7.5, 9, -2],
			"to": [8.5, 10, -1],
			"rotation": {"angle": 0, "axis": "y", "origin": [0.5, 0, 0]},
			"faces": {
				"north": {"uv": [0, 12, 1, 13], "texture": "#2"},
				"east": {"uv": [3, 12, 4, 13], "texture": "#2"},
				"south": {"uv": [0, 12, 1, 13], "texture": "#2"},
				"west": {"uv": [1, 12, 2, 13], "texture": "#2"},
				"up": {"uv": [2, 9, 3, 10], "texture": "#2"},
				"down": {"uv": [5, 15, 6, 16], "texture": "#2"}
			}
		},
		{
			"from": [6.5, 6, 5],
			"to": [9.5, 10, 6],
			"rotation": {"angle": 0, "axis": "y", "origin": [0.5, 0, 0]},
			"faces": {
				"north": {"uv": [0, 0, 3, 4], "texture": "#1"},
				"east": {"uv": [0, 0, 1, 4], "texture": "#1"},
				"south": {"uv": [0, 0, 3, 4], "texture": "#1"},
				"west": {"uv": [0, 0, 1, 4], "texture": "#1"},
				"up": {"uv": [0, 0, 3, 1], "texture": "#1"},
				"down": {"uv": [0, 0, 3, 1], "texture": "#1"}
			}
		},
		{
			"from": [7.5, 6.75, -16],
			"to": [8.5, 7.75, -2],
			"rotation": {"angle": 0, "axis": "y", "origin": [0.5, 0, 0]},
			"faces": {
				"north": {"uv": [2, 5, 3, 6], "texture": "#2"},
				"east": {"uv": [2, 5, 16, 6], "texture": "#2"},
				"south": {"uv": [1, 5, 2, 6], "texture": "#2"},
				"west": {"uv": [2, 5, 16, 6], "texture": "#2"},
				"up": {"uv": [2, 0, 16, 1], "rotation": 90, "texture": "#2"},
				"down": {"uv": [2, 8, 16, 9], "rotation": 90, "texture": "#2"}
			}
		},
		{
			"from": [7.5, 8, -6.5],
			"to": [8.5, 9, -2],
			"rotation": {"angle": 0, "axis": "y", "origin": [0.5, -0.5, 0]},
			"faces": {
				"north": {"uv": [10, 7, 11, 8], "texture": "#2"},
				"east": {"uv": [3, 5, 7.5, 6], "texture": "#2"},
				"south": {"uv": [11, 7, 12, 8], "texture": "#2"},
				"west": {"uv": [7, 5, 11.5, 6], "texture": "#2"},
				"up": {"uv": [7, 1, 8, 5.5], "texture": "#2"},
				"down": {"uv": [7, 8, 8, 12.5], "texture": "#2"}
			}
		},
		{
			"from": [7.51, 3.13615, -6.07509],
			"to": [8.51, 5.13615, -5.07509],
			"rotation": {"angle": 22.5, "axis": "x", "origin": [0.5, 8.13615, 3.42491]},
			"faces": {
				"north": {"uv": [4, 5, 5, 7], "rotation": 180, "texture": "#2"},
				"east": {"uv": [9, 6, 11, 7], "rotation": 90, "texture": "#2"},
				"south": {"uv": [7, 5, 8, 7], "texture": "#2"},
				"west": {"uv": [7, 4, 9, 5], "rotation": 270, "texture": "#2"},
				"up": {"uv": [1, 5, 2, 6], "texture": "#2"},
				"down": {"uv": [10, 5, 11, 6], "rotation": 180, "texture": "#2"}
			}
		},
		{
			"from": [6.5, 9, 4],
			"to": [9.5, 10, 5],
			"rotation": {"angle": 0, "axis": "y", "origin": [0.5, 0, 0]},
			"faces": {
				"north": {"uv": [0, 0, 3, 1], "texture": "#1"},
				"east": {"uv": [0, 0, 1, 1], "texture": "#1"},
				"south": {"uv": [0, 0, 3, 1], "texture": "#1"},
				"west": {"uv": [0, 0, 1, 1], "texture": "#1"},
				"up": {"uv": [0, 0, 3, 1], "texture": "#1"},
				"down": {"uv": [0, 0, 3, 1], "texture": "#1"}
			}
		},
		{
			"from": [7.975, 10.25, -12.5],
			"to": [8.025, 10.5, -11.5],
			"rotation": {"angle": 0, "axis": "y", "origin": [0.5, 0, 0]},
			"faces": {
				"north": {"uv": [5, 1.25, 5.2, 4], "texture": "#2"},
				"east": {"uv": [8, 5.25, 9, 8], "texture": "#2"},
				"south": {"uv": [2.2, 1.25, 2, 4], "texture": "#2"},
				"west": {"uv": [4, 5.25, 5, 8], "texture": "#2"},
				"up": {"uv": [3, 1.25, 3.2, 2.25], "texture": "#2"},
				"down": {"uv": [4, 1.25, 4.2, 2.25], "texture": "#2"}
			}
		},
		{
			"from": [7.9, 7.75, -12.5],
			"to": [8.1, 10, -11.5],
			"rotation": {"angle": 0, "axis": "y", "origin": [0.5, 0, 0]},
			"faces": {
				"north": {"uv": [5, 1.25, 5.2, 4], "texture": "#2"},
				"east": {"uv": [8, 5.25, 9, 8], "texture": "#2"},
				"south": {"uv": [2.2, 1.25, 2, 4], "texture": "#2"},
				"west": {"uv": [4, 5.25, 5, 8], "texture": "#2"},
				"up": {"uv": [3, 1.25, 3.2, 2.25], "texture": "#2"},
				"down": {"uv": [4, 1.25, 4.2, 2.25], "texture": "#2"}
			}
		},
		{
			"from": [8.2, 10.1, -12.5],
			"to": [8.4, 10.7, -11.5],
			"rotation": {"angle": 0, "axis": "y", "origin": [0.5, 0, 0]},
			"faces": {
				"north": {"uv": [5, 1.25, 5.2, 1.85], "texture": "#2"},
				"east": {"uv": [8, 5.25, 9, 5.85], "texture": "#2"},
				"south": {"uv": [2.2, 1.25, 2, 1.85], "texture": "#2"},
				"west": {"uv": [4, 5.25, 5, 5.85], "texture": "#2"},
				"up": {"uv": [3, 1.25, 3.2, 2.25], "texture": "#2"},
				"down": {"uv": [4, 1.25, 4.2, 2.25], "texture": "#2"}
			}
		},
		{
			"from": [7.6, 10.1, -12.5],
			"to": [7.8, 10.7, -11.5],
			"rotation": {"angle": 0, "axis": "y", "origin": [0.5, 0, 0]},
			"faces": {
				"north": {"uv": [5, 1.25, 5.2, 1.85], "texture": "#2"},
				"east": {"uv": [8, 5.25, 9, 5.85], "texture": "#2"},
				"south": {"uv": [2.2, 1.25, 2, 1.85], "texture": "#2"},
				"west": {"uv": [4, 5.25, 5, 5.85], "texture": "#2"},
				"up": {"uv": [3, 1.25, 3.2, 2.25], "texture": "#2"},
				"down": {"uv": [4, 1.25, 4.2, 2.25], "texture": "#2"}
			}
		},
		{
			"from": [7.75, 10, -12.5],
			"to": [8.25, 10.2, -11.5],
			"rotation": {"angle": 0, "axis": "y", "origin": [0.5, 0, 0]},
			"faces": {
				"north": {"uv": [5, 1.25, 5.5, 1.45], "texture": "#2"},
				"east": {"uv": [8, 5.25, 9, 5.45], "texture": "#2"},
				"south": {"uv": [2.5, 1.25, 2, 1.45], "texture": "#2"},
				"west": {"uv": [4, 5.25, 5, 5.45], "texture": "#2"},
				"up": {"uv": [3, 1.25, 3.5, 2.25], "texture": "#2"},
				"down": {"uv": [4, 1.25, 4.5, 2.25], "texture": "#2"}
			}
		},
		{
			"from": [5.39473, -3.29075, -14.75],
			"to": [5.39473, 8.70925, -13.75],
			"rotation": {"angle": -22.5, "axis": "z", "origin": [1.14473, 1.70925, -11.5]},
			"faces": {
				"north": {"uv": [3, 8, 15, 8], "rotation": 90, "texture": "#2"},
				"east": {"uv": [3, 10, 15, 11], "rotation": 270, "texture": "#2"},
				"south": {"uv": [3, 5, 15, 5], "rotation": 90, "texture": "#2"},
				"west": {"uv": [3, 10, 15, 11], "rotation": 90, "texture": "#2"},
				"up": {"uv": [2, 10, 2, 11], "rotation": 180, "texture": "#2"},
				"down": {"uv": [1, 10, 1, 11], "texture": "#2"}
			}
		},
		{
			"from": [11.25137, -6.54394, -14.75],
			"to": [11.25137, 5.45606, -13.75],
			"rotation": {"angle": 22.5, "axis": "z", "origin": [7.00137, -1.54394, -13.5]},
			"faces": {
				"north": {"uv": [3, 8, 15, 8], "rotation": 90, "texture": "#2"},
				"east": {"uv": [3, 10, 15, 11], "rotation": 270, "texture": "#2"},
				"south": {"uv": [3, 5, 15, 5], "rotation": 90, "texture": "#2"},
				"west": {"uv": [3, 10, 15, 11], "rotation": 90, "texture": "#2"},
				"up": {"uv": [2, 10, 2, 11], "rotation": 180, "texture": "#2"},
				"down": {"uv": [1, 10, 1, 11], "texture": "#2"}
			}
		},
		{
			"from": [8, 6.3, -14.75],
			"to": [8.5, 6.8, 1.25],
			"rotation": {"angle": 45, "axis": "z", "origin": [8, 6.3, -14.75]},
			"faces": {
				"north": {"uv": [3, 10, 3.5, 10.5], "texture": "#2"},
				"east": {"uv": [0, 9, 16, 9.5], "texture": "#2"},
				"south": {"uv": [3, 7, 3.5, 7.5], "rotation": 90, "texture": "#2"},
				"west": {"uv": [0, 9, 16, 9.5], "texture": "#2"},
				"up": {"uv": [0, 9, 16, 9.5], "rotation": 90, "texture": "#2"},
				"down": {"uv": [0, 9, 16, 9.5], "rotation": 90, "texture": "#2"}
			}
		},
		{
			"from": [7.46405, -5.58059, -15.25],
			"to": [8.46405, -5.58059, -13.25],
			"rotation": {"angle": -22.5, "axis": "z", "origin": [8.18277, 7.02325, -11.75]},
			"faces": {
				"north": {"uv": [3, 12, 3, 13], "rotation": 90, "texture": "#2"},
				"east": {"uv": [3, 10, 3, 12], "rotation": 270, "texture": "#2"},
				"south": {"uv": [3, 9, 3, 10], "rotation": 90, "texture": "#2"},
				"west": {"uv": [3, 10, 3, 12], "rotation": 90, "texture": "#2"},
				"up": {"uv": [2, 10, 3, 12], "rotation": 180, "texture": "#2"},
				"down": {"uv": [1, 10, 2, 12], "texture": "#2"}
			}
		},
		{
			"from": [7.54072, -5.60453, -15.25],
			"to": [8.54072, -5.60453, -13.25],
			"rotation": {"angle": 22.5, "axis": "z", "origin": [7.75944, 6.99931, -11.25]},
			"faces": {
				"north": {"uv": [3, 12, 3, 13], "rotation": 90, "texture": "#2"},
				"east": {"uv": [3, 10, 3, 12], "rotation": 270, "texture": "#2"},
				"south": {"uv": [3, 9, 3, 10], "rotation": 90, "texture": "#2"},
				"west": {"uv": [3, 10, 3, 12], "rotation": 90, "texture": "#2"},
				"up": {"uv": [2, 10, 3, 12], "rotation": 180, "texture": "#2"},
				"down": {"uv": [1, 10, 2, 12], "texture": "#2"}
			}
		},
		{
			"from": [7.5, 5.59388, 6.35258],
			"to": [8.5, 10.59388, 9.35258],
			"rotation": {"angle": 22.5, "axis": "x", "origin": [0.5, -0.90612, 2.85258]},
			"faces": {
				"north": {"uv": [0, 0, 1, 5], "rotation": 180, "texture": "#2"},
				"east": {"uv": [0, 0, 5, 3], "rotation": 90, "texture": "#2"},
				"south": {"uv": [0, 0, 1, 5], "texture": "#2"},
				"west": {"uv": [0, 0, 5, 3], "rotation": 270, "texture": "#2"},
				"up": {"uv": [0, 0, 1, 3], "texture": "#2"},
				"down": {"uv": [0, 0, 1, 3], "rotation": 180, "texture": "#2"}
			}
		},
		{
			"from": [7.51, -7.42388, 5.11732],
			"to": [8.51, -4.42388, 10.11732],
			"rotation": {"angle": -45, "axis": "x", "origin": [0.5, -0.92388, -1.38268]},
			"faces": {
				"north": {"uv": [0, 0, 1, 3], "texture": "#2"},
				"east": {"uv": [0, 0, 5, 3], "texture": "#2"},
				"south": {"uv": [0, 0, 1, 3], "texture": "#2"},
				"west": {"uv": [0, 0, 5, 3], "texture": "#2"},
				"up": {"uv": [0, 0, 1, 5], "texture": "#2"},
				"down": {"uv": [0, 0, 1, 5], "texture": "#2"}
			}
		},
		{
			"from": [7.5, 5.59388, 6.35258],
			"to": [8.5, 10.59388, 9.35258],
			"rotation": {"angle": 22.5, "axis": "x", "origin": [0.5, -0.90612, 2.85258]},
			"faces": {
				"north": {"uv": [0, 5, 1, 10], "rotation": 180, "texture": "#2"},
				"east": {"uv": [0, 5, 5, 8], "rotation": 90, "texture": "#2"},
				"south": {"uv": [0, 5, 1, 10], "texture": "#2"},
				"west": {"uv": [0, 5, 5, 8], "rotation": 270, "texture": "#2"},
				"up": {"uv": [0, 5, 1, 8], "texture": "#2"},
				"down": {"uv": [0, 5, 1, 8], "rotation": 180, "texture": "#2"}
			}
		},
		{
			"from": [7.51, -7.42388, 5.11732],
			"to": [8.51, -4.42388, 10.11732],
			"rotation": {"angle": -45, "axis": "x", "origin": [0.5, -0.92388, -1.38268]},
			"faces": {
				"north": {"uv": [0, 5, 1, 8], "texture": "#2"},
				"east": {"uv": [0, 5, 5, 8], "texture": "#2"},
				"south": {"uv": [0, 5, 1, 8], "texture": "#2"},
				"west": {"uv": [0, 5, 5, 8], "texture": "#2"},
				"up": {"uv": [0, 5, 1, 10], "texture": "#2"},
				"down": {"uv": [0, 5, 1, 10], "texture": "#2"}
			}
		},
		{
			"from": [7.51, -3.52342, 1.74093],
			"to": [8.51, -0.52342, 5.74093],
			"rotation": {"angle": -22.5, "axis": "x", "origin": [0.5, 2.97658, 0.24093]},
			"faces": {
				"north": {"uv": [0, 5, 1, 8], "texture": "#2"},
				"east": {"uv": [0, 5, 4, 8], "texture": "#2"},
				"south": {"uv": [0, 5, 1, 8], "texture": "#2"},
				"west": {"uv": [0, 5, 4, 8], "texture": "#2"},
				"up": {"uv": [0, 5, 1, 9], "texture": "#2"},
				"down": {"uv": [0, 5, 1, 9], "texture": "#2"}
			}
		},
		{
			"from": [7.5, 3.79388, 12.60258],
			"to": [8.5, 5.79388, 13.60258],
			"rotation": {"angle": 0, "axis": "y", "origin": [0.5, -0.90612, 2.35258]},
			"faces": {
				"north": {"uv": [5, 7, 6, 9], "rotation": 180, "texture": "#2"},
				"east": {"uv": [6, 7, 8, 8], "rotation": 90, "texture": "#2"},
				"south": {"uv": [5, 7, 6, 9], "texture": "#2"},
				"west": {"uv": [6, 7, 8, 8], "rotation": 270, "texture": "#2"},
				"up": {"uv": [7, 5, 8, 6], "texture": "#2"},
				"down": {"uv": [4, 10, 5, 11], "rotation": 180, "texture": "#2"}
			}
		},
		{
			"from": [7.5, 3.79388, 13.60258],
			"to": [8.5, 3.79388, 15.60258],
			"rotation": {"angle": 0, "axis": "y", "origin": [0.5, -0.90612, 2.35258]},
			"faces": {
				"north": {"uv": [0, 0, 1, 0], "rotation": 180, "texture": "#2"},
				"east": {"uv": [0, 0, 0, 2], "rotation": 90, "texture": "#2"},
				"south": {"uv": [0, 0, 1, 0], "texture": "#2"},
				"west": {"uv": [0, 0, 0, 2], "rotation": 270, "texture": "#2"},
				"up": {"uv": [0, 0, 1, 2], "texture": "#2"},
				"down": {"uv": [0, 0, 1, 2], "rotation": 180, "texture": "#2"}
			}
		},
		{
			"from": [7.5, -4.70612, 16.35258],
			"to": [8.5, 0.29388, 18.35258],
			"rotation": {"angle": -22.5, "axis": "x", "origin": [0.5, -0.90612, 2.35258]},
			"faces": {
				"north": {"uv": [0, 0, 1, 5], "rotation": 180, "texture": "#1"},
				"east": {"uv": [0, 0, 5, 2], "rotation": 90, "texture": "#1"},
				"south": {"uv": [0, 0, 1, 5], "texture": "#1"},
				"west": {"uv": [0, 0, 5, 2], "rotation": 270, "texture": "#1"},
				"up": {"uv": [0, 0, 1, 2], "texture": "#1"},
				"down": {"uv": [0, 0, 1, 2], "rotation": 180, "texture": "#1"}
			}
		},
		{
			"from": [7.5, 3.79388, 12.60258],
			"to": [8.5, 5.79388, 13.60258],
			"rotation": {"angle": 0, "axis": "y", "origin": [0.5, -0.90612, 2.35258]},
			"faces": {
				"north": {"uv": [5, 7, 6, 9], "rotation": 180, "texture": "#3"},
				"east": {"uv": [6, 7, 8, 8], "rotation": 90, "texture": "#3"},
				"south": {"uv": [5, 7, 6, 9], "texture": "#3"},
				"west": {"uv": [6, 7, 8, 8], "rotation": 270, "texture": "#3"},
				"up": {"uv": [7, 5, 8, 6], "texture": "#3"},
				"down": {"uv": [4, 10, 5, 11], "rotation": 180, "texture": "#3"}
			}
		},
		{
			"from": [7.5, 3.79388, 13.60258],
			"to": [8.5, 3.79388, 15.60258],
			"rotation": {"angle": 0, "axis": "y", "origin": [0.5, -0.90612, 2.35258]},
			"faces": {
				"north": {"uv": [0, 0, 1, 0], "rotation": 180, "texture": "#3"},
				"east": {"uv": [0, 0, 0, 2], "rotation": 90, "texture": "#3"},
				"south": {"uv": [0, 0, 1, 0], "texture": "#3"},
				"west": {"uv": [0, 0, 0, 2], "rotation": 270, "texture": "#3"},
				"up": {"uv": [0, 0, 1, 2], "texture": "#3"},
				"down": {"uv": [0, 0, 1, 2], "rotation": 180, "texture": "#3"}
			}
		},
		{
			"from": [7.5, -4.70612, 16.35258],
			"to": [8.5, 0.29388, 18.35258],
			"rotation": {"angle": -22.5, "axis": "x", "origin": [0.5, -0.90612, 2.35258]},
			"faces": {
				"north": {"uv": [0, 0, 1, 5], "rotation": 180, "texture": "#3"},
				"east": {"uv": [0, 0, 5, 2], "rotation": 90, "texture": "#3"},
				"south": {"uv": [0, 0, 1, 5], "texture": "#3"},
				"west": {"uv": [0, 0, 5, 2], "rotation": 270, "texture": "#3"},
				"up": {"uv": [0, 0, 1, 2], "texture": "#3"},
				"down": {"uv": [0, 0, 1, 2], "rotation": 180, "texture": "#3"}
			}
		},
		{
			"from": [7.5, -4.70612, 16.35258],
			"to": [8.5, 0.29388, 18.35258],
			"rotation": {"angle": -22.5, "axis": "x", "origin": [0.5, -0.90612, 2.35258]},
			"faces": {
				"north": {"uv": [7, 4, 8, 9], "rotation": 180, "texture": "#4"},
				"east": {"uv": [7, 4, 12, 6], "rotation": 90, "texture": "#4"},
				"south": {"uv": [7, 4, 8, 9], "texture": "#4"},
				"west": {"uv": [7, 4, 12, 6], "rotation": 270, "texture": "#4"},
				"up": {"uv": [7, 4, 8, 6], "texture": "#4"},
				"down": {"uv": [7, 4, 8, 6], "rotation": 180, "texture": "#4"}
			}
		},
		{
			"from": [7.5, 3.79388, 12.60258],
			"to": [8.5, 5.79388, 13.60258],
			"rotation": {"angle": 0, "axis": "y", "origin": [0.5, -0.90612, 2.35258]},
			"faces": {
				"north": {"uv": [5, 7, 6, 9], "rotation": 180, "texture": "#2"},
				"east": {"uv": [6, 7, 8, 8], "rotation": 90, "texture": "#2"},
				"south": {"uv": [5, 7, 6, 9], "texture": "#2"},
				"west": {"uv": [6, 7, 8, 8], "rotation": 270, "texture": "#2"},
				"up": {"uv": [7, 5, 8, 6], "texture": "#2"},
				"down": {"uv": [4, 10, 5, 11], "rotation": 180, "texture": "#2"}
			}
		},
		{
			"from": [7.5, 3.79388, 13.60258],
			"to": [8.5, 3.79388, 15.60258],
			"rotation": {"angle": 0, "axis": "y", "origin": [0.5, -0.90612, 2.35258]},
			"faces": {
				"north": {"uv": [0, 0, 1, 0], "rotation": 180, "texture": "#2"},
				"east": {"uv": [0, 0, 0, 2], "rotation": 90, "texture": "#2"},
				"south": {"uv": [0, 0, 1, 0], "texture": "#2"},
				"west": {"uv": [0, 0, 0, 2], "rotation": 270, "texture": "#2"},
				"up": {"uv": [0, 0, 1, 2], "texture": "#2"},
				"down": {"uv": [0, 0, 1, 2], "rotation": 180, "texture": "#2"}
			}
		}
	],
	"gui_light": "front",
	"display": {
		"thirdperson_righthand": {
			"translation": [0, 1.5, -2.5],
			"scale": [0.5, 0.5, 0.5]
		},
		"thirdperson_lefthand": {
			"translation": [-0.5, 1.5, -2.5],
			"scale": [0.5, 0.5, 0.5]
		},
		"firstperson_righthand": {
			"rotation": [0, 3, 0],
			"translation": [-3, 14, -4.25]
		},
		"firstperson_lefthand": {
			"rotation": [0, 3, 0],
			"translation": [-3, 14, -4.25]
		},
		"ground": {
			"rotation": [0, 0, 90],
			"scale": [0.5, 0.5, 0.5]
		},
		"gui": {
			"rotation": [90, 45, -90],
			"scale": [0.5, 0.5, 0.5]
		},
		"fixed": {
			"rotation": [0, -90, 0]
		}
	},
	"groups": [
		{
			"name": "body",
			"origin": [0.5, 0, 0],
			"color": 0,
			"nbt": "{}",
			"children": [0, 1]
		},
		{
			"name": "sight@attach",
			"origin": [8, 8, 8],
			"color": 0,
			"nbt": "{}",
			"children": [
				{
					"name": "default@name",
					"origin": [8, 8, 8],
					"color": 0,
					"nbt": "{}",
					"children": [
						2,
						{
							"name": "peep@state",
							"origin": [8, 9, 6],
							"color": 0,
							"nbt": "{}",
							"children": [3, 4, 5, 6, 7, 8, 9]
						}
					]
				},
				{
					"name": "reddot@name",
					"origin": [8, 8, 8],
					"color": 0,
					"nbt": "{}",
					"children": [
						{
							"name": "peep@state",
							"origin": [8, 9.5, 14.125],
							"color": 0,
							"nbt": "{}",
							"children": [10, 11, 12, 13, 14, 15, 16, 17, 18, 19, 20, 21, 22, 23, 24, 25, 26, 27]
						},
						28,
						29,
						30,
						31,
						32,
						33,
						34,
						35
					]
				}
			]
		},
		{
			"name": "stock@attach",
			"origin": [8, 8, 8],
			"color": 0,
			"nbt": "{}",
			"children": [
				{
					"name": "default@name",
					"origin": [8, 8, 8],
					"color": 0,
					"nbt": "{}",
					"children": [36, 37, 38]
				},
				{
					"name": "optimized@name",
					"origin": [8, 8, 8],
					"color": 0,
					"nbt": "{}",
					"children": [39, 40, 41, 42, 43]
				},
				{
					"name": "heavy@name",
					"origin": [8, 8, 8],
					"color": 0,
					"nbt": "{}",
					"children": [44, 45, 46, 47]
				}
			]
		},
		{
			"name": "barrel@attach",
			"origin": [8, 8, 8],
			"color": 0,
			"nbt": "{}",
			"children": [
				{
					"name": "default@name",
					"origin": [8, 8, 8],
					"color": 0,
					"nbt": "{}",
					"children": [48, 49, 50, 51, 52, 53, 54, 55, 56, 57, 58, 59, 60, 61, 62]
				},
				{
					"name": "short@name",
					"origin": [8, 8, 8],
					"color": 0,
					"nbt": "{}",
					"children": [63, 64, 65, 66, 67, 68, 69, 70, 71, 72, 73, 74]
				},
				{
					"name": "long@name",
					"origin": [8, 8, 8],
					"color": 0,
					"nbt": "{}",
					"children": [75, 76, 77, 78, 79, 80, 81, 82, 83, 84, 85, 86, 87, 88, 89, 90]
				}
			]
		},
		{
			"name": "underbarrel@attach",
			"origin": [8, 8, 8],
			"color": 0,
			"nbt": "{}",
			"children": [
				{
					"name": "default@name",
					"origin": [8, 8, 8],
					"color": 0,
					"nbt": "{}",
					"children": []
				},
				{
					"name": "bipod@name",
					"origin": [8, 8, 8],
					"color": 0,
					"nbt": "{}",
					"children": [91, 92, 93, 94, 95]
				}
			]
		},
		{
			"name": "magazine@attach",
			"origin": [8, 8, 8],
			"color": 0,
			"nbt": "{}",
			"children": [
				{
					"name": "default@name",
					"origin": [8, 8, 8],
					"color": 0,
					"nbt": "{}",
					"children": [
						96,
						97,
						{
							"name": "reload_2@state",
							"origin": [8, 8, 8],
							"color": 0,
							"nbt": "{}",
							"children": []
						}
					]
				},
				{
					"name": "45round@name",
					"origin": [8, 8, 8],
					"color": 0,
					"nbt": "{}",
					"children": [
						98,
						99,
						100,
						{
							"name": "reload_2@state",
							"origin": [8, 8, 8],
							"color": 0,
							"nbt": "{}",
							"children": []
						}
					]
				}
			]
		},
		{
			"name": "grip@attach",
			"origin": [8, 8, 8],
			"color": 0,
			"nbt": "{}",
			"children": [
				{
					"name": "default@name",
					"origin": [8, 8, 8],
					"color": 0,
					"nbt": "{}",
					"children": [101, 102, 103]
				},
				{
					"name": "plastic@name",
					"origin": [8, 8, 8],
					"color": 0,
					"nbt": "{}",
					"children": [104, 105, 106]
				},
				{
					"name": "lightweight@name",
					"origin": [8, 8, 8],
					"color": 0,
					"nbt": "{}",
					"children": [107, 108, 109]
				}
			]
		}
	]
}