{
	"credit": "Made with Blockbench",
	"texture_size": [4, 4],
	"textures": {
		"1": "item/gun/reddish_wood",
		"2": "item/gun/metal",
		"particle": "item/gun/metal"
	},
	"elements": [
		{
			"from": [7.6275, 7.375, 7.5],
			"to": [8.1275, 8.125, 10.25],
			"rotation": {"angle": 0, "axis": "y", "origin": [6.125, 6, 6]},
			"faces": {
				"north": {"uv": [11, 7, 13, 10], "texture": "#2"},
				"east": {"uv": [0, 7, 11, 10], "texture": "#2"},
				"south": {"uv": [11, 7, 13, 10], "texture": "#2"},
				"west": {"uv": [0, 7, 11, 10], "texture": "#2"},
				"up": {"uv": [0, 4, 11, 6], "rotation": 90, "texture": "#2"},
				"down": {"uv": [0, 10, 11, 12], "rotation": 90, "texture": "#2"}
			}
		},
		{
			"from": [7.8725, 7.375, 7.5],
			"to": [8.3725, 8.125, 10.25],
			"rotation": {"angle": 0, "axis": "y", "origin": [6.125, 6, 6]},
			"faces": {
				"north": {"uv": [11, 7, 13, 10], "texture": "#2"},
				"east": {"uv": [0, 7, 11, 10], "texture": "#2"},
				"south": {"uv": [11, 7, 13, 10], "texture": "#2"},
				"west": {"uv": [0, 7, 11, 10], "texture": "#2"},
				"up": {"uv": [0, 4, 11, 6], "rotation": 90, "texture": "#2"},
				"down": {"uv": [0, 10, 11, 12], "rotation": 90, "texture": "#2"}
			}
		},
		{
			"from": [7.75, 8.125, 8],
			"to": [8.25, 8.375, 10.25],
			"rotation": {"angle": 0, "axis": "y", "origin": [6.125, 6, 6]},
			"faces": {
				"north": {"uv": [11, 6, 13, 7], "texture": "#2"},
				"east": {"uv": [0, 6, 9, 7], "texture": "#2"},
				"south": {"uv": [11, 6, 13, 7], "texture": "#2"},
				"west": {"uv": [0, 6, 9, 7], "texture": "#2"},
				"up": {"uv": [0, 4, 9, 6], "rotation": 90, "texture": "#2"},
				"down": {"uv": [0, 10, 9, 12], "rotation": 90, "texture": "#2"}
			}
		},
		{
			"from": [7.625, 8.125, 7.5],
			"to": [8.375, 8.375, 8],
			"rotation": {"angle": 0, "axis": "y", "origin": [6.125, 6, 6]},
			"faces": {
				"north": {"uv": [11, 6, 14, 7], "texture": "#2"},
				"east": {"uv": [0, 6, 2, 7], "texture": "#2"},
				"south": {"uv": [11, 6, 14, 7], "texture": "#2"},
				"west": {"uv": [0, 6, 2, 7], "texture": "#2"},
				"up": {"uv": [0, 4, 2, 7], "rotation": 90, "texture": "#2"},
				"down": {"uv": [0, 10, 2, 13], "rotation": 90, "texture": "#2"}
			}
		},
		{
			"from": [7.6275, 7.375, 10.25],
			"to": [8.1275, 8.125, 10.5],
			"rotation": {"angle": 0, "axis": "y", "origin": [6.125, 6, 6]},
			"faces": {
				"north": {"uv": [0, 10, 3, 13], "texture": "#2"},
				"east": {"uv": [0, 10, 1, 13], "texture": "#2"},
				"south": {"uv": [0, 10, 3, 13], "texture": "#2"},
				"west": {"uv": [0, 10, 1, 13], "texture": "#2"},
				"up": {"uv": [0, 9, 3, 10], "texture": "#2"},
				"down": {"uv": [0, 13, 3, 14], "texture": "#2"}
			}
		},
		{
			"from": [7.8725, 7.375, 10.25],
			"to": [8.3725, 8.125, 10.5],
			"rotation": {"angle": 0, "axis": "y", "origin": [6.125, 6, 6]},
			"faces": {
				"north": {"uv": [0, 10, 3, 13], "texture": "#2"},
				"east": {"uv": [0, 10, 1, 13], "texture": "#2"},
				"south": {"uv": [0, 10, 3, 13], "texture": "#2"},
				"west": {"uv": [0, 10, 1, 13], "texture": "#2"},
				"up": {"uv": [0, 9, 3, 10], "texture": "#2"},
				"down": {"uv": [0, 13, 3, 14], "texture": "#2"}
			}
		},
		{
			"from": [7.6875, 8.52573, 8.03484],
			"to": [7.9375, 8.65073, 8.15984],
			"rotation": {"angle": -45, "axis": "x", "origin": [8, 8.63823, 8.09734]},
			"faces": {
				"north": {"uv": [3, 8, 4, 8.5], "texture": "#2"},
				"east": {"uv": [3, 8, 3.5, 8.5], "texture": "#2"},
				"south": {"uv": [2, 7, 3, 7.5], "texture": "#2"},
				"west": {"uv": [4, 7, 4.5, 7.5], "texture": "#2"},
				"up": {"uv": [5, 6, 5.5, 7], "rotation": 90, "texture": "#2"},
				"down": {"uv": [3, 5, 3.5, 6], "rotation": 90, "texture": "#2"}
			}
		},
		{
			"from": [7.8125, 8.32573, 8.13484],
			"to": [8.1875, 8.45073, 8.25984],
			"rotation": {"angle": 45, "axis": "x", "origin": [8, 8.63823, 8.07234]},
			"faces": {
				"north": {"uv": [3, 8, 4.5, 8.5], "texture": "#2"},
				"east": {"uv": [3, 8, 3.5, 8.5], "texture": "#2"},
				"south": {"uv": [2, 7, 3.5, 7.5], "texture": "#2"},
				"west": {"uv": [4, 7, 4.5, 7.5], "texture": "#2"},
				"up": {"uv": [5, 6, 5.5, 7.5], "rotation": 90, "texture": "#2"},
				"down": {"uv": [3, 5, 3.5, 6.5], "rotation": 90, "texture": "#2"}
			}
		},
		{
			"from": [8.0625, 8.52573, 8.03484],
			"to": [8.3125, 8.65073, 8.15984],
			"rotation": {"angle": -45, "axis": "x", "origin": [8, 8.63823, 8.09734]},
			"faces": {
				"north": {"uv": [3, 8, 4, 8.5], "texture": "#2"},
				"east": {"uv": [3, 8, 3.5, 8.5], "texture": "#2"},
				"south": {"uv": [2, 7, 3, 7.5], "texture": "#2"},
				"west": {"uv": [4, 7, 4.5, 7.5], "texture": "#2"},
				"up": {"uv": [5, 6, 5.5, 7], "rotation": 90, "texture": "#2"},
				"down": {"uv": [3, 5, 3.5, 6], "rotation": 90, "texture": "#2"}
			}
		},
		{
			"from": [7.7375, 8.375, 7.5],
			"to": [8.2625, 8.625, 7.625],
			"rotation": {"angle": 0, "axis": "y", "origin": [6.125, 6, 6]},
			"faces": {
				"north": {"uv": [3, 8, 5.1, 9], "texture": "#2"},
				"east": {"uv": [3, 8, 3.5, 9], "texture": "#2"},
				"south": {"uv": [2, 7, 4.1, 8], "texture": "#2"},
				"west": {"uv": [4, 7, 4.5, 8], "texture": "#2"},
				"up": {"uv": [5, 6, 5.5, 8.1], "rotation": 90, "texture": "#2"},
				"down": {"uv": [3, 5, 3.5, 7.1], "rotation": 90, "texture": "#2"}
			}
		},
		{
			"from": [8.05, 8.5875, 7.625],
			"to": [8.175, 8.65, 8.4375],
			"rotation": {"angle": 0, "axis": "y", "origin": [6.125, 6.0875, 6]},
			"faces": {
				"north": {"uv": [3, 8, 3.5, 8.25], "texture": "#2"},
				"east": {"uv": [3, 8, 6.25, 8.25], "texture": "#2"},
				"south": {"uv": [2, 7, 2.5, 7.25], "texture": "#2"},
				"west": {"uv": [4, 7, 7.25, 7.25], "texture": "#2"},
				"up": {"uv": [5, 6, 8.25, 6.5], "rotation": 90, "texture": "#2"},
				"down": {"uv": [3, 5, 6.25, 5.5], "rotation": 90, "texture": "#2"}
			}
		},
		{
			"from": [7.825, 8.5875, 7.625],
			"to": [7.95, 8.65, 8.4375],
			"rotation": {"angle": 0, "axis": "y", "origin": [6.125, 6.0875, 6]},
			"faces": {
				"north": {"uv": [3, 8, 3.5, 8.25], "texture": "#2"},
				"east": {"uv": [3, 8, 6.25, 8.25], "texture": "#2"},
				"south": {"uv": [2, 7, 2.5, 7.25], "texture": "#2"},
				"west": {"uv": [4, 7, 7.25, 7.25], "texture": "#2"},
				"up": {"uv": [5, 6, 8.25, 6.5], "rotation": 90, "texture": "#2"},
				"down": {"uv": [3, 5, 6.25, 5.5], "rotation": 90, "texture": "#2"}
			}
		},
		{
			"from": [7.925, 8.5875, 7.625],
			"to": [8.075, 8.625, 8.4375],
			"rotation": {"angle": 0, "axis": "y", "origin": [6.125, 6.0875, 6]},
			"faces": {
				"north": {"uv": [3, 8, 3.6, 8.15], "texture": "#2"},
				"east": {"uv": [3, 8, 6.25, 8.15], "texture": "#2"},
				"south": {"uv": [2, 7, 2.6, 7.15], "texture": "#2"},
				"west": {"uv": [4, 7, 7.25, 7.15], "texture": "#2"},
				"up": {"uv": [5, 6, 8.25, 6.6], "rotation": 90, "texture": "#2"},
				"down": {"uv": [3, 5, 6.25, 5.6], "rotation": 90, "texture": "#2"}
			}
		},
		{
			"from": [7.75, 8.375, 7.625],
			"to": [7.8125, 8.5, 8.4375],
			"rotation": {"angle": 0, "axis": "y", "origin": [6.125, 6, 6]},
			"faces": {
				"north": {"uv": [3, 8, 3.25, 8.5], "texture": "#2"},
				"east": {"uv": [3, 8, 6.25, 8.5], "texture": "#2"},
				"south": {"uv": [2, 7, 2.25, 7.5], "texture": "#2"},
				"west": {"uv": [4, 7, 7.25, 7.5], "texture": "#2"},
				"up": {"uv": [5, 6, 8.25, 6.25], "rotation": 90, "texture": "#2"},
				"down": {"uv": [3, 5, 6.25, 5.25], "rotation": 90, "texture": "#2"}
			}
		},
		{
			"from": [8.1875, 8.375, 7.625],
			"to": [8.25, 8.5, 8.4375],
			"rotation": {"angle": 0, "axis": "y", "origin": [6.125, 6, 6]},
			"faces": {
				"north": {"uv": [3, 8, 3.25, 8.5], "texture": "#2"},
				"east": {"uv": [3, 8, 6.25, 8.5], "texture": "#2"},
				"south": {"uv": [2, 7, 2.25, 7.5], "texture": "#2"},
				"west": {"uv": [4, 7, 7.25, 7.5], "texture": "#2"},
				"up": {"uv": [5, 6, 8.25, 6.25], "rotation": 90, "texture": "#2"},
				"down": {"uv": [3, 5, 6.25, 5.25], "rotation": 90, "texture": "#2"}
			}
		},
		{
			"from": [7.75, 8.5, 7.625],
			"to": [7.8125, 8.6875, 8],
			"rotation": {"angle": 0, "axis": "y", "origin": [6.125, 6, 6]},
			"faces": {
				"north": {"uv": [3, 8, 3.25, 8.75], "texture": "#2"},
				"east": {"uv": [3, 8, 4.5, 8.75], "texture": "#2"},
				"south": {"uv": [2, 7, 2.25, 7.75], "texture": "#2"},
				"west": {"uv": [4, 7, 5.5, 7.75], "texture": "#2"},
				"up": {"uv": [5, 6, 6.5, 6.25], "rotation": 90, "texture": "#2"},
				"down": {"uv": [3, 5, 4.5, 5.25], "rotation": 90, "texture": "#2"}
			}
		},
		{
			"from": [8.1875, 8.5, 7.625],
			"to": [8.25, 8.6875, 8],
			"rotation": {"angle": 0, "axis": "y", "origin": [6.125, 6, 6]},
			"faces": {
				"north": {"uv": [3, 8, 3.25, 8.75], "texture": "#2"},
				"east": {"uv": [3, 8, 4.5, 8.75], "texture": "#2"},
				"south": {"uv": [2, 7, 2.25, 7.75], "texture": "#2"},
				"west": {"uv": [4, 7, 5.5, 7.75], "texture": "#2"},
				"up": {"uv": [5, 6, 6.5, 6.25], "rotation": 90, "texture": "#2"},
				"down": {"uv": [3, 5, 4.5, 5.25], "rotation": 90, "texture": "#2"}
			}
		},
		{
			"from": [7.725, 8.20625, 8.36875],
			"to": [7.95, 8.33125, 8.49375],
			"rotation": {"angle": -22.5, "axis": "x", "origin": [8, 8.3375, 7.5]},
			"faces": {
				"north": {"uv": [3, 8, 3.9, 8.5], "texture": "#2"},
				"east": {"uv": [3, 8, 3.5, 8.5], "texture": "#2"},
				"south": {"uv": [2, 7, 2.9, 7.5], "texture": "#2"},
				"west": {"uv": [4, 7, 4.5, 7.5], "texture": "#2"},
				"up": {"uv": [5, 6, 5.5, 6.9], "rotation": 90, "texture": "#2"},
				"down": {"uv": [3, 5, 3.5, 5.9], "rotation": 90, "texture": "#2"}
			}
		},
		{
			"from": [8.05, 8.20625, 8.36875],
			"to": [8.275, 8.33125, 8.49375],
			"rotation": {"angle": -22.5, "axis": "x", "origin": [8, 8.3375, 7.5]},
			"faces": {
				"north": {"uv": [3, 8, 3.9, 8.5], "texture": "#2"},
				"east": {"uv": [3, 8, 3.5, 8.5], "texture": "#2"},
				"south": {"uv": [2, 7, 2.9, 7.5], "texture": "#2"},
				"west": {"uv": [4, 7, 4.5, 7.5], "texture": "#2"},
				"up": {"uv": [5, 6, 5.5, 6.9], "rotation": 90, "texture": "#2"},
				"down": {"uv": [3, 5, 3.5, 5.9], "rotation": 90, "texture": "#2"}
			}
		},
		{
			"from": [7.875, 8.2065, 8.3685],
			"to": [8.125, 8.244, 8.4935],
			"rotation": {"angle": -22.5, "axis": "x", "origin": [8, 8.3375, 7.5]},
			"faces": {
				"north": {"uv": [3, 8, 4, 8.15], "texture": "#2"},
				"east": {"uv": [3, 8, 3.5, 8.15], "texture": "#2"},
				"south": {"uv": [2, 7, 3, 7.15], "texture": "#2"},
				"west": {"uv": [4, 7, 4.5, 7.15], "texture": "#2"},
				"up": {"uv": [5, 6, 5.5, 7], "rotation": 90, "texture": "#2"},
				"down": {"uv": [3, 5, 3.5, 6], "rotation": 90, "texture": "#2"}
			}
		},
		{
			"from": [7.625, 8.375, 7.5],
			"to": [8.375, 8.625, 8],
			"rotation": {"angle": 0, "axis": "y", "origin": [6.125, 6, 6]},
			"faces": {
				"north": {"uv": [11, 6, 14, 7], "texture": "#2"},
				"east": {"uv": [0, 6, 2, 7], "texture": "#2"},
				"south": {"uv": [11, 6, 14, 7], "texture": "#2"},
				"west": {"uv": [0, 6, 2, 7], "texture": "#2"},
				"up": {"uv": [0, 4, 2, 7], "rotation": 90, "texture": "#2"},
				"down": {"uv": [0, 10, 2, 13], "rotation": 90, "texture": "#2"}
			}
		},
		{
			"from": [7.7525, 7.875, 10.5],
			"to": [7.7525, 8.125, 12.75],
			"rotation": {"angle": 0, "axis": "x", "origin": [7.8775, 7.875, 11.875]},
			"faces": {
				"north": {"uv": [3, 3, 4, 3], "rotation": 270, "texture": "#2"},
				"east": {"uv": [4, 3, 13, 4], "texture": "#2"},
				"south": {"uv": [3, 3, 4, 3], "rotation": 270, "texture": "#2"},
				"west": {"uv": [3, 3, 12, 4], "texture": "#2"},
				"up": {"uv": [3, 3, 12, 3], "rotation": 270, "texture": "#2"},
				"down": {"uv": [3, 3, 12, 3], "rotation": 270, "texture": "#2"}
			}
		},
		{
			"from": [8.2525, 7.875, 10.5],
			"to": [8.2525, 8.125, 12.75],
			"rotation": {"angle": 0, "axis": "x", "origin": [7.8775, 7.875, 11.875]},
			"faces": {
				"north": {"uv": [3, 3, 4, 3], "rotation": 270, "texture": "#2"},
				"east": {"uv": [4, 3, 13, 4], "texture": "#2"},
				"south": {"uv": [3, 3, 4, 3], "rotation": 270, "texture": "#2"},
				"west": {"uv": [3, 3, 12, 4], "texture": "#2"},
				"up": {"uv": [3, 3, 12, 3], "rotation": 270, "texture": "#2"},
				"down": {"uv": [3, 3, 12, 3], "rotation": 270, "texture": "#2"}
			}
		},
		{
			"from": [7.6275, 7.25, 12.749],
			"to": [7.8775, 8.25, 12.749],
			"rotation": {"angle": 0, "axis": "y", "origin": [6.369, 5.6875, 6.549]},
			"faces": {
				"north": {"uv": [3, 5, 7, 6], "rotation": 270, "texture": "#2"},
				"east": {"uv": [1, 0, 5, 0], "rotation": 270, "texture": "#2"},
				"south": {"uv": [3, 5, 7, 6], "rotation": 270, "texture": "#2"},
				"west": {"uv": [3, 5, 7, 5], "rotation": 270, "texture": "#2"},
				"up": {"uv": [3, 5, 3, 6], "rotation": 270, "texture": "#2"},
				"down": {"uv": [3, 5, 3, 6], "rotation": 270, "texture": "#2"}
			}
		},
		{
			"from": [7.7525, 7, 12.749],
			"to": [8.2525, 7.25, 12.749],
			"rotation": {"angle": 0, "axis": "y", "origin": [6.369, 5.6875, 6.549]},
			"faces": {
				"north": {"uv": [3, 5, 4, 7], "rotation": 270, "texture": "#2"},
				"east": {"uv": [1, 0, 2, 0], "rotation": 270, "texture": "#2"},
				"south": {"uv": [3, 5, 4, 7], "rotation": 270, "texture": "#2"},
				"west": {"uv": [3, 5, 4, 5], "rotation": 270, "texture": "#2"},
				"up": {"uv": [3, 5, 3, 7], "rotation": 270, "texture": "#2"},
				"down": {"uv": [3, 5, 3, 7], "rotation": 270, "texture": "#2"}
			}
		},
		{
			"from": [8.1275, 7.25, 12.749],
			"to": [8.3775, 8.25, 12.749],
			"rotation": {"angle": 0, "axis": "y", "origin": [6.369, 5.6875, 6.549]},
			"faces": {
				"north": {"uv": [3, 5, 7, 6], "rotation": 270, "texture": "#2"},
				"east": {"uv": [1, 0, 5, 0], "rotation": 270, "texture": "#2"},
				"south": {"uv": [3, 5, 7, 6], "rotation": 270, "texture": "#2"},
				"west": {"uv": [3, 5, 7, 5], "rotation": 270, "texture": "#2"},
				"up": {"uv": [3, 5, 3, 6], "rotation": 270, "texture": "#2"},
				"down": {"uv": [3, 5, 3, 6], "rotation": 270, "texture": "#2"}
			}
		},
		{
			"from": [8.125, 7.5, 5.5],
			"to": [8.375, 8.25, 7.25],
			"rotation": {"angle": 0, "axis": "y", "origin": [6.125, 6, 6]},
			"faces": {
				"north": {"uv": [0, 0, 1, 3], "texture": "#1"},
				"east": {"uv": [0, 0, 7, 3], "texture": "#1"},
				"south": {"uv": [0, 0, 1, 3], "texture": "#1"},
				"west": {"uv": [0, 0, 7, 3], "texture": "#1"},
				"up": {"uv": [0, 0, 1, 7], "texture": "#1"},
				"down": {"uv": [0, 0, 1, 7], "texture": "#1"}
			}
		},
		{
			"from": [7.625, 7.5, 5.5],
			"to": [7.875, 8.25, 7.25],
			"rotation": {"angle": 0, "axis": "y", "origin": [6.125, 6, 6]},
			"faces": {
				"north": {"uv": [0, 0, 1, 3], "texture": "#1"},
				"east": {"uv": [0, 0, 7, 3], "texture": "#1"},
				"south": {"uv": [0, 0, 1, 3], "texture": "#1"},
				"west": {"uv": [0, 0, 7, 3], "texture": "#1"},
				"up": {"uv": [0, 0, 1, 7], "texture": "#1"},
				"down": {"uv": [0, 0, 1, 7], "texture": "#1"}
			}
		},
		{
			"from": [7.875, 8.25, 5.5],
			"to": [8.125, 8.5, 7],
			"rotation": {"angle": 0, "axis": "y", "origin": [6.125, 6, 6]},
			"faces": {
				"north": {"uv": [0, 0, 1, 1], "texture": "#1"},
				"east": {"uv": [0, 0, 6, 1], "texture": "#1"},
				"south": {"uv": [0, 0, 1, 1], "texture": "#1"},
				"west": {"uv": [0, 0, 6, 1], "texture": "#1"},
				"up": {"uv": [0, 0, 1, 6], "texture": "#1"},
				"down": {"uv": [0, 0, 1, 6], "texture": "#1"}
			}
		},
		{
			"from": [7.875, 7.5, 5.5],
			"to": [8.125, 7.75, 7.25],
			"rotation": {"angle": 0, "axis": "y", "origin": [6.125, 6, 6]},
			"faces": {
				"north": {"uv": [0, 0, 1, 1], "texture": "#1"},
				"east": {"uv": [0, 0, 7, 1], "texture": "#1"},
				"south": {"uv": [0, 0, 1, 1], "texture": "#1"},
				"west": {"uv": [0, 0, 7, 1], "texture": "#1"},
				"up": {"uv": [0, 0, 1, 7], "texture": "#1"},
				"down": {"uv": [0, 0, 1, 7], "texture": "#1"}
			}
		},
		{
			"from": [7.625, 7.25, 7.25],
			"to": [8.375, 8, 7.75],
			"rotation": {"angle": 0, "axis": "y", "origin": [6.125, 6, 6]},
			"faces": {
				"north": {"uv": [1, 3, 4, 6], "texture": "#1"},
				"east": {"uv": [1, 3, 3, 6], "texture": "#1"},
				"south": {"uv": [1, 3, 4, 6], "texture": "#1"},
				"west": {"uv": [1, 3, 3, 6], "texture": "#1"},
				"up": {"uv": [1, 3, 4, 5], "texture": "#1"},
				"down": {"uv": [1, 3, 4, 5], "texture": "#1"}
			}
		},
		{
			"from": [7.625, 7.5, 5.25],
			"to": [8.375, 8.5, 5.5],
			"rotation": {"angle": 0, "axis": "y", "origin": [6.125, 6, 6]},
			"faces": {
				"north": {"uv": [0, 12, 3, 16], "texture": "#2"},
				"east": {"uv": [3, 12, 4, 16], "texture": "#2"},
				"south": {"uv": [0, 12, 3, 16], "texture": "#2"},
				"west": {"uv": [1, 12, 2, 16], "texture": "#2"},
				"up": {"uv": [2, 9, 5, 10], "texture": "#2"},
				"down": {"uv": [5, 15, 8, 16], "texture": "#2"}
			}
		},
		{
			"from": [7.625, 8, 7.25],
			"to": [8.375, 8.5, 7.5],
			"rotation": {"angle": 0, "axis": "y", "origin": [6.125, 6, 6]},
			"faces": {
				"north": {"uv": [0, 1, 3, 3], "texture": "#1"},
				"east": {"uv": [0, 1, 1, 3], "texture": "#1"},
				"south": {"uv": [0, 1, 3, 3], "texture": "#1"},
				"west": {"uv": [0, 1, 1, 3], "texture": "#1"},
				"up": {"uv": [0, 1, 3, 2], "texture": "#1"},
				"down": {"uv": [0, 1, 3, 2], "texture": "#1"}
			}
		},
		{
			"from": [7.875, 7.64375, 2.75],
			"to": [8.125, 7.89375, 5.25],
			"rotation": {"angle": 0, "axis": "y", "origin": [6.125, 6.01875, 6]},
			"faces": {
				"north": {"uv": [2, 5, 3, 6], "texture": "#2"},
				"east": {"uv": [3, 5, 13, 6], "texture": "#2"},
				"south": {"uv": [1, 5, 2, 6], "texture": "#2"},
				"west": {"uv": [6, 5, 16, 6], "texture": "#2"},
				"up": {"uv": [10, 0, 11, 10], "texture": "#2"},
				"down": {"uv": [10, 6, 11, 16], "texture": "#2"}
			}
		},
		{
			"from": [7.875, 8.1, 4.375],
			"to": [8.125, 8.35, 5.25],
			"rotation": {"angle": 0, "axis": "y", "origin": [6.125, 5.85, 6]},
			"faces": {
				"north": {"uv": [10, 7, 11, 8], "texture": "#2"},
				"east": {"uv": [3, 5, 6.5, 6], "texture": "#2"},
				"south": {"uv": [11, 7, 12, 8], "texture": "#2"},
				"west": {"uv": [7, 5, 10.5, 6], "texture": "#2"},
				"up": {"uv": [7, 1, 8, 4.5], "texture": "#2"},
				"down": {"uv": [7, 8, 8, 11.5], "texture": "#2"}
			}
		},
		{
			"from": [7.875, 6.88404, 4.48123],
			"to": [8.125, 7.38404, 4.73123],
			"rotation": {"angle": 22.5, "axis": "x", "origin": [6.1225, 8.13404, 6.85623]},
			"faces": {
				"north": {"uv": [4, 5, 5, 7], "rotation": 180, "texture": "#2"},
				"east": {"uv": [9, 6, 11, 7], "rotation": 90, "texture": "#2"},
				"south": {"uv": [7, 5, 8, 7], "texture": "#2"},
				"west": {"uv": [7, 4, 9, 5], "rotation": 270, "texture": "#2"},
				"up": {"uv": [1, 5, 2, 6], "texture": "#2"},
				"down": {"uv": [10, 5, 11, 6], "rotation": 180, "texture": "#2"}
			}
		},
		{
			"from": [7.625, 8.25, 7],
			"to": [8.375, 8.5, 7.25],
			"rotation": {"angle": 0, "axis": "y", "origin": [6.125, 6, 6]},
			"faces": {
				"north": {"uv": [0, 0, 3, 1], "texture": "#1"},
				"east": {"uv": [0, 0, 1, 1], "texture": "#1"},
				"south": {"uv": [0, 0, 3, 1], "texture": "#1"},
				"west": {"uv": [0, 0, 1, 1], "texture": "#1"},
				"up": {"uv": [0, 0, 3, 1], "texture": "#1"},
				"down": {"uv": [0, 0, 3, 1], "texture": "#1"}
			}
		},
		{
			"from": [7.875, 7.75, 2.875],
			"to": [8.125, 8.25, 2.875],
			"rotation": {"angle": 0, "axis": "y", "origin": [6.125, 6, 6]},
			"faces": {
				"north": {"uv": [5, 1.25, 6, 3.25], "texture": "#2"},
				"east": {"uv": [8, 2.25, 8, 4.25], "texture": "#2"},
				"south": {"uv": [3, 1.25, 2, 3.25], "texture": "#2"},
				"west": {"uv": [4, 2.25, 4, 4.25], "texture": "#2"},
				"up": {"uv": [3, 1.25, 4, 1.25], "texture": "#2"},
				"down": {"uv": [4, 1.25, 5, 1.25], "texture": "#2"}
			}
		},
		{
			"from": [7.875, 7.76894, 3.22044],
			"to": [8.125, 8.26893, 3.22044],
			"rotation": {"angle": -22.5, "axis": "x", "origin": [8, 8.01893, 3.22044]},
			"faces": {
				"north": {"uv": [5, 1.25, 6, 3.25], "texture": "#2"},
				"east": {"uv": [8, 2.25, 8, 4.25], "texture": "#2"},
				"south": {"uv": [3, 1.25, 2, 3.25], "texture": "#2"},
				"west": {"uv": [4, 2.25, 4, 4.25], "texture": "#2"},
				"up": {"uv": [3, 1.25, 4, 1.25], "texture": "#2"},
				"down": {"uv": [4, 1.25, 5, 1.25], "texture": "#2"}
			}
		},
		{
			"from": [7.9875, 8.4875, 2.875],
			"to": [8.0125, 8.625, 3.125],
			"rotation": {"angle": 0, "axis": "y", "origin": [6.125, 6, 6]},
			"faces": {
				"north": {"uv": [5, 4.25, 5.2, 7], "texture": "#2"},
				"east": {"uv": [8, 8.25, 9, 11], "texture": "#2"},
				"south": {"uv": [2.2, 4.25, 2, 7], "texture": "#2"},
				"west": {"uv": [4, 8.25, 5, 11], "texture": "#2"},
				"up": {"uv": [3, 4.25, 3.2, 5.25], "texture": "#2"},
				"down": {"uv": [4, 4.25, 4.2, 5.25], "texture": "#2"}
			}
		},
		{
			"from": [7.875, 8.25, 2.875],
			"to": [8.125, 8.5, 3.125],
			"rotation": {"angle": 0, "axis": "y", "origin": [6.125, 6, 6]},
			"faces": {
				"north": {"uv": [5, 1.25, 6, 2.25], "texture": "#2"},
				"east": {"uv": [8, 2.25, 9, 3.25], "texture": "#2"},
				"south": {"uv": [3, 1.25, 2, 2.25], "texture": "#2"},
				"west": {"uv": [4, 2.25, 5, 3.25], "texture": "#2"},
				"up": {"uv": [3, 1.25, 4, 2.25], "texture": "#2"},
				"down": {"uv": [4, 1.25, 5, 2.25], "texture": "#2"}
			}
		},
		{
			"from": [8.1125, 8.4875, 2.875],
			"to": [8.1625, 8.7, 3.125],
			"rotation": {"angle": 0, "axis": "y", "origin": [6.125, 6, 6]},
			"faces": {
				"north": {"uv": [5, 4.25, 5.2, 4.85], "texture": "#2"},
				"east": {"uv": [8, 8.25, 9, 8.85], "texture": "#2"},
				"south": {"uv": [2.2, 4.25, 2, 4.85], "texture": "#2"},
				"west": {"uv": [4, 8.25, 5, 8.85], "texture": "#2"},
				"up": {"uv": [3, 4.25, 3.2, 5.25], "texture": "#2"},
				"down": {"uv": [4, 4.25, 4.2, 5.25], "texture": "#2"}
			}
		},
		{
			"from": [7.8375, 8.4875, 2.875],
			"to": [7.8875, 8.7, 3.125],
			"rotation": {"angle": 0, "axis": "y", "origin": [6.125, 6, 6]},
			"faces": {
				"north": {"uv": [5, 4.25, 5.2, 4.85], "texture": "#2"},
				"east": {"uv": [8, 8.25, 9, 8.85], "texture": "#2"},
				"south": {"uv": [2.2, 4.25, 2, 4.85], "texture": "#2"},
				"west": {"uv": [4, 8.25, 5, 8.85], "texture": "#2"},
				"up": {"uv": [3, 4.25, 3.2, 5.25], "texture": "#2"},
				"down": {"uv": [4, 4.25, 4.2, 5.25], "texture": "#2"}
			}
		},
		{
			"from": [7.875, 8.25, 2.875],
			"to": [8.125, 8.75, 3.125],
			"rotation": {"angle": 0, "axis": "y", "origin": [6.125, 6, 6]},
			"faces": {
				"north": {"uv": [5, 1.25, 6, 3.25], "texture": "#2"},
				"east": {"uv": [8, 2.25, 9, 4.25], "texture": "#2"},
				"south": {"uv": [3, 1.25, 2, 3.25], "texture": "#2"},
				"west": {"uv": [4, 2.25, 5, 4.25], "texture": "#2"},
				"up": {"uv": [3, 1.25, 4, 2.25], "texture": "#2"},
				"down": {"uv": [4, 1.25, 5, 2.25], "texture": "#2"}
			}
		},
		{
			"from": [7.875, 7.39847, 7.58815],
			"to": [8.125, 8.64847, 8.33815],
			"rotation": {"angle": 22.5, "axis": "x", "origin": [6.125, 5.77347, 6.71315]},
			"faces": {
				"north": {"uv": [3, 10, 4, 15], "rotation": 180, "texture": "#2"},
				"east": {"uv": [3, 10, 8, 13], "rotation": 90, "texture": "#2"},
				"south": {"uv": [3, 10, 4, 15], "texture": "#2"},
				"west": {"uv": [3, 10, 8, 13], "rotation": 270, "texture": "#2"},
				"up": {"uv": [3, 10, 4, 13], "texture": "#2"},
				"down": {"uv": [3, 10, 4, 13], "rotation": 180, "texture": "#2"}
			}
		},
		{
			"from": [7.8775, 4.14403, 7.27933],
			"to": [8.1275, 4.89403, 8.52933],
			"rotation": {"angle": -45, "axis": "x", "origin": [6.125, 5.76903, 5.65433]},
			"faces": {
				"north": {"uv": [3, 10, 4, 13], "texture": "#2"},
				"east": {"uv": [3, 10, 8, 13], "texture": "#2"},
				"south": {"uv": [3, 10, 4, 13], "texture": "#2"},
				"west": {"uv": [3, 10, 8, 13], "texture": "#2"},
				"up": {"uv": [3, 10, 4, 15], "texture": "#2"},
				"down": {"uv": [3, 10, 4, 15], "texture": "#2"}
			}
		},
		{
			"from": [7.875, 6.94847, 9.15065],
			"to": [8.125, 7.44847, 9.40065],
			"shade": false,
			"rotation": {"angle": 0, "axis": "y", "origin": [6.125, 5.77347, 6.58815]},
			"faces": {
				"north": {"uv": [5, 7, 6, 9], "rotation": 180, "texture": "#2"},
				"east": {"uv": [6, 7, 8, 8], "rotation": 90, "texture": "#2"},
				"south": {"uv": [5, 7, 6, 9], "texture": "#2"},
				"west": {"uv": [6, 7, 8, 8], "rotation": 270, "texture": "#2"},
				"up": {"uv": [7, 5, 8, 6], "texture": "#2"},
				"down": {"uv": [4, 10, 5, 11], "rotation": 180, "texture": "#2"}
			}
		},
		{
			"from": [7.875, 6.94847, 9.40065],
			"to": [8.125, 6.94847, 9.90065],
			"shade": false,
			"rotation": {"angle": 0, "axis": "y", "origin": [6.125, 5.77347, 6.58815]},
			"faces": {
				"north": {"uv": [0, 0, 1, 0], "rotation": 180, "texture": "#2"},
				"east": {"uv": [0, 0, 0, 2], "rotation": 90, "texture": "#2"},
				"south": {"uv": [0, 0, 1, 0], "texture": "#2"},
				"west": {"uv": [0, 0, 0, 2], "rotation": 270, "texture": "#2"},
				"up": {"uv": [0, 0, 1, 2], "texture": "#2"},
				"down": {"uv": [0, 0, 1, 2], "rotation": 180, "texture": "#2"}
			}
		},
		{
			"from": [7.875, 4.82347, 10.08815],
			"to": [8.125, 6.07347, 10.58815],
			"shade": false,
			"rotation": {"angle": -22.5, "axis": "x", "origin": [6.125, 5.77347, 6.58815]},
			"faces": {
				"north": {"uv": [0, 0, 1, 5], "rotation": 180, "texture": "#1"},
				"east": {"uv": [0, 0, 5, 2], "rotation": 90, "texture": "#1"},
				"south": {"uv": [0, 0, 1, 5], "texture": "#1"},
				"west": {"uv": [0, 0, 5, 2], "rotation": 270, "texture": "#1"},
				"up": {"uv": [0, 0, 1, 2], "texture": "#1"},
				"down": {"uv": [0, 0, 1, 2], "rotation": 180, "texture": "#1"}
			}
		},
		{
			"from": [7.875, 4.82347, 9.96315],
			"to": [8.125, 5.07347, 10.21315],
			"shade": false,
			"rotation": {"angle": -22.5, "axis": "x", "origin": [6.125, 5.77347, 6.58815]},
			"faces": {
				"north": {"uv": [0, 0, 1, 1], "rotation": 180, "texture": "#1"},
				"east": {"uv": [0, 0, 1, 1], "rotation": 90, "texture": "#1"},
				"south": {"uv": [0, 0, 1, 1], "texture": "#1"},
				"west": {"uv": [0, 0, 1, 1], "rotation": 270, "texture": "#1"},
				"up": {"uv": [0, 0, 1, 1], "texture": "#1"},
				"down": {"uv": [0, 0, 1, 1], "rotation": 180, "texture": "#1"}
			}
		}
	],
	"gui_light": "front",
	"display": {
		"thirdperson_righthand": {
			"translation": [0, 1.5, -2.5],
			"scale": [2, 2, 2]
		},
		"thirdperson_lefthand": {
			"translation": [-0.5, 1.5, -2.5],
			"scale": [2, 2, 2]
		},
		"firstperson_righthand": {
			"rotation": [0, 3, 0],
			"translation": [-3, 14, -4.25],
			"scale": [4, 4, 4]
		},
		"firstperson_lefthand": {
			"rotation": [0, 3, 0],
			"translation": [-3, 14, -4.25],
			"scale": [4, 4, 4]
		},
		"ground": {
			"rotation": [0, 0, 90],
			"scale": [2, 2, 2]
		},
		"gui": {
			"rotation": [90, 45, -90],
			"scale": [2, 2, 2]
		},
		"fixed": {
			"rotation": [0, -90, 0],
			"scale": [4, 4, 4]
		}
	},
	"groups": [
		{
			"name": "group",
			"origin": [8, 8, 8],
			"color": 0,
			"nbt": "{}",
			"children": [
				{
					"name": "body",
					"origin": [0.5, 0, 0],
					"color": 0,
					"nbt": "{}",
					"children": [0, 1, 2, 3, 4, 5]
				},
				{
					"name": "sight",
					"origin": [8, 8, 8],
					"color": 0,
					"nbt": "{}",
					"children": [
						{
							"name": "default",
							"origin": [8, 8, 8],
							"color": 0,
							"nbt": "{}",
							"children": [
								{
									"name": "@[animation=aim]",
									"origin": [8, 8.3375, 7.5],
									"color": 0,
									"nbt": "{}",
									"children": [
										{
											"name": "front",
											"origin": [8, 8.3375, 7.5],
											"color": 0,
											"nbt": "{}",
											"children": [6, 7, 8, 9, 10, 11, 12, 13, 14, 15, 16, 17, 18, 19]
										}
									]
								},
								{
									"name": "@[animation=!aim]",
									"origin": [8, 8, 8],
									"color": 0,
									"nbt": "{}",
									"children": [20]
								}
							]
						}
					]
				},
				{
					"name": "stock",
					"origin": [8, 8, 8],
					"color": 0,
					"nbt": "{}",
					"children": [
						{
							"name": "wire_stock",
							"origin": [8, 8, 8],
							"color": 0,
							"nbt": "{}",
							"children": [21, 22, 23, 24, 25]
						}
					]
				},
				{
					"name": "barrel",
					"origin": [8, 8, 8],
					"color": 0,
					"nbt": "{}",
					"children": [
						{
							"name": "default",
							"origin": [8, 8, 8],
							"color": 0,
							"nbt": "{}",
							"children": [
								{
									"name": "temp",
									"origin": [8, 8.01893, 3.22044],
									"color": 0,
									"nbt": "{}",
									"children": [26, 27, 28, 29, 30, 31, 32, 33, 34, 35, 36, 37, 38]
								},
								{
									"name": "@[animation=aim]",
									"origin": [6.125, 6, 6],
									"color": 0,
									"nbt": "{}",
									"children": [39, 40, 41, 42]
								},
								{
									"name": "@[animation=!aim]",
									"origin": [8, 8, 8],
									"color": 0,
									"nbt": "{}",
									"children": [43]
								}
							]
						}
					]
				},
				{
					"name": "magazine",
					"origin": [8, 8, 8],
					"color": 0,
					"nbt": "{}",
					"children": [
						{
							"name": "30rd",
							"origin": [8, 8, 8],
							"color": 0,
							"nbt": "{}",
							"children": [44, 45]
						}
					]
				},
				{
					"name": "grip",
					"origin": [8, 8, 8],
					"color": 0,
					"nbt": "{}",
					"children": [
						{
							"name": "wooden_grip",
							"origin": [8, 8, 8],
							"color": 0,
							"nbt": "{}",
							"shade": false,
							"children": [46, 47, 48, 49]
						}
					]
				},
				{
					"name": "underbarrel",
					"origin": [8, 8, 8],
					"color": 0,
					"nbt": "{}",
					"children": []
				}
			]
		}
	]
}