{
	"credit": "Made with Blockbench",
	"textures": {
		"0": "item/gun/gray_plastic",
		"1": "item/gun/reddish_wood",
		"particle": "item/gun/gray_plastic"
	},
	"elements": [
		{
			"from": [7, 5, 2],
			"to": [9, 8, 12],
			"rotation": {"angle": 0, "axis": "y", "origin": [8, 5.77164, 10.35195]},
			"faces": {
				"north": {"uv": [0, 2, 2, 5], "texture": "#0"},
				"east": {"uv": [0, 2, 10, 5], "texture": "#0"},
				"south": {"uv": [0, 2, 2, 5], "texture": "#0"},
				"west": {"uv": [0, 2, 10, 5], "texture": "#0"},
				"up": {"uv": [0, 0, 10, 2], "rotation": 90, "texture": "#0"},
				"down": {"uv": [0, 0, 2, 10], "texture": "#0"}
			}
		},
		{
			"from": [7.5, 3.75, 6.5],
			"to": [8.5, 5.75, 7.5],
			"rotation": {"angle": 0, "axis": "y", "origin": [8, 5.77164, 10.35195]},
			"faces": {
				"north": {"uv": [7, 9, 8, 10], "texture": "#0"},
				"east": {"uv": [7, 9, 8, 10], "texture": "#0"},
				"south": {"uv": [7, 9, 8, 10], "texture": "#0"},
				"west": {"uv": [7, 9, 8, 10], "texture": "#0"},
				"up": {"uv": [7, 9, 8, 10], "texture": "#0"},
				"down": {"uv": [7, 9, 8, 10], "texture": "#0"}
			}
		},
		{
			"from": [7.5, 3.75, 9.5],
			"to": [8.5, 5.75, 10.5],
			"rotation": {"angle": 0, "axis": "y", "origin": [8, 5.77164, 10.35195]},
			"faces": {
				"north": {"uv": [7, 9, 8, 10], "texture": "#0"},
				"east": {"uv": [7, 9, 8, 10], "texture": "#0"},
				"south": {"uv": [7, 9, 8, 10], "texture": "#0"},
				"west": {"uv": [7, 9, 8, 10], "texture": "#0"},
				"up": {"uv": [7, 9, 8, 10], "texture": "#0"},
				"down": {"uv": [7, 9, 8, 10], "texture": "#0"}
			}
		},
		{
			"from": [7.5, 3.75, 6.5],
			"to": [8.5, 3.75, 10.5],
			"rotation": {"angle": 0, "axis": "y", "origin": [8, 5.77164, 10.35195]},
			"faces": {
				"north": {"uv": [7, 9, 8, 10], "texture": "#0"},
				"east": {"uv": [7, 9, 8, 10], "texture": "#0"},
				"south": {"uv": [7, 9, 8, 10], "texture": "#0"},
				"west": {"uv": [7, 9, 8, 10], "texture": "#0"},
				"up": {"uv": [7, 9, 8, 10], "texture": "#0"},
				"down": {"uv": [7, 9, 8, 10], "texture": "#0"}
			}
		},
		{
			"from": [7.01, 5.11522, 11.42074],
			"to": [9.01, 7.11522, 14.42074],
			"rotation": {"angle": 22.5, "axis": "x", "origin": [8, 6.11522, 11.92074]},
			"faces": {
				"north": {"uv": [8, 3, 10, 5], "rotation": 270, "texture": "#1"},
				"east": {"uv": [11, 6, 13, 9], "rotation": 90, "texture": "#1"},
				"south": {"uv": [8, 3, 10, 5], "rotation": 90, "texture": "#1"},
				"west": {"uv": [5, 4, 7, 7], "rotation": 90, "texture": "#1"},
				"up": {"uv": [13, 0, 16, 2], "rotation": 90, "texture": "#1"},
				"down": {"uv": [11, 11, 14, 13], "rotation": 90, "texture": "#1"}
			}
		},
		{
			"from": [7, 2.31702, 12.76536],
			"to": [9, 5.31702, 15.76536],
			"rotation": {"angle": -22.5, "axis": "x", "origin": [8.01, 5.31702, 12.76536]},
			"faces": {
				"north": {"uv": [7, 2, 10, 4], "rotation": 270, "texture": "#1"},
				"east": {"uv": [3, 5, 6, 8], "texture": "#1"},
				"south": {"uv": [11, 2, 13, 4], "rotation": 90, "texture": "#1"},
				"west": {"uv": [12, 5, 15, 8], "rotation": 180, "texture": "#1"},
				"up": {"uv": [13, 0, 16, 2], "rotation": 90, "texture": "#1"},
				"down": {"uv": [9, 9, 11, 11], "rotation": 90, "texture": "#1"}
			}
		},
		{
			"from": [7.01, 3.46507, 15.537],
			"to": [9.01, 6.46507, 28.537],
			"rotation": {"angle": 0, "axis": "y", "origin": [8.01, 4.96507, 17.037]},
			"faces": {
				"north": {"uv": [8, 3, 9, 5], "rotation": 270, "texture": "#1"},
				"east": {"uv": [3, 3, 16, 6], "texture": "#1"},
				"south": {"uv": [12, 13, 15, 15], "rotation": 90, "texture": "#1"},
				"west": {"uv": [3, 6, 16, 9], "rotation": 180, "texture": "#1"},
				"up": {"uv": [0, 0, 13, 2], "rotation": 90, "texture": "#1"},
				"down": {"uv": [8, 5, 10, 7], "rotation": 90, "texture": "#1"}
			}
		},
		{
			"from": [6.99, 1.96507, 23.287],
			"to": [8.99, 3.96507, 27.287],
			"rotation": {"angle": 0, "axis": "y", "origin": [8.01, 4.96507, 17.037]},
			"faces": {
				"north": {"uv": [8, 3, 9, 5], "rotation": 270, "texture": "#1"},
				"east": {"uv": [8, 3, 10, 4], "texture": "#1"},
				"south": {"uv": [8, 3, 9, 5], "rotation": 90, "texture": "#1"},
				"west": {"uv": [8, 3, 10, 4], "rotation": 180, "texture": "#1"},
				"up": {"uv": [8, 3, 10, 5], "rotation": 90, "texture": "#1"},
				"down": {"uv": [8, 3, 10, 5], "rotation": 90, "texture": "#1"}
			}
		},
		{
			"from": [7.03, -0.36176, 24.7758],
			"to": [9.03, 3.63824, 25.7758],
			"rotation": {"angle": 0, "axis": "y", "origin": [8.01, 6.13824, 15.2758]},
			"faces": {
				"north": {"uv": [8, 3, 12, 5], "rotation": 270, "texture": "#1"},
				"east": {"uv": [14, 2, 15, 6], "texture": "#1"},
				"south": {"uv": [8, 3, 12, 5], "rotation": 90, "texture": "#1"},
				"west": {"uv": [4, 7, 5, 11], "rotation": 180, "texture": "#1"},
				"up": {"uv": [8, 3, 10, 5], "rotation": 90, "texture": "#1"},
				"down": {"uv": [13, 7, 14, 9], "rotation": 90, "texture": "#1"}
			}
		},
		{
			"from": [6.98, -0.3718, 25.547],
			"to": [8.98, 3.6282, 28.547],
			"rotation": {"angle": 0, "axis": "y", "origin": [8.01, 5.55725, 16.037]},
			"faces": {
				"north": {"uv": [8, 3, 9, 5], "rotation": 270, "texture": "#1"},
				"east": {"uv": [1, 4, 4, 8], "texture": "#1"},
				"south": {"uv": [7, 7, 11, 9], "rotation": 90, "texture": "#1"},
				"west": {"uv": [13, 5, 16, 9], "rotation": 180, "texture": "#1"},
				"up": {"uv": [8, 3, 10, 5], "rotation": 90, "texture": "#1"},
				"down": {"uv": [9, 5, 12, 7], "rotation": 90, "texture": "#1"}
			}
		},
		{
			"from": [7.02, 2.77687, 15.99685],
			"to": [9.02, 5.77687, 25.99685],
			"rotation": {"angle": 22.5, "axis": "x", "origin": [8.01, 4.27687, 17.49685]},
			"faces": {
				"north": {"uv": [5, 5, 11, 7], "rotation": 270, "texture": "#1"},
				"east": {"uv": [6, 13, 16, 16], "texture": "#1"},
				"south": {"uv": [1, 12, 11, 15], "rotation": 90, "texture": "#1"},
				"west": {"uv": [4, 10, 14, 13], "rotation": 180, "texture": "#1"},
				"up": {"uv": [4, 6, 14, 8], "rotation": 90, "texture": "#1"},
				"down": {"uv": [4, 8, 14, 10], "rotation": 90, "texture": "#1"}
			}
		},
		{
			"from": [7.14, 4.9, -6],
			"to": [8.14, 5.9, 0],
			"rotation": {"angle": 0, "axis": "y", "origin": [8, 5.77164, 10.35195]},
			"faces": {
				"north": {"uv": [0, 0, 1, 1], "texture": "#1"},
				"east": {"uv": [11, 7, 16, 8], "texture": "#1"},
				"south": {"uv": [0, 0, 1, 1], "texture": "#1"},
				"west": {"uv": [0, 5, 5, 6], "texture": "#1"},
				"up": {"uv": [0, 0, 11, 1], "rotation": 90, "texture": "#1"},
				"down": {"uv": [5, 2, 10, 3], "rotation": 90, "texture": "#1"}
			}
		},
		{
			"from": [7.25, 6.5, -16],
			"to": [8.25, 7.5, 2],
			"rotation": {"angle": 0, "axis": "y", "origin": [8, 5.77164, 10.35195]},
			"faces": {
				"north": {"uv": [0, 0, 1, 1], "texture": "#0"},
				"east": {"uv": [0, 0, 13, 1], "texture": "#0"},
				"south": {"uv": [0, 0, 1, 1], "texture": "#0"},
				"west": {"uv": [0, 0, 13, 1], "texture": "#0"},
				"up": {"uv": [0, 0, 13, 1], "rotation": 90, "texture": "#0"},
				"down": {"uv": [0, 0, 1, 13], "texture": "#0"}
			}
		},
		{
			"from": [7.75, 6.5, -16],
			"to": [8.75, 7.5, 2],
			"rotation": {"angle": 0, "axis": "y", "origin": [8, 5.77164, 10.35195]},
			"faces": {
				"north": {"uv": [0, 0, 1, 1], "texture": "#0"},
				"east": {"uv": [0, 0, 13, 1], "texture": "#0"},
				"south": {"uv": [0, 0, 1, 1], "texture": "#0"},
				"west": {"uv": [0, 0, 13, 1], "texture": "#0"},
				"up": {"uv": [0, 0, 13, 1], "rotation": 90, "texture": "#0"},
				"down": {"uv": [0, 0, 1, 13], "texture": "#0"}
			}
		},
		{
			"from": [7.75, 7, -16],
			"to": [8.75, 8, 2],
			"rotation": {"angle": 0, "axis": "y", "origin": [8, 5.77164, 10.35195]},
			"faces": {
				"north": {"uv": [0, 0, 1, 1], "texture": "#0"},
				"east": {"uv": [0, 0, 13, 1], "texture": "#0"},
				"south": {"uv": [0, 0, 1, 1], "texture": "#0"},
				"west": {"uv": [0, 0, 13, 1], "texture": "#0"},
				"up": {"uv": [0, 0, 13, 1], "rotation": 90, "texture": "#0"},
				"down": {"uv": [0, 0, 1, 13], "texture": "#0"}
			}
		},
		{
			"from": [7.25, 7, -16],
			"to": [8.25, 8, 2],
			"rotation": {"angle": 0, "axis": "y", "origin": [8, 5.77164, 10.35195]},
			"faces": {
				"north": {"uv": [0, 0, 1, 1], "texture": "#0"},
				"east": {"uv": [0, 0, 13, 1], "texture": "#0"},
				"south": {"uv": [0, 0, 1, 1], "texture": "#0"},
				"west": {"uv": [0, 0, 13, 1], "texture": "#0"},
				"up": {"uv": [0, 0, 13, 1], "rotation": 90, "texture": "#0"},
				"down": {"uv": [0, 0, 1, 13], "texture": "#0"}
			}
		},
		{
			"from": [7.9, 7.5, -12],
			"to": [8.1, 8.5, -11],
			"rotation": {"angle": 0, "axis": "y", "origin": [8, 8, -11.5]},
			"faces": {
				"north": {"uv": [0, 0, 1, 1], "texture": "#0"},
				"east": {"uv": [0, 0, 1, 1], "texture": "#0"},
				"south": {"uv": [0, 0, 1, 1], "texture": "#0"},
				"west": {"uv": [0, 0, 1, 1], "texture": "#0"},
				"up": {"uv": [0, 0, 1, 1], "rotation": 90, "texture": "#0"},
				"down": {"uv": [0, 0, 1, 1], "texture": "#0"}
			}
		},
		{
			"from": [7.4, 5.35, -7],
			"to": [8.4, 6.35, 2],
			"rotation": {"angle": 0, "axis": "y", "origin": [8, 5.77164, 10.35195]},
			"faces": {
				"north": {"uv": [0, 0, 1, 1], "texture": "#0"},
				"east": {"uv": [0, 0, 11, 1], "texture": "#0"},
				"south": {"uv": [0, 0, 1, 1], "texture": "#0"},
				"west": {"uv": [0, 0, 11, 1], "texture": "#0"},
				"up": {"uv": [0, 0, 11, 1], "rotation": 90, "texture": "#0"},
				"down": {"uv": [0, 0, 1, 11], "texture": "#0"}
			}
		},
		{
			"from": [7.6, 5.35, -7],
			"to": [8.6, 6.35, 2],
			"rotation": {"angle": 0, "axis": "y", "origin": [8, 5.77164, 10.35195]},
			"faces": {
				"north": {"uv": [0, 0, 1, 1], "texture": "#0"},
				"east": {"uv": [0, 0, 11, 1], "texture": "#0"},
				"south": {"uv": [0, 0, 1, 1], "texture": "#0"},
				"west": {"uv": [0, 0, 11, 1], "texture": "#0"},
				"up": {"uv": [0, 0, 11, 1], "rotation": 90, "texture": "#0"},
				"down": {"uv": [0, 0, 1, 11], "texture": "#0"}
			}
		},
		{
			"from": [7.6, 5.15, -7],
			"to": [8.6, 6.15, 2],
			"rotation": {"angle": 0, "axis": "y", "origin": [8, 5.77164, 10.35195]},
			"faces": {
				"north": {"uv": [0, 0, 1, 1], "texture": "#0"},
				"east": {"uv": [0, 0, 11, 1], "texture": "#0"},
				"south": {"uv": [0, 0, 1, 1], "texture": "#0"},
				"west": {"uv": [0, 0, 11, 1], "texture": "#0"},
				"up": {"uv": [0, 0, 11, 1], "rotation": 90, "texture": "#0"},
				"down": {"uv": [0, 0, 1, 11], "texture": "#0"}
			}
		},
		{
			"from": [7.4, 5.15, -7],
			"to": [8.4, 6.15, 2],
			"rotation": {"angle": 0, "axis": "y", "origin": [8, 5.77164, 10.35195]},
			"faces": {
				"north": {"uv": [0, 0, 1, 1], "texture": "#0"},
				"east": {"uv": [0, 0, 11, 1], "texture": "#0"},
				"south": {"uv": [0, 0, 1, 1], "texture": "#0"},
				"west": {"uv": [0, 0, 11, 1], "texture": "#0"},
				"up": {"uv": [0, 0, 11, 1], "rotation": 90, "texture": "#0"},
				"down": {"uv": [0, 0, 1, 11], "texture": "#0"}
			}
		},
		{
			"from": [7.15, 5.5, -6.01],
			"to": [8.15, 6.5, -0.01],
			"rotation": {"angle": 0, "axis": "y", "origin": [8, 5.77164, 10.35195]},
			"faces": {
				"north": {"uv": [0, 0, 1, 1], "texture": "#1"},
				"east": {"uv": [9, 10, 14, 11], "texture": "#1"},
				"south": {"uv": [0, 0, 1, 1], "texture": "#1"},
				"west": {"uv": [9, 4, 14, 5], "texture": "#1"},
				"up": {"uv": [0, 0, 6, 1], "rotation": 90, "texture": "#1"},
				"down": {"uv": [0, 0, 1, 11], "texture": "#1"}
			}
		},
		{
			"from": [7.86, 5.5, -6],
			"to": [8.86, 6.5, 0],
			"rotation": {"angle": 0, "axis": "y", "origin": [8, 5.77164, 10.35195]},
			"faces": {
				"north": {"uv": [0, 0, 1, 1], "texture": "#1"},
				"east": {"uv": [7, 6, 12, 7], "texture": "#1"},
				"south": {"uv": [0, 0, 1, 1], "texture": "#1"},
				"west": {"uv": [1, 9, 6, 10], "texture": "#1"},
				"up": {"uv": [0, 0, 6, 1], "rotation": 90, "texture": "#1"},
				"down": {"uv": [0, 0, 1, 11], "texture": "#1"}
			}
		},
		{
			"from": [7.85, 4.91, -6.01],
			"to": [8.85, 5.91, -0.01],
			"rotation": {"angle": 0, "axis": "y", "origin": [8, 5.77164, 10.35195]},
			"faces": {
				"north": {"uv": [0, 0, 1, 1], "texture": "#1"},
				"east": {"uv": [10, 5, 15, 6], "texture": "#1"},
				"south": {"uv": [0, 0, 1, 1], "texture": "#1"},
				"west": {"uv": [7, 10, 12, 11], "texture": "#1"},
				"up": {"uv": [0, 0, 11, 1], "rotation": 90, "texture": "#1"},
				"down": {"uv": [2, 8, 7, 9], "rotation": 90, "texture": "#1"}
			}
		}
	],
	"gui_light": "front",
	"display": {
		"thirdperson_righthand": {
			"translation": [0, 2, 0],
			"scale": [0.5, 0.5, 0.5]
		},
		"thirdperson_lefthand": {
			"translation": [0, 2, 0],
			"scale": [0.5, 0.5, 0.5]
		},
		"firstperson_righthand": {
			"rotation": [0, -10, 0],
			"translation": [1.75, 15.75, -1.75]
		},
		"firstperson_lefthand": {
			"rotation": [0, -10, 0],
			"translation": [1.5, 15.75, -1.75]
		},
		"ground": {
			"rotation": [0, 0, 90],
			"scale": [0.5, 0.5, 0.5]
		},
		"gui": {
			"rotation": [90, 45, -90],
			"scale": [0.5, 0.5, 0.5]
		}
	},
	"groups": [
		{
			"name": "body",
			"origin": [8, 5.77164, 10.35195],
			"color": 0,
			"nbt": "{}",
			"children": [0, 1, 2, 3]
		},
		{
			"name": "sight@attach",
			"origin": [8, 8, 8],
			"color": 0,
			"nbt": "{}",
			"children": [
				{
					"name": "default@name",
					"origin": [8, 8, 8],
					"color": 0,
					"nbt": "{}",
					"children": []
				}
			]
		},
		{
			"name": "stock@attach",
			"origin": [8.01, 4.27687, 17.49685],
			"color": 0,
			"nbt": "{}",
			"children": [
				{
					"name": "default@name",
					"origin": [8.01, 4.27687, 17.49685],
					"color": 0,
					"nbt": "{}",
					"children": [4, 5, 6, 7, 8, 9, 10]
				}
			]
		},
		{
			"name": "barrel@attach",
			"origin": [8, 5.77164, 10.35195],
			"color": 0,
			"nbt": "{}",
			"children": [
				{
					"name": "default@name",
					"origin": [8, 5.77164, 10.35195],
					"color": 0,
					"nbt": "{}",
					"children": [11, 12, 13, 14, 15, 16, 17, 18, 19, 20, 21, 22, 23]
				}
			]
		},
		{
			"name": "underbarrel@attach",
			"origin": [8, 8, 8],
			"color": 0,
			"nbt": "{}",
			"children": [
				{
					"name": "default@name",
					"origin": [8, 8, 8],
					"color": 0,
					"nbt": "{}",
					"children": []
				}
			]
		},
		{
			"name": "magazine@attach",
			"origin": [8, 8, 8],
			"color": 0,
			"nbt": "{}",
			"children": [
				{
					"name": "default@name",
					"origin": [8, 8, 8],
					"color": 0,
					"nbt": "{}",
					"children": []
				}
			]
		},
		{
			"name": "grip@attach",
			"origin": [8, 8, 8],
			"color": 0,
			"nbt": "{}",
			"children": [
				{
					"name": "default@name",
					"origin": [8, 8, 8],
					"color": 0,
					"nbt": "{}",
					"children": []
				}
			]
		}
	]
}