{
    "hip": {
        "gui_light": "front",
        "display": {
            "thirdperson_righthand": {
                "translation": [
                    0,
                    1.5,
                    -2.5
                ],
                "scale": [
                    0.5,
                    0.5,
                    0.5
                ]
            },
            "thirdperson_lefthand": {
                "translation": [
                    -0.5,
                    1.5,
                    -2.5
                ],
                "scale": [
                    0.5,
                    0.5,
                    0.5
                ]
            },
            "firstperson_righthand": {
                "rotation": [
                    0,
                    3,
                    0
                ],
                "translation": [
                    -3,
                    14,
                    -4.25
                ]
            },
            "firstperson_lefthand": {
                "rotation": [
                    0,
                    3,
                    0
                ],
                "translation": [
                    -3,
                    14,
                    -4.25
                ]
            },
            "ground": {
                "rotation": [
                    0,
                    0,
                    90
                ],
                "scale": [
                    0.5,
                    0.5,
                    0.5
                ]
            },
            "gui": {
                "rotation": [
                    90,
                    45,
                    -90
                ],
                "scale": [
                    0.5,
                    0.5,
                    0.5
                ]
            },
            "fixed": {
                "rotation": [
                    0,
                    -90,
                    0
                ]
            }
        }
    },
    "peep": {
        "default": {
            "gui_light": "front",
            "display": {
                "thirdperson_righthand": {
                    "translation": [
                        0,
                        1.5,
                        -2.5
                    ],
                    "scale": [
                        0.5,
                        0.5,
                        0.5
                    ]
                },
                "thirdperson_lefthand": {
                    "translation": [
                        -0.5,
                        1.5,
                        -2.5
                    ],
                    "scale": [
                        0.5,
                        0.5,
                        0.5
                    ]
                },
                "firstperson_righthand": {
                    "rotation": [
                        1,
                        0,
                        0.25
                    ],
                    "translation": [
                        -8.95,
                        17,
                        5.25
                    ]
                },
                "firstperson_lefthand": {
                    "rotation": [
                        1,
                        0,
                        0.25
                    ],
                    "translation": [
                        -8.94,
                        15,
                        5.25
                    ]
                },
                "ground": {
                    "rotation": [
                        0,
                        0,
                        90
                    ],
                    "scale": [
                        0.5,
                        0.5,
                        0.5
                    ]
                },
                "gui": {
                    "rotation": [
                        90,
                        45,
                        -90
                    ],
                    "scale": [
                        0.5,
                        0.5,
                        0.5
                    ]
                },
                "fixed": {
                    "rotation": [
                        0,
                        -90,
                        0
                    ]
                }
            }
        }
    },
    "run": {
        "gui_light": "front",
        "display": {
            "thirdperson_righthand": {
                "rotation": [
                    -27.42,
                    49.94,
                    25.79
                ],
                "translation": [
                    -3,
                    0.5,
                    0
                ],
                "scale": [
                    0.5,
                    0.5,
                    0.5
                ]
            },
            "thirdperson_lefthand": {
                "rotation": [
                    -27.42,
                    49.94,
                    25.79
                ],
                "translation": [
                    -3,
                    0.5,
                    -0.5
                ],
                "scale": [
                    0.5,
                    0.5,
                    0.5
                ]
            },
            "firstperson_righthand": {
                "rotation": [
                    -9.89,
                    60.16,
                    26.84
                ],
                "translation": [
                    -11.25,
                    1.5,
                    -0.25
                ]
            },
            "firstperson_lefthand": {
                "rotation": [
                    -9.89,
                    60.16,
                    26.84
                ],
                "translation": [
                    -11.25,
                    1.5,
                    -0.25
                ]
            },
            "ground": {
                "rotation": [
                    0,
                    0,
                    90
                ],
                "scale": [
                    0.5,
                    0.5,
                    0.5
                ]
            },
            "gui": {
                "rotation": [
                    90,
                    45,
                    -90
                ],
                "scale": [
                    0.5,
                    0.5,
                    0.5
                ]
            }
        }
    },
    "reload_1": {
        "gui_light": "front",
        "display": {
            "thirdperson_righthand": {
                "rotation": [
                    23,
                    57.57,
                    -40.65
                ],
                "translation": [
                    -2.5,
                    3.25,
                    -1.25
                ],
                "scale": [
                    0.5,
                    0.5,
                    0.5
                ]
            },
            "thirdperson_lefthand": {
                "rotation": [
                    23,
                    57.57,
                    -40.65
                ],
                "translation": [
                    -2.5,
                    3.25,
                    -1.25
                ],
                "scale": [
                    0.5,
                    0.5,
                    0.5
                ]
            },
            "firstperson_righthand": {
                "rotation": [
                    16.54,
                    60.66,
                    -79.25
                ],
                "translation": [
                    -10.5,
                    3.75,
                    -4.25
                ]
            },
            "firstperson_lefthand": {
                "rotation": [
                    16.54,
                    60.66,
                    -79.25
                ],
                "translation": [
                    -10.5,
                    3.75,
                    -4.25
                ]
            },
            "ground": {
                "rotation": [
                    0,
                    0,
                    90
                ],
                "scale": [
                    0.5,
                    0.5,
                    0.5
                ]
            },
            "gui": {
                "rotation": [
                    90,
                    45,
                    -90
                ],
                "scale": [
                    0.5,
                    0.5,
                    0.5
                ]
            }
        }
    },
    "reload_2": {
        "gui_light": "front",
        "display": {
            "thirdperson_righthand": {
                "rotation": [
                    23,
                    57.57,
                    -40.65
                ],
                "translation": [
                    -2.5,
                    3.25,
                    -1.25
                ],
                "scale": [
                    0.5,
                    0.5,
                    0.5
                ]
            },
            "thirdperson_lefthand": {
                "rotation": [
                    23,
                    57.57,
                    -40.65
                ],
                "translation": [
                    -2.5,
                    3.25,
                    -1.25
                ],
                "scale": [
                    0.5,
                    0.5,
                    0.5
                ]
            },
            "firstperson_righthand": {
                "rotation": [
                    16.54,
                    60.66,
                    -79.25
                ],
                "translation": [
                    -10.5,
                    3.75,
                    -4.25
                ]
            },
            "firstperson_lefthand": {
                "rotation": [
                    16.54,
                    60.66,
                    -79.25
                ],
                "translation": [
                    -10.5,
                    3.75,
                    -4.25
                ]
            },
            "ground": {
                "rotation": [
                    0,
                    0,
                    90
                ],
                "scale": [
                    0.5,
                    0.5,
                    0.5
                ]
            },
            "gui": {
                "rotation": [
                    90,
                    45,
                    -90
                ],
                "scale": [
                    0.5,
                    0.5,
                    0.5
                ]
            }
        }
    },
    "reload_3": {
        "gui_light": "front",
        "display": {
            "thirdperson_righthand": {
                "rotation": [
                    23,
                    57.57,
                    -40.65
                ],
                "translation": [
                    -2.5,
                    3.25,
                    -1.25
                ],
                "scale": [
                    0.5,
                    0.5,
                    0.5
                ]
            },
            "thirdperson_lefthand": {
                "rotation": [
                    23,
                    57.57,
                    -40.65
                ],
                "translation": [
                    -2.5,
                    3.25,
                    -1.25
                ],
                "scale": [
                    0.5,
                    0.5,
                    0.5
                ]
            },
            "firstperson_righthand": {
                "rotation": [
                    16.54,
                    60.66,
                    -79.25
                ],
                "translation": [
                    -10.5,
                    3.75,
                    -4.25
                ]
            },
            "firstperson_lefthand": {
                "rotation": [
                    16.54,
                    60.66,
                    -79.25
                ],
                "translation": [
                    -10.5,
                    3.75,
                    -4.25
                ]
            },
            "ground": {
                "rotation": [
                    0,
                    0,
                    90
                ],
                "scale": [
                    0.5,
                    0.5,
                    0.5
                ]
            },
            "gui": {
                "rotation": [
                    90,
                    45,
                    -90
                ],
                "scale": [
                    0.5,
                    0.5,
                    0.5
                ]
            }
        }
    },
    "reload_4": {
        "gui_light": "front",
        "display": {
            "thirdperson_righthand": {
                "rotation": [
                    23,
                    57.57,
                    -40.65
                ],
                "translation": [
                    -2.5,
                    3.25,
                    -1.25
                ],
                "scale": [
                    0.5,
                    0.5,
                    0.5
                ]
            },
            "thirdperson_lefthand": {
                "rotation": [
                    23,
                    57.57,
                    -40.65
                ],
                "translation": [
                    -2.5,
                    3.25,
                    -1.25
                ],
                "scale": [
                    0.5,
                    0.5,
                    0.5
                ]
            },
            "firstperson_righthand": {
                "rotation": [
                    -8,
                    14,
                    23
                ],
                "translation": [
                    -6.75,
                    3.75,
                    0
                ]
            },
            "firstperson_lefthand": {
                "rotation": [
                    13,
                    31.46,
                    57.74
                ],
                "translation": [
                    -9,
                    3.75,
                    0
                ]
            },
            "ground": {
                "rotation": [
                    0,
                    0,
                    90
                ],
                "scale": [
                    0.5,
                    0.5,
                    0.5
                ]
            },
            "gui": {
                "rotation": [
                    90,
                    45,
                    -90
                ],
                "scale": [
                    0.5,
                    0.5,
                    0.5
                ]
            }
        }
    },
    "reload_5": {
        "gui_light": "front",
        "display": {
            "thirdperson_righthand": {
                "rotation": [
                    23,
                    57.57,
                    -40.65
                ],
                "translation": [
                    -2.5,
                    3.25,
                    -1.25
                ],
                "scale": [
                    0.5,
                    0.5,
                    0.5
                ]
            },
            "thirdperson_lefthand": {
                "rotation": [
                    23,
                    57.57,
                    -40.65
                ],
                "translation": [
                    -2.5,
                    3.25,
                    -1.25
                ],
                "scale": [
                    0.5,
                    0.5,
                    0.5
                ]
            },
            "firstperson_righthand": {
                "rotation": [
                    -8,
                    14,
                    23
                ],
                "translation": [
                    -6.75,
                    3.75,
                    0
                ]
            },
            "firstperson_lefthand": {
                "rotation": [
                    13,
                    31.46,
                    57.74
                ],
                "translation": [
                    -9,
                    3.75,
                    0
                ]
            },
            "ground": {
                "rotation": [
                    0,
                    0,
                    90
                ],
                "scale": [
                    0.5,
                    0.5,
                    0.5
                ]
            },
            "gui": {
                "rotation": [
                    90,
                    45,
                    -90
                ],
                "scale": [
                    0.5,
                    0.5,
                    0.5
                ]
            }
        }
    }
}