{
    "parent": "item/generated",
    "textures": {
        "layer0": "item/crossbow_standby"
    },
    "replace":false,
    "display": {
        "thirdperson_righthand": {
            "rotation": [
                -90,
                0,
                -60
            ],
            "translation": [
                2,
                0.1,
                -3
            ],
            "scale": [
                0.9,
                0.9,
                0.9
            ]
        },
        "thirdperson_lefthand": {
            "rotation": [
                -90,
                0,
                30
            ],
            "translation": [
                2,
                0.1,
                -3
            ],
            "scale": [
                0.9,
                0.9,
                0.9
            ]
        },
        "firstperson_righthand": {
            "rotation": [
                -90,
                0,
                -55
            ],
            "translation": [
                1.13,
                3.2,
                1.13
            ],
            "scale": [
                0.68,
                0.68,
                0.68
            ]
        },
        "firstperson_lefthand": {
            "rotation": [
                -90,
                0,
                35
            ],
            "translation": [
                1.13,
                3.2,
                1.13
            ],
            "scale": [
                0.68,
                0.68,
                0.68
            ]
        }
    },
    "overrides": [
        {"predicate": {"custom_model_data": 1}, "model": "item/crossbow/none"},
        {"predicate": {"custom_model_data": 2},"model": "item/crossbow/gunsmith_table"},
        {"predicate": {"custom_model_data": 3},"model": "item/crossbow/smoke"},
        
        {"predicate": {"custom_model_data": 10}, "model": "item/crossbow/attachment/ammo"},
        {"predicate": {"custom_model_data": 11}, "model": "item/crossbow/attachment/barrel"},
        {"predicate": {"custom_model_data": 12}, "model": "item/crossbow/attachment/bolt"},
        {"predicate": {"custom_model_data": 13}, "model": "item/crossbow/attachment/comb"},
        {"predicate": {"custom_model_data": 14}, "model": "item/crossbow/attachment/grip"},
        {"predicate": {"custom_model_data": 15}, "model": "item/crossbow/attachment/guard"},
        {"predicate": {"custom_model_data": 16}, "model": "item/crossbow/attachment/laser"},
        {"predicate": {"custom_model_data": 17}, "model": "item/crossbow/attachment/magazine"},
        {"predicate": {"custom_model_data": 18}, "model": "item/crossbow/attachment/muzzle"},
        {"predicate": {"custom_model_data": 19}, "model": "item/crossbow/attachment/sight"},
        {"predicate": {"custom_model_data": 20}, "model": "item/crossbow/attachment/stock"},
        {"predicate": {"custom_model_data": 21}, "model": "item/crossbow/attachment/trigger"},
        {"predicate": {"custom_model_data": 22}, "model": "item/crossbow/attachment/underbarrel"}
    ]
}