{
	"credit": "Made with Blockbench",
	"textures": {
		"0": "item/gun/metal",
		"particle": "item/gun/metal"
	},
	"elements": [
		{
			"from": [7, -7, 6.75],
			"to": [9, 4, 9.75],
			"rotation": {"angle": -22.5, "axis": "x", "origin": [0, 0, 0]},
			"faces": {
				"north": {"uv": [3, 5, 14, 7], "rotation": 90, "texture": "#0"},
				"east": {"uv": [0, 5, 11, 8], "rotation": 90, "texture": "#0"},
				"south": {"uv": [3, 6, 14, 8], "rotation": 90, "texture": "#0"},
				"west": {"uv": [0, 8, 11, 11], "rotation": 90, "texture": "#0"},
				"up": {"uv": [10, 5, 12, 8], "texture": "#0"},
				"down": {"uv": [10, 13, 12, 16], "texture": "#0"}
			}
		}
	],
	"gui_light": "front",
	"display": {
		"thirdperson_righthand": {
			"translation": [0, 3.25, 0.5],
			"scale": [0.35, 0.35, 0.35]
		},
		"thirdperson_lefthand": {
			"translation": [0, 3.25, 0.5],
			"scale": [0.35, 0.35, 0.35]
		},
		"firstperson_righthand": {
			"translation": [-1.5, 7.25, 0],
			"scale": [0.7, 0.7, 0.7]
		},
		"firstperson_lefthand": {
			"translation": [-1.5, 7.25, 0],
			"scale": [0.7, 0.7, 0.7]
		},
		"ground": {
			"rotation": [0, 0, 90],
			"scale": [0.35, 0.35, 0.35]
		},
		"gui": {
			"rotation": [45, 45, -45],
			"translation": [3, 5, 0]
		}
	}
}