{
	"credit": "Made with Blockbench",
	"textures": {
		"0": "item/gun/metal",
		"particle": "item/gun/metal"
	},
	"elements": [
		{
			"from": [7.5, 2.50826, 5.06497],
			"to": [8.5, 7.50826, 9.06497],
			"rotation": {"angle": 22.5, "axis": "x", "origin": [0, -1.24174, -2.93503]},
			"faces": {
				"north": {"uv": [0, 0, 1, 5], "texture": "#0"},
				"east": {"uv": [0, 0, 4, 5], "texture": "#0"},
				"south": {"uv": [0, 0, 1, 5], "texture": "#0"},
				"west": {"uv": [0, 0, 4, 5], "texture": "#0"},
				"up": {"uv": [0, 0, 1, 4], "texture": "#0"},
				"down": {"uv": [0, 0, 1, 4], "texture": "#0"}
			}
		},
		{
			"from": [7.51, 2.25, 7.5],
			"to": [8.51, 5.25, 11.5],
			"rotation": {"angle": 0, "axis": "x", "origin": [0.5, -1.5, -4.15]},
			"faces": {
				"north": {"uv": [0, 0, 1, 3], "texture": "#0"},
				"east": {"uv": [0, 0, 4, 3], "texture": "#0"},
				"south": {"uv": [0, 0, 1, 3], "texture": "#0"},
				"west": {"uv": [0, 0, 4, 3], "texture": "#0"},
				"up": {"uv": [0, 0, 1, 4], "texture": "#0"},
				"down": {"uv": [0, 0, 1, 4], "texture": "#0"}
			}
		}
	],
	"gui_light": "front",
	"display": {
		"thirdperson_righthand": {
			"translation": [0, 4.75, 0.25],
			"scale": [0.5, 0.5, 0.5]
		},
		"thirdperson_lefthand": {
			"translation": [0, 4.75, 0.25],
			"scale": [0.5, 0.5, 0.5]
		},
		"firstperson_righthand": {
			"rotation": [14.5, 23.78, -5.99],
			"translation": [0.75, 7.25, -0.5]
		},
		"firstperson_lefthand": {
			"rotation": [14.5, 23.78, -5.99],
			"translation": [0.75, 7.25, -0.5]
		},
		"ground": {
			"rotation": [0, 0, 90],
			"scale": [0.5, 0.5, 0.5]
		},
		"gui": {
			"rotation": [45, 45, -45],
			"translation": [2.5, 5.25, 0]
		}
	}
}