{
	"credit": "Made with Blockbench",
	"textures": {
		"1": "item/gun/wood",
		"particle": "item/gun/metal"
	},
	"elements": [
		{
			"from": [7, -0.25, -1.75],
			"to": [9, 1.75, 17.25],
			"rotation": {"angle": 0, "axis": "y", "origin": [0, 0, -5]},
			"faces": {
				"north": {"uv": [0, 0, 2, 2], "texture": "#1"},
				"east": {"uv": [0, 0, 16, 2], "texture": "#1"},
				"south": {"uv": [0, 0, 2, 2], "texture": "#1"},
				"west": {"uv": [0, 0, 16, 2], "texture": "#1"},
				"up": {"uv": [0, 0, 2, 16], "texture": "#1"},
				"down": {"uv": [0, 0, 2, 16], "texture": "#1"}
			}
		}
	],
	"gui_light": "front",
	"display": {
		"thirdperson_righthand": {
			"rotation": [90, 0, 0],
			"translation": [0, 2.25, 4.25],
			"scale": [0.4, 0.4, 0.4]
		},
		"thirdperson_lefthand": {
			"rotation": [90, 0, 0],
			"translation": [0, 2.25, 4.25],
			"scale": [0.4, 0.4, 0.4]
		},
		"firstperson_righthand": {
			"rotation": [74.5, 0, 0],
			"translation": [-0.25, 5.75, 4],
			"scale": [0.6, 0.6, 0.6]
		},
		"firstperson_lefthand": {
			"rotation": [74.5, 0, 0],
			"translation": [-0.25, 5.75, 4],
			"scale": [0.6, 0.6, 0.6]
		},
		"ground": {
			"rotation": [0, 0, 90],
			"scale": [0.4, 0.4, 0.4]
		},
		"gui": {
			"rotation": [45, 45, -45],
			"translation": [4, 5.5, 0]
		}
	}
}