{
	"credit": "Made with Blockbench",
	"textures": {
		"1": "item/gun/metal",
		"particle": "item/gun/wood"
	},
	"elements": [
		{
			"from": [7.5, -0.61732, 6.07612],
			"to": [8.5, 5.38268, 9.07612],
			"rotation": {"angle": 0, "axis": "y", "origin": [0, 0.38268, -0.92388]},
			"faces": {
				"north": {"uv": [4, 7, 10, 8], "rotation": 90, "texture": "#1"},
				"east": {"uv": [7, 6, 13, 9], "rotation": 90, "texture": "#1"},
				"south": {"uv": [7, 8, 13, 9], "rotation": 90, "texture": "#1"},
				"west": {"uv": [5, 6, 11, 9], "rotation": 90, "texture": "#1"},
				"up": {"uv": [6, 7, 9, 8], "rotation": 90, "texture": "#1"},
				"down": {"uv": [8, 6, 11, 7], "rotation": 90, "texture": "#1"}
			}
		}
	],
	"display": {
		"thirdperson_righthand": {
			"translation": [0, 4, 1],
			"scale": [0.5, 0.5, 0.5]
		},
		"thirdperson_lefthand": {
			"translation": [0, 4, 1],
			"scale": [0.5, 0.5, 0.5]
		},
		"firstperson_righthand": {
			"rotation": [9.11, 13.45, -0.63],
			"translation": [0, 6.75, 0.75]
		},
		"firstperson_lefthand": {
			"rotation": [9.11, 13.45, -0.63],
			"translation": [0, 6.75, 0.75]
		},
		"gui": {
			"rotation": [45, 45, -45],
			"translation": [3.5, 4, 0]
		}
	}
}