{
	"credit": "Made with Blockbench",
	"textures": {
		"2": "item/gun/metal",
		"particle": "item/gun/metal"
	},
	"elements": [
		{
			"from": [7.01, -7.42388, 4.11732],
			"to": [8.01, -4.42388, 9.11732],
			"rotation": {"angle": -45, "axis": "x", "origin": [0, -0.92388, -2.38268]},
			"faces": {
				"north": {"uv": [0, 0, 1, 3], "texture": "#2"},
				"east": {"uv": [0, 0, 5, 3], "texture": "#2"},
				"south": {"uv": [0, 0, 1, 3], "texture": "#2"},
				"west": {"uv": [0, 0, 5, 3], "texture": "#2"},
				"up": {"uv": [0, 0, 1, 5], "texture": "#2"},
				"down": {"uv": [0, 0, 1, 5], "texture": "#2"}
			}
		},
		{
			"from": [7, 5.59388, 5.35258],
			"to": [8, 10.59388, 8.35258],
			"rotation": {"angle": 22.5, "axis": "x", "origin": [0, -0.90612, 1.85258]},
			"faces": {
				"north": {"uv": [0, 0, 1, 5], "rotation": 180, "texture": "#2"},
				"east": {"uv": [0, 0, 5, 3], "rotation": 90, "texture": "#2"},
				"south": {"uv": [0, 0, 1, 5], "texture": "#2"},
				"west": {"uv": [0, 0, 5, 3], "rotation": 270, "texture": "#2"},
				"up": {"uv": [0, 0, 1, 3], "texture": "#2"},
				"down": {"uv": [0, 0, 1, 3], "rotation": 180, "texture": "#2"}
			}
		}
	],
	"gui_light": "front",
	"display": {
		"thirdperson_righthand": {
			"rotation": [-51.5, 0, 0],
			"translation": [0, 3.25, -0.5],
			"scale": [0.5, 0.5, 0.5]
		},
		"thirdperson_lefthand": {
			"rotation": [-51.5, 0, 0],
			"translation": [0, 3.25, -0.5],
			"scale": [0.5, 0.5, 0.5]
		},
		"firstperson_righthand": {
			"rotation": [-37.25, 0, 0],
			"translation": [0, 5.25, -2.5]
		},
		"firstperson_lefthand": {
			"rotation": [-37.25, 0, 0],
			"translation": [0, 5.25, -2.5]
		},
		"ground": {
			"rotation": [0, 0, 90],
			"scale": [0.5, 0.5, 0.5]
		},
		"gui": {
			"rotation": [45, 45, -45],
			"translation": [1.75, 3.75, 0]
		}
	}
}