{
	"credit": "Made with Blockbench",
	"textures": {
		"0": "item/gun/iron",
		"3": "item/gun/green_metal",
		"particle": "item/gun/iron"
	},
	"elements": [
		{
			"from": [5.5, -0.75, 1.3],
			"to": [10.5, 4.25, 13.3],
			"rotation": {"angle": 0, "axis": "x", "origin": [8, -0.25, 7.5]},
			"faces": {
				"north": {"uv": [0, 6, 5, 11], "rotation": 180, "texture": "#3"},
				"east": {"uv": [0, 4, 5, 16], "rotation": 90, "texture": "#3"},
				"south": {"uv": [0, 6, 5, 11], "texture": "#3"},
				"west": {"uv": [0, 4, 5, 16], "rotation": 270, "texture": "#3"},
				"up": {"uv": [3, 4, 8, 16], "texture": "#3"},
				"down": {"uv": [0, 4, 5, 16], "rotation": 180, "texture": "#3"}
			}
		},
		{
			"from": [10.5, 0.25, 1.8],
			"to": [11.5, 3.25, 12.8],
			"rotation": {"angle": 0, "axis": "x", "origin": [8, -0.25, 7.5]},
			"faces": {
				"north": {"uv": [0, 0, 1, 3], "rotation": 180, "texture": "#3"},
				"east": {"uv": [3, 0, 6, 11], "rotation": 90, "texture": "#3"},
				"south": {"uv": [0, 0, 1, 3], "texture": "#3"},
				"west": {"uv": [0, 0, 3, 11], "rotation": 270, "texture": "#3"},
				"up": {"uv": [0, 0, 1, 11], "texture": "#3"},
				"down": {"uv": [0, 0, 1, 11], "rotation": 180, "texture": "#3"}
			}
		},
		{
			"from": [4.5, 0.25, 1.8],
			"to": [5.5, 3.25, 12.8],
			"rotation": {"angle": 0, "axis": "x", "origin": [8, -0.25, 7.5]},
			"faces": {
				"north": {"uv": [0, 0, 1, 3], "rotation": 180, "texture": "#3"},
				"east": {"uv": [0, 0, 3, 11], "rotation": 90, "texture": "#3"},
				"south": {"uv": [0, 0, 1, 3], "texture": "#3"},
				"west": {"uv": [3, 0, 6, 11], "rotation": 270, "texture": "#3"},
				"up": {"uv": [0, 0, 1, 11], "texture": "#3"},
				"down": {"uv": [0, 0, 1, 11], "rotation": 180, "texture": "#3"}
			}
		},
		{
			"from": [6.5, 4.25, 1.8],
			"to": [9.5, 5.25, 12.8],
			"rotation": {"angle": 0, "axis": "z", "origin": [8, -0.25, 7.5]},
			"faces": {
				"north": {"uv": [0, 0, 1, 3], "rotation": 90, "texture": "#3"},
				"east": {"uv": [0, 0, 1, 11], "rotation": 90, "texture": "#3"},
				"south": {"uv": [0, 0, 1, 3], "rotation": 90, "texture": "#3"},
				"west": {"uv": [0, 0, 1, 11], "rotation": 270, "texture": "#3"},
				"up": {"uv": [1, 5, 4, 16], "texture": "#3"},
				"down": {"uv": [0, 0, 3, 11], "rotation": 180, "texture": "#3"}
			}
		},
		{
			"from": [6.5, -1.75, 1.8],
			"to": [9.5, -0.75, 12.8],
			"rotation": {"angle": 0, "axis": "z", "origin": [8, -0.25, 7.5]},
			"faces": {
				"north": {"uv": [0, 0, 1, 3], "rotation": 90, "texture": "#3"},
				"east": {"uv": [0, 0, 1, 11], "rotation": 90, "texture": "#3"},
				"south": {"uv": [0, 0, 1, 3], "rotation": 90, "texture": "#3"},
				"west": {"uv": [0, 0, 1, 11], "rotation": 270, "texture": "#3"},
				"up": {"uv": [1, 9, 4, 20], "texture": "#3"},
				"down": {"uv": [0, 0, 3, 11], "rotation": 180, "texture": "#3"}
			}
		},
		{
			"from": [6.5, 5.3, 2.75],
			"to": [9.5, 5.3, 3.75],
			"rotation": {"angle": 0, "axis": "y", "origin": [8, 1.75, 1]},
			"faces": {
				"north": {"uv": [9, 6, 12, 6], "texture": "#0"},
				"east": {"uv": [2, 6, 3, 6], "texture": "#0"},
				"south": {"uv": [3, 6, 6, 6], "texture": "#0"},
				"west": {"uv": [4, 6, 5, 6], "texture": "#0"},
				"up": {"uv": [2, 6, 3, 9], "rotation": 90, "texture": "#0"},
				"down": {"uv": [2, 6, 3, 9], "rotation": 90, "texture": "#0"}
			}
		},
		{
			"from": [11.55, 0.25, 2.76],
			"to": [11.55, 3.25, 3.76],
			"rotation": {"angle": 45, "axis": "z", "origin": [8, 1.75, 1]},
			"faces": {
				"north": {"uv": [9, 6, 12, 6], "rotation": 270, "texture": "#0"},
				"east": {"uv": [2, 6, 3, 9], "rotation": 180, "texture": "#0"},
				"south": {"uv": [3, 6, 6, 6], "rotation": 90, "texture": "#0"},
				"west": {"uv": [2, 6, 3, 9], "rotation": 180, "texture": "#0"},
				"up": {"uv": [4, 6, 5, 6], "rotation": 90, "texture": "#0"},
				"down": {"uv": [2, 6, 3, 6], "rotation": 90, "texture": "#0"}
			}
		},
		{
			"from": [11.525, 0.25, 2.75],
			"to": [11.525, 3.25, 3.75],
			"rotation": {"angle": 0, "axis": "z", "origin": [8, 1.75, 1]},
			"faces": {
				"north": {"uv": [9, 6, 12, 6], "rotation": 270, "texture": "#0"},
				"east": {"uv": [2, 6, 3, 9], "rotation": 180, "texture": "#0"},
				"south": {"uv": [3, 6, 6, 6], "rotation": 90, "texture": "#0"},
				"west": {"uv": [2, 6, 3, 9], "rotation": 180, "texture": "#0"},
				"up": {"uv": [4, 6, 5, 6], "rotation": 90, "texture": "#0"},
				"down": {"uv": [2, 6, 3, 6], "rotation": 90, "texture": "#0"}
			}
		},
		{
			"from": [11.55, 0.25, 2.76],
			"to": [11.55, 3.25, 3.76],
			"rotation": {"angle": -45, "axis": "z", "origin": [8, 1.75, 1]},
			"faces": {
				"north": {"uv": [9, 6, 12, 6], "rotation": 270, "texture": "#0"},
				"east": {"uv": [2, 6, 3, 9], "rotation": 180, "texture": "#0"},
				"south": {"uv": [3, 6, 6, 6], "rotation": 90, "texture": "#0"},
				"west": {"uv": [2, 6, 3, 9], "rotation": 180, "texture": "#0"},
				"up": {"uv": [4, 6, 5, 6], "rotation": 90, "texture": "#0"},
				"down": {"uv": [2, 6, 3, 6], "rotation": 90, "texture": "#0"}
			}
		},
		{
			"from": [6.5, -1.775, 2.75],
			"to": [9.5, -1.775, 3.75],
			"rotation": {"angle": 0, "axis": "z", "origin": [8, 1.75, 1]},
			"faces": {
				"north": {"uv": [9, 6, 12, 6], "rotation": 180, "texture": "#0"},
				"east": {"uv": [4, 6, 5, 6], "rotation": 180, "texture": "#0"},
				"south": {"uv": [3, 6, 6, 6], "rotation": 180, "texture": "#0"},
				"west": {"uv": [2, 6, 3, 6], "rotation": 180, "texture": "#0"},
				"up": {"uv": [2, 6, 3, 9], "rotation": 270, "texture": "#0"},
				"down": {"uv": [2, 6, 3, 9], "rotation": 270, "texture": "#0"}
			}
		},
		{
			"from": [6.5, -1.8, 2.76],
			"to": [9.5, -1.8, 3.76],
			"rotation": {"angle": -45, "axis": "z", "origin": [8, 1.75, 1]},
			"faces": {
				"north": {"uv": [9, 6, 12, 6], "rotation": 180, "texture": "#0"},
				"east": {"uv": [4, 6, 5, 6], "rotation": 180, "texture": "#0"},
				"south": {"uv": [3, 6, 6, 6], "rotation": 180, "texture": "#0"},
				"west": {"uv": [2, 6, 3, 6], "rotation": 180, "texture": "#0"},
				"up": {"uv": [2, 6, 3, 9], "rotation": 270, "texture": "#0"},
				"down": {"uv": [2, 6, 3, 9], "rotation": 270, "texture": "#0"}
			}
		},
		{
			"from": [4.475, 0.25, 2.75],
			"to": [4.475, 3.25, 3.75],
			"rotation": {"angle": 0, "axis": "z", "origin": [8, 1.75, 1]},
			"faces": {
				"north": {"uv": [9, 6, 12, 6], "rotation": 90, "texture": "#0"},
				"east": {"uv": [2, 6, 3, 9], "texture": "#0"},
				"south": {"uv": [3, 6, 6, 6], "rotation": 270, "texture": "#0"},
				"west": {"uv": [2, 6, 3, 9], "texture": "#0"},
				"up": {"uv": [2, 6, 3, 6], "rotation": 270, "texture": "#0"},
				"down": {"uv": [4, 6, 5, 6], "rotation": 270, "texture": "#0"}
			}
		},
		{
			"from": [6.5, 5.3, 2.76],
			"to": [9.5, 5.3, 3.76],
			"rotation": {"angle": 45, "axis": "z", "origin": [8, 1.75, 1]},
			"faces": {
				"north": {"uv": [9, 6, 12, 6], "texture": "#0"},
				"east": {"uv": [2, 6, 3, 6], "texture": "#0"},
				"south": {"uv": [3, 6, 6, 6], "texture": "#0"},
				"west": {"uv": [4, 6, 5, 6], "texture": "#0"},
				"up": {"uv": [2, 6, 3, 9], "rotation": 90, "texture": "#0"},
				"down": {"uv": [2, 6, 3, 9], "rotation": 90, "texture": "#0"}
			}
		},
		{
			"from": [11.55, 0.25, 10.76],
			"to": [11.55, 3.25, 11.76],
			"rotation": {"angle": 45, "axis": "z", "origin": [8, 1.75, 9]},
			"faces": {
				"north": {"uv": [9, 6, 12, 6], "rotation": 270, "texture": "#0"},
				"east": {"uv": [2, 6, 3, 9], "rotation": 180, "texture": "#0"},
				"south": {"uv": [3, 6, 6, 6], "rotation": 90, "texture": "#0"},
				"west": {"uv": [2, 6, 3, 9], "rotation": 180, "texture": "#0"},
				"up": {"uv": [4, 6, 5, 6], "rotation": 90, "texture": "#0"},
				"down": {"uv": [2, 6, 3, 6], "rotation": 90, "texture": "#0"}
			}
		},
		{
			"from": [11.525, 0.25, 10.75],
			"to": [11.525, 3.25, 11.75],
			"rotation": {"angle": 0, "axis": "z", "origin": [8, 1.75, 9]},
			"faces": {
				"north": {"uv": [9, 6, 12, 6], "rotation": 270, "texture": "#0"},
				"east": {"uv": [2, 6, 3, 9], "rotation": 180, "texture": "#0"},
				"south": {"uv": [3, 6, 6, 6], "rotation": 90, "texture": "#0"},
				"west": {"uv": [2, 6, 3, 9], "rotation": 180, "texture": "#0"},
				"up": {"uv": [4, 6, 5, 6], "rotation": 90, "texture": "#0"},
				"down": {"uv": [2, 6, 3, 6], "rotation": 90, "texture": "#0"}
			}
		},
		{
			"from": [6.5, 5.3, 10.75],
			"to": [9.5, 5.3, 11.75],
			"rotation": {"angle": 0, "axis": "y", "origin": [8, 1.75, 9]},
			"faces": {
				"north": {"uv": [9, 6, 12, 6], "texture": "#0"},
				"east": {"uv": [2, 6, 3, 6], "texture": "#0"},
				"south": {"uv": [3, 6, 6, 6], "texture": "#0"},
				"west": {"uv": [4, 6, 5, 6], "texture": "#0"},
				"up": {"uv": [2, 6, 3, 9], "rotation": 90, "texture": "#0"},
				"down": {"uv": [2, 6, 3, 9], "rotation": 90, "texture": "#0"}
			}
		},
		{
			"from": [6.5, 5.3, 10.76],
			"to": [9.5, 5.3, 11.76],
			"rotation": {"angle": 45, "axis": "z", "origin": [8, 1.75, 9]},
			"faces": {
				"north": {"uv": [9, 6, 12, 6], "texture": "#0"},
				"east": {"uv": [2, 6, 3, 6], "texture": "#0"},
				"south": {"uv": [3, 6, 6, 6], "texture": "#0"},
				"west": {"uv": [4, 6, 5, 6], "texture": "#0"},
				"up": {"uv": [2, 6, 3, 9], "rotation": 90, "texture": "#0"},
				"down": {"uv": [2, 6, 3, 9], "rotation": 90, "texture": "#0"}
			}
		},
		{
			"from": [4.475, 0.25, 10.75],
			"to": [4.475, 3.25, 11.75],
			"rotation": {"angle": 0, "axis": "z", "origin": [8, 1.75, 9]},
			"faces": {
				"north": {"uv": [9, 6, 12, 6], "rotation": 90, "texture": "#0"},
				"east": {"uv": [2, 6, 3, 9], "texture": "#0"},
				"south": {"uv": [3, 6, 6, 6], "rotation": 270, "texture": "#0"},
				"west": {"uv": [2, 6, 3, 9], "texture": "#0"},
				"up": {"uv": [2, 6, 3, 6], "rotation": 270, "texture": "#0"},
				"down": {"uv": [4, 6, 5, 6], "rotation": 270, "texture": "#0"}
			}
		},
		{
			"from": [6.5, -1.775, 10.75],
			"to": [9.5, -1.775, 11.75],
			"rotation": {"angle": 0, "axis": "z", "origin": [8, 1.75, 9]},
			"faces": {
				"north": {"uv": [9, 6, 12, 6], "rotation": 180, "texture": "#0"},
				"east": {"uv": [4, 6, 5, 6], "rotation": 180, "texture": "#0"},
				"south": {"uv": [3, 6, 6, 6], "rotation": 180, "texture": "#0"},
				"west": {"uv": [2, 6, 3, 6], "rotation": 180, "texture": "#0"},
				"up": {"uv": [2, 6, 3, 9], "rotation": 270, "texture": "#0"},
				"down": {"uv": [2, 6, 3, 9], "rotation": 270, "texture": "#0"}
			}
		},
		{
			"from": [6.5, -1.8, 10.76],
			"to": [9.5, -1.8, 11.76],
			"rotation": {"angle": -45, "axis": "z", "origin": [8, 1.75, 9]},
			"faces": {
				"north": {"uv": [9, 6, 12, 6], "rotation": 180, "texture": "#0"},
				"east": {"uv": [4, 6, 5, 6], "rotation": 180, "texture": "#0"},
				"south": {"uv": [3, 6, 6, 6], "rotation": 180, "texture": "#0"},
				"west": {"uv": [2, 6, 3, 6], "rotation": 180, "texture": "#0"},
				"up": {"uv": [2, 6, 3, 9], "rotation": 270, "texture": "#0"},
				"down": {"uv": [2, 6, 3, 9], "rotation": 270, "texture": "#0"}
			}
		},
		{
			"from": [11.55, 0.25, 10.76],
			"to": [11.55, 3.25, 11.76],
			"rotation": {"angle": -45, "axis": "z", "origin": [8, 1.75, 9]},
			"faces": {
				"north": {"uv": [9, 6, 12, 6], "rotation": 270, "texture": "#0"},
				"east": {"uv": [2, 6, 3, 9], "rotation": 180, "texture": "#0"},
				"south": {"uv": [3, 6, 6, 6], "rotation": 90, "texture": "#0"},
				"west": {"uv": [2, 6, 3, 9], "rotation": 180, "texture": "#0"},
				"up": {"uv": [4, 6, 5, 6], "rotation": 90, "texture": "#0"},
				"down": {"uv": [2, 6, 3, 6], "rotation": 90, "texture": "#0"}
			}
		}
	],
	"gui_light": "front",
	"display": {
		"thirdperson_righthand": {
			"rotation": [90, 0, 0],
			"translation": [0, 2.25, 5.25],
			"scale": [0.55, 0.55, 0.55]
		},
		"thirdperson_lefthand": {
			"rotation": [90, 0, 0],
			"translation": [0, 2.25, 5.25],
			"scale": [0.55, 0.55, 0.55]
		},
		"firstperson_righthand": {
			"rotation": [84.99, 9.13, 14.51],
			"translation": [-1.5, 2, 2.5]
		},
		"firstperson_lefthand": {
			"rotation": [84.99, 9.13, 14.51],
			"translation": [-1.5, 2, 2.5]
		},
		"gui": {
			"rotation": [45, 45, -45],
			"translation": [3.5, 4.25, 0]
		},
		"head": {
			"translation": [0, -5.75, -9.5],
			"scale": [4, 4, 4]
		}
	}
}